Market Cap Rank,S.No.,Name,Ticker,Industry,YFinance Ticker,Screener URL,Market Cap As Of,Market Cap Source,Market Cap Cr
1,160,Reliance Industries,RELIANCE,Oil & Gas,RELIANCE.NS,https://www.screener.in/company/RELIANCE/consolidated/,2026-07-16,Saved Screener.in FII scan,1754628.0
2,196,HDFC Bank,HDFCBANK,Banks,HDFCBANK.NS,https://www.screener.in/company/HDFCBANK/consolidated/,2026-07-16,Saved Screener.in FII scan,1232106.0
3,137,Bharti Airtel,BHARTIARTL,Telecom,BHARTIARTL.NS,https://www.screener.in/company/BHARTIARTL/consolidated/,2026-07-16,Saved Screener.in FII scan,1136244.0
4,195,ICICI Bank,ICICIBANK,Banks,ICICIBANK.NS,https://www.screener.in/company/ICICIBANK/consolidated/,2026-07-16,Saved Screener.in FII scan,987233.0
5,208,SBI,SBIN,Banks,SBIN.NS,https://www.screener.in/company/SBIN/consolidated/,2026-07-16,Saved Screener.in FII scan,957861.0
6,7,TCS,TCS,IT,TCS.NS,https://www.screener.in/company/TCS/consolidated/,2026-07-16,Saved Screener.in FII scan,739320.0
7,150,Bajaj Finance,BAJFINANCE,Financial Services,BAJFINANCE.NS,https://www.screener.in/company/BAJFINANCE/consolidated/,2026-07-16,Saved Screener.in FII scan,620105.0
8,125,Larsen & Toubro,LT,Construction,LT.NS,https://www.screener.in/company/LT/consolidated/,2026-07-16,Saved Screener.in FII scan,571973.0
9,12,Life Insurance,LICI,Insurance,LICI.NS,https://www.screener.in/company/LICI/consolidated/,2026-07-16,Saved Screener.in FII scan,545088.0
10,53,Hind. Unilever,HINDUNILVR,FMCG,HINDUNILVR.NS,https://www.screener.in/company/HINDUNILVR/consolidated/,2026-07-16,Saved Screener.in FII scan,497749.0
11,85,Sun Pharma.Inds.,SUNPHARMA,Pharmaceuticals,SUNPHARMA.NS,https://www.screener.in/company/SUNPHARMA/consolidated/,2026-07-16,Saved Screener.in FII scan,449396.0
12,76,Maruti Suzuki,MARUTI,Automobile,MARUTI.NS,https://www.screener.in/company/MARUTI/consolidated/,2026-07-16,Saved Screener.in FII scan,443543.0
13,72,Adani Power,ADANIPOWER,Power,ADANIPOWER.NS,https://www.screener.in/company/ADANIPOWER/consolidated/,2026-07-16,Saved Screener.in FII scan,431302.0
14,214,Axis Bank,AXISBANK,Banks,AXISBANK.NS,https://www.screener.in/company/AXISBANK/consolidated/,2026-07-16,Saved Screener.in FII scan,421866.0
15,134,Adani Ports,ADANIPORTS,Port,ADANIPORTS.NS,https://www.screener.in/company/ADANIPORTS/consolidated/,2026-07-16,Saved Screener.in FII scan,415865.0
16,26,Infosys,INFY,IT,INFY.NS,https://www.screener.in/company/INFY/consolidated/,2026-07-16,Saved Screener.in FII scan,409633.0
17,185,Kotak Mah. Bank,KOTAKBANK,Banks,KOTAKBANK.NS,https://www.screener.in/company/KOTAKBANK/consolidated/,2026-07-16,Saved Screener.in FII scan,391751.0
18,173,Adani Enterp.,ADANIENT,Diversified,ADANIENT.NS,https://www.screener.in/company/ADANIENT/consolidated/,2026-07-16,Saved Screener.in FII scan,390031.0
19,93,Titan Company,TITAN,Consumer Durables,TITAN.NS,https://www.screener.in/company/TITAN/consolidated/,2026-07-16,Saved Screener.in FII scan,389712.0
20,130,M & M,M&M,Automobile,M&M.NS,https://www.screener.in/company/M&M/consolidated/,2026-07-16,Saved Screener.in FII scan,386060.0
21,33,ITC,ITC,FMCG,ITC.NS,https://www.screener.in/company/ITC/consolidated/,2026-07-16,Saved Screener.in FII scan,360222.0
22,153,NTPC,NTPC,Power,NTPC.NS,https://www.screener.in/company/NTPC/consolidated/,2026-07-16,Saved Screener.in FII scan,343989.0
23,152,UltraTech Cem.,ULTRACEMCO,Cement,ULTRACEMCO.NS,https://www.screener.in/company/ULTRACEMCO/consolidated/,2026-07-16,Saved Screener.in FII scan,333133.0
24,188,JSW Steel,JSWSTEEL,Metals,JSWSTEEL.NS,https://www.screener.in/company/JSWSTEEL/consolidated/,2026-07-16,Saved Screener.in FII scan,301084.0
25,28,Bharat Electron,BEL,Capital Goods,BEL.NS,https://www.screener.in/company/BEL/consolidated/,2026-07-16,Saved Screener.in FII scan,300797.0
26,147,O N G C,ONGC,Oil & Gas,ONGC.NS,https://www.screener.in/company/ONGC/consolidated/,2026-07-16,Saved Screener.in FII scan,294630.0
27,37,Hind.Aeronautics,HAL,Aerospace & Defence,HAL.NS,https://www.screener.in/company/HAL/consolidated/,2026-07-16,Saved Screener.in FII scan,293629.0
28,41,HCL Technologies,HCLTECH,IT,HCLTECH.NS,https://www.screener.in/company/HCLTECH/consolidated/,2026-07-16,Saved Screener.in FII scan,292994.0
29,98,Avenue Super.,DMART,Retail,DMART.NS,https://www.screener.in/company/DMART/consolidated/,2026-07-16,Saved Screener.in FII scan,285407.0
30,151,Bajaj Finserv,BAJAJFINSV,Financial Services,BAJAJFINSV.NS,https://www.screener.in/company/BAJAJFINSV/consolidated/,2026-07-16,Saved Screener.in FII scan,284162.0
31,51,Bajaj Auto,BAJAJ-AUTO,Automobile,BAJAJ-AUTO.NS,https://www.screener.in/company/BAJAJ-AUTO/consolidated/,2026-07-16,Saved Screener.in FII scan,271595.0
32,15,Coal India,COALINDIA,Mining,COALINDIA.NS,https://www.screener.in/company/COALINDIA/consolidated/,2026-07-16,Saved Screener.in FII scan,271006.0
33,3,Nestle India,NESTLEIND,FMCG,NESTLEIND.NS,https://www.screener.in/company/NESTLEIND/consolidated/,2026-07-16,Saved Screener.in FII scan,270292.0
34,143,Power Grid Corpn,POWERGRID,Power,POWERGRID.NS,https://www.screener.in/company/POWERGRID/consolidated/,2026-07-16,Saved Screener.in FII scan,266369.0
35,58,Asian Paints,ASIANPAINT,Paints,ASIANPAINT.NS,https://www.screener.in/company/ASIANPAINT/consolidated/,2026-07-16,Saved Screener.in FII scan,255530.0
36,228,Eternal,ETERNAL,,ETERNAL.NS,https://www.screener.in/company/ETERNAL/consolidated/,2026-07-16,Saved Screener.in FII scan,253901.0
37,149,Shriram Finance,SHRIRAMFIN,Financial Services,SHRIRAMFIN.NS,https://www.screener.in/company/SHRIRAMFIN/consolidated/,2026-07-16,Saved Screener.in FII scan,245786.0
38,198,Adani Green,ADANIGREEN,Power,ADANIGREEN.NS,https://www.screener.in/company/ADANIGREEN/consolidated/,2026-07-16,Saved Screener.in FII scan,245207.0
39,179,Tata Steel,TATASTEEL,Metals,TATASTEEL.NS,https://www.screener.in/company/TATASTEEL/consolidated/,2026-07-16,Saved Screener.in FII scan,235876.0
40,4,Hindustan Zinc,HINDZINC,Metals & Mining,HINDZINC.NS,https://www.screener.in/company/HINDZINC/consolidated/,2026-07-16,Saved Screener.in FII scan,222759.0
41,121,Hindalco Inds.,HINDALCO,Metals,HINDALCO.NS,https://www.screener.in/company/HINDALCO/consolidated/,2026-07-16,Saved Screener.in FII scan,216048.0
42,192,Grasim Inds,GRASIM,Cement,GRASIM.NS,https://www.screener.in/company/GRASIM/consolidated/,2026-07-16,Saved Screener.in FII scan,211762.0
43,104,Interglobe Aviat,INDIGO,Airlines,INDIGO.NS,https://www.screener.in/company/INDIGO/consolidated/,2026-07-16,Saved Screener.in FII scan,206792.0
44,194,I O C L,IOC,Oil & Gas,IOC.NS,https://www.screener.in/company/IOC/consolidated/,2026-07-16,Saved Screener.in FII scan,196991.0
45,45,Eicher Motors,EICHERMOT,Automobile,EICHERMOT.NS,https://www.screener.in/company/EICHERMOT/consolidated/,2026-07-16,Saved Screener.in FII scan,196321.0
46,99,Wipro,WIPRO,IT,WIPRO.NS,https://www.screener.in/company/WIPRO/consolidated/,2026-07-16,Saved Screener.in FII scan,180083.0
47,168,Adani Energy Sol,ADANIENSOL,Power,ADANIENSOL.NS,https://www.screener.in/company/ADANIENSOL/consolidated/,2026-07-16,Saved Screener.in FII scan,177556.0
48,119,SBI Life Insuran,SBILIFE,Insurance,SBILIFE.NS,https://www.screener.in/company/SBILIFE/consolidated/,2026-09-23,Yahoo Finance,176599.29
49,54,Trent,TRENT,Retail,TRENT.NS,https://www.screener.in/company/TRENT/consolidated/,2026-07-16,Saved Screener.in FII scan,175116.0
50,80,Divi's Lab.,DIVISLAB,Pharmaceuticals,DIVISLAB.NS,https://www.screener.in/company/DIVISLAB/consolidated/,2026-07-16,Saved Screener.in FII scan,174413.0
51,88,Varun Beverages,VBL,Beverages,VBL.NS,https://www.screener.in/company/VBL/consolidated/,2026-07-16,Saved Screener.in FII scan,170688.0
52,117,TVS Motor Co.,TVSMOTOR,Automobile,TVSMOTOR.NS,https://www.screener.in/company/TVSMOTOR/consolidated/,2026-07-16,Saved Screener.in FII scan,165886.0
53,30,Solar Industries,SOLARINDS,Chemicals,SOLARINDS.NS,https://www.screener.in/company/SOLARINDS/consolidated/,2026-07-16,Saved Screener.in FII scan,165816.0
54,362,ICICI Prudential Asset Management Company Ltd.,ICICIAMC,Financial Services,ICICIAMC.NS,https://www.screener.in/company/ICICIAMC/consolidated/,2026-07-16,Saved Screener.in FII scan,161899.0
55,44,Pidilite Inds.,PIDILITIND,Chemicals,PIDILITIND.NS,https://www.screener.in/company/PIDILITIND/consolidated/,2026-07-16,Saved Screener.in FII scan,161791.0
56,16,BSE,BSE,Financial Services,BSE.NS,https://www.screener.in/company/BSE/consolidated/,2026-07-16,Saved Screener.in FII scan,159172.0
57,135,Samvardh. Mothe.,MOTHERSON,Auto Ancillaries,MOTHERSON.NS,https://www.screener.in/company/MOTHERSON/consolidated/,2026-07-16,Saved Screener.in FII scan,158633.0
58,55,Torrent Pharma.,TORNTPHARM,Pharmaceuticals,TORNTPHARM.NS,https://www.screener.in/company/TORNTPHARM/consolidated/,2026-07-16,Saved Screener.in FII scan,157602.0
59,478,Tata Motors Ltd.,TMCV,Capital Goods,TMCV.NS,https://www.screener.in/company/TMCV/consolidated/,2026-07-16,Saved Screener.in FII scan,157456.0
60,230,Vodafone Idea,IDEA,Telecom,IDEA.NS,https://www.screener.in/company/IDEA/consolidated/,2026-07-16,Saved Screener.in FII scan,156772.0
61,229,Jio Financial,JIOFIN,Financial Services,JIOFIN.NS,https://www.screener.in/company/JIOFIN/consolidated/,2026-07-16,Saved Screener.in FII scan,156759.0
62,34,Cummins India,CUMMINSIND,Capital Goods,CUMMINSIND.NS,https://www.screener.in/company/CUMMINSIND/consolidated/,2026-07-16,Saved Screener.in FII scan,156341.0
63,11,Hyundai Motor I,HYUNDAI,Automobile,HYUNDAI.NS,https://www.screener.in/company/HYUNDAI/consolidated/,2026-07-16,Saved Screener.in FII scan,156154.0
64,162,Cholaman.Inv.&Fn,CHOLAFIN,Financial Services,CHOLAFIN.NS,https://www.screener.in/company/CHOLAFIN/consolidated/,2026-07-16,Saved Screener.in FII scan,153142.0
65,206,DLF,DLF,Real Estate,DLF.NS,https://www.screener.in/company/DLF/consolidated/,2026-07-16,Saved Screener.in FII scan,152850.0
66,182,Tata Capital,TATACAP,Financial Services,TATACAP.NS,https://www.screener.in/company/TATACAP/consolidated/,2026-07-16,Saved Screener.in FII scan,151966.0
67,31,CG Power & Ind,CGPOWER,Capital Goods,CGPOWER.NS,https://www.screener.in/company/CGPOWER/consolidated/,2026-07-16,Saved Screener.in FII scan,150600.0
68,46,Polycab India,POLYCAB,Capital Goods,POLYCAB.NS,https://www.screener.in/company/POLYCAB/consolidated/,2026-07-16,Saved Screener.in FII scan,149942.0
69,43,A B B,ABB,Capital Goods,ABB.NS,https://www.screener.in/company/ABB/consolidated/,2026-07-16,Saved Screener.in FII scan,149895.0
70,225,B H E L,BHEL,Capital Goods,BHEL.NS,https://www.screener.in/company/BHEL/consolidated/,2026-07-16,Saved Screener.in FII scan,145672.0
71,212,Bank of Baroda,BANKBARODA,Banks,BANKBARODA.NS,https://www.screener.in/company/BANKBARODA/consolidated/,2026-07-16,Saved Screener.in FII scan,141773.0
72,167,Power Fin.Corpn.,PFC,Financial Services,PFC.NS,https://www.screener.in/company/PFC/consolidated/,2026-07-16,Saved Screener.in FII scan,140650.0
73,90,Hitachi Energy,POWERINDIA,Capital Goods,POWERINDIA.NS,https://www.screener.in/company/POWERINDIA/consolidated/,2026-09-23,Yahoo Finance,138842.91
74,67,Tech Mahindra,TECHM,IT,TECHM.NS,https://www.screener.in/company/TECHM/consolidated/,2026-07-16,Saved Screener.in FII scan,137948.0
75,211,Union Bank (I),UNIONBANK,Banks,UNIONBANK.NS,https://www.screener.in/company/UNIONBANK/consolidated/,2026-07-16,Saved Screener.in FII scan,132367.0
76,111,B P C L,BPCL,Oil & Gas,BPCL.NS,https://www.screener.in/company/BPCL/consolidated/,2026-07-16,Saved Screener.in FII scan,131782.0
77,86,Tata Motors PVeh,TMPV,Automobile,TMPV.NS,https://www.screener.in/company/TMPV/consolidated/,2026-07-16,Saved Screener.in FII scan,130732.0
78,32,Billionbrains,GROWW,,GROWW.NS,https://www.screener.in/company/GROWW/consolidated/,2026-07-16,Saved Screener.in FII scan,129550.0
79,115,Siemens,SIEMENS,Capital Goods,SIEMENS.NS,https://www.screener.in/company/SIEMENS/consolidated/,2026-07-16,Saved Screener.in FII scan,128524.0
80,10,GE Vernova T&D,GVT&D,Capital Goods,GVT&D.NS,https://www.screener.in/company/GVT&D/consolidated/,2026-07-16,Saved Screener.in FII scan,127974.0
81,163,HDFC Life Insur.,HDFCLIFE,Insurance,HDFCLIFE.NS,https://www.screener.in/company/HDFCLIFE/consolidated/,2026-07-16,Saved Screener.in FII scan,125124.0
82,108,Apollo Hospitals,APOLLOHOSP,Healthcare,APOLLOHOSP.NS,https://www.screener.in/company/APOLLOHOSP/consolidated/,2026-07-16,Saved Screener.in FII scan,124912.0
83,13,Britannia Inds.,BRITANNIA,FMCG,BRITANNIA.NS,https://www.screener.in/company/BRITANNIA/consolidated/,2026-07-16,Saved Screener.in FII scan,123752.0
84,154,Tata Power Co.,TATAPOWER,Power,TATAPOWER.NS,https://www.screener.in/company/TATAPOWER/consolidated/,2026-07-16,Saved Screener.in FII scan,123244.0
85,210,Punjab Natl.Bank,PNB,Banks,PNB.NS,https://www.screener.in/company/PNB/consolidated/,2026-07-16,Saved Screener.in FII scan,122687.0
86,139,Muthoot Finance,MUTHOOTFIN,Financial Services,MUTHOOTFIN.NS,https://www.screener.in/company/MUTHOOTFIN/consolidated/,2026-07-16,Saved Screener.in FII scan,121019.0
87,69,Cipla,CIPLA,Pharmaceuticals,CIPLA.NS,https://www.screener.in/company/CIPLA/consolidated/,2026-07-16,Saved Screener.in FII scan,118996.0
88,199,GMR Airports,GMRAIRPORT,Infrastructure,GMRAIRPORT.NS,https://www.screener.in/company/GMRAIRPORT/consolidated/,2026-07-16,Saved Screener.in FII scan,118894.0
89,79,Bosch,BOSCHLTD,Auto Ancillaries,BOSCHLTD.NS,https://www.screener.in/company/BOSCHLTD/consolidated/,2026-07-16,Saved Screener.in FII scan,118191.0
90,166,Bajaj Holdings,BAJAJHLDNG,Financial Services,BAJAJHLDNG.NS,https://www.screener.in/company/BAJAJHLDNG/consolidated/,2026-07-16,Saved Screener.in FII scan,116410.0
91,9,LG Electronics,LGEINDIA,,LGEINDIA.NS,https://www.screener.in/company/LGEINDIA/consolidated/,2026-09-23,Yahoo Finance,114997.62
92,128,GAIL (India),GAIL,Gas,GAIL.NS,https://www.screener.in/company/GAIL/consolidated/,2026-07-16,Saved Screener.in FII scan,114571.0
93,5,Siemens Ener.Ind,ENRIN,Capital Goods,ENRIN.NS,https://www.screener.in/company/ENRIN/consolidated/,2026-09-23,Yahoo Finance,114471.37
94,22,HDFC AMC,HDFCAMC,Financial Services,HDFCAMC.NS,https://www.screener.in/company/HDFCAMC/consolidated/,2026-07-16,Saved Screener.in FII scan,113600.0
95,71,Dr Reddy's Labs,DRREDDY,Pharmaceuticals,DRREDDY.NS,https://www.screener.in/company/DRREDDY/consolidated/,2026-07-16,Saved Screener.in FII scan,113558.0
96,200,Canara Bank,CANBK,Banks,CANBK.NS,https://www.screener.in/company/CANBK/consolidated/,2026-07-16,Saved Screener.in FII scan,113338.0
97,63,Zydus Lifesci.,ZYDUSLIFE,Pharmaceuticals,ZYDUSLIFE.NS,https://www.screener.in/company/ZYDUSLIFE/consolidated/,2026-07-16,Saved Screener.in FII scan,112794.0
98,120,Max Healthcare,MAXHEALTH,Healthcare,MAXHEALTH.NS,https://www.screener.in/company/MAXHEALTH/consolidated/,2026-07-16,Saved Screener.in FII scan,111529.0
99,77,Lupin,LUPIN,Pharmaceuticals,LUPIN.NS,https://www.screener.in/company/LUPIN/consolidated/,2026-07-16,Saved Screener.in FII scan,110387.0
100,209,Indian Bank,INDIANB,Banks,INDIANB.NS,https://www.screener.in/company/INDIANB/consolidated/,2026-07-16,Saved Screener.in FII scan,109663.0
101,60,Vedanta,VEDL,Metals,VEDL.NS,https://www.screener.in/company/VEDL/consolidated/,2026-07-16,Saved Screener.in FII scan,109647.0
102,156,Jindal Steel,JINDALSTEL,Metals,JINDALSTEL.NS,https://www.screener.in/company/JINDALSTEL/consolidated/,2026-07-16,Saved Screener.in FII scan,108787.0
103,19,Marico,MARICO,FMCG,MARICO.NS,https://www.screener.in/company/MARICO/consolidated/,2026-07-16,Saved Screener.in FII scan,108740.0
104,175,Aditya Birla Cap,ABCAPITAL,Financial Services,ABCAPITAL.NS,https://www.screener.in/company/ABCAPITAL/consolidated/,2026-07-16,Saved Screener.in FII scan,107236.0
105,207,JSW Energy,JSWENERGY,Power,JSWENERGY.NS,https://www.screener.in/company/JSWENERGY/consolidated/,2026-07-16,Saved Screener.in FII scan,106498.0
106,176,Tata Consumer,TATACONSUM,FMCG,TATACONSUM.NS,https://www.screener.in/company/TATACONSUM/consolidated/,2026-07-16,Saved Screener.in FII scan,106288.0
107,47,LTM,LTM,IT,LTM.NS,https://www.screener.in/company/LTM/consolidated/,2026-07-16,Saved Screener.in FII scan,105953.0
108,221,I R F C,IRFC,Financial Services,IRFC.NS,https://www.screener.in/company/IRFC/consolidated/,2026-09-23,Yahoo Finance,105854.9
109,159,Ambuja Cements,AMBUJACEM,Cement,AMBUJACEM.NS,https://www.screener.in/company/AMBUJACEM/consolidated/,2026-07-16,Saved Screener.in FII scan,104959.0
110,113,Mankind Pharma,MANKIND,Pharmaceuticals,MANKIND.NS,https://www.screener.in/company/MANKIND/consolidated/,2026-07-16,Saved Screener.in FII scan,104430.0
111,49,Indus Towers,INDUSTOWER,Telecom,INDUSTOWER.NS,https://www.screener.in/company/INDUSTOWER/consolidated/,2026-07-16,Saved Screener.in FII scan,103719.0
112,92,Godrej Consumer,GODREJCP,FMCG,GODREJCP.NS,https://www.screener.in/company/GODREJCP/consolidated/,2026-07-16,Saved Screener.in FII scan,103348.0
113,145,Bharat Forge,BHARATFORG,Auto Ancillaries,BHARATFORG.NS,https://www.screener.in/company/BHARATFORG/consolidated/,2026-07-16,Saved Screener.in FII scan,102454.0
114,105,Indian Hotels Co,INDHOTEL,Hospitality,INDHOTEL.NS,https://www.screener.in/company/INDHOTEL/consolidated/,2026-07-16,Saved Screener.in FII scan,102025.0
115,29,Lloyds Metals,LLOYDSME,Metals,LLOYDSME.NS,https://www.screener.in/company/LLOYDSME/consolidated/,2026-07-16,Saved Screener.in FII scan,101093.0
116,21,Mazagon Dock,MAZDOCK,Shipbuilding,MAZDOCK.NS,https://www.screener.in/company/MAZDOCK/consolidated/,2026-07-16,Saved Screener.in FII scan,100968.0
117,56,United Spirits,UNITDSPR,Beverages,UNITDSPR.NS,https://www.screener.in/company/UNITDSPR/consolidated/,2026-07-16,Saved Screener.in FII scan,98251.0
118,164,REC Ltd,RECLTD,Financial Services,RECLTD.NS,https://www.screener.in/company/RECLTD/consolidated/,2026-07-16,Saved Screener.in FII scan,96218.0
119,42,Hero Motocorp,HEROMOTOCO,Automobile,HEROMOTOCO.NS,https://www.screener.in/company/HEROMOTOCO/consolidated/,2026-07-16,Saved Screener.in FII scan,96015.0
120,109,Lodha Developers,LODHA,Real Estate,LODHA.NS,https://www.screener.in/company/LODHA/consolidated/,2026-07-16,Saved Screener.in FII scan,94699.0
121,18,Oracle Fin.Serv.,OFSS,IT,OFSS.NS,https://www.screener.in/company/OFSS/consolidated/,2026-07-16,Saved Screener.in FII scan,94038.0
122,126,Ashok Leyland,ASHOKLEY,Automobile,ASHOKLEY.NS,https://www.screener.in/company/ASHOKLEY/consolidated/,2026-07-16,Saved Screener.in FII scan,93365.0
123,127,Aurobindo Pharma,AUROPHARMA,Pharmaceuticals,AUROPHARMA.NS,https://www.screener.in/company/AUROPHARMA/consolidated/,2026-07-16,Saved Screener.in FII scan,91648.0
124,203,Shree Cement,SHREECEM,Cement,SHREECEM.NS,https://www.screener.in/company/SHREECEM/consolidated/,2026-07-16,Saved Screener.in FII scan,91248.0
125,201,IDBI Bank,IDBI,Banks,IDBI.NS,https://www.screener.in/company/IDBI/consolidated/,2026-07-16,Saved Screener.in FII scan,91073.0
126,223,Lenskart Solut.,LENSKART,,LENSKART.NS,https://www.screener.in/company/LENSKART/consolidated/,2026-07-16,Saved Screener.in FII scan,89057.0
127,231,Meesho,MEESHO,,MEESHO.NS,https://www.screener.in/company/MEESHO/consolidated/,2026-07-16,Saved Screener.in FII scan,88947.0
128,171,FSN E-Commerce,NYKAA,Retail,NYKAA.NS,https://www.screener.in/company/NYKAA/consolidated/,2026-07-16,Saved Screener.in FII scan,88421.0
129,35,Waaree Energies,WAAREEENER,Renewable Energy,WAAREEENER.NS,https://www.screener.in/company/WAAREEENER/consolidated/,2026-07-16,Saved Screener.in FII scan,83881.0
130,157,H P C L,HINDPETRO,Oil & Gas,HINDPETRO.NS,https://www.screener.in/company/HINDPETRO/consolidated/,2026-07-16,Saved Screener.in FII scan,83751.0
131,193,NHPC Ltd,NHPC,Power,NHPC.NS,https://www.screener.in/company/NHPC/consolidated/,2026-07-16,Saved Screener.in FII scan,81666.0
132,197,Federal Bank,FEDERALBNK,Banks,FEDERALBNK.NS,https://www.screener.in/company/FEDERALBNK/consolidated/,2026-07-16,Saved Screener.in FII scan,81104.0
133,177,Laurus Labs,LAURUSLABS,Pharmaceuticals,LAURUSLABS.NS,https://www.screener.in/company/LAURUSLABS/consolidated/,2026-07-16,Saved Screener.in FII scan,81037.0
134,144,SRF,SRF,Chemicals,SRF.NS,https://www.screener.in/company/SRF/consolidated/,2026-07-16,Saved Screener.in FII scan,80946.0
135,224,NTPC Green Ene.,NTPCGREEN,Power,NTPCGREEN.NS,https://www.screener.in/company/NTPCGREEN/consolidated/,2026-07-16,Saved Screener.in FII scan,80724.0
136,102,Adani Total Gas,ATGL,Gas,ATGL.NS,https://www.screener.in/company/ATGL/consolidated/,2026-07-16,Saved Screener.in FII scan,79500.0
137,39,Suzlon Energy,SUZLON,Renewable Energy,SUZLON.NS,https://www.screener.in/company/SUZLON/consolidated/,2026-07-16,Saved Screener.in FII scan,78755.0
138,183,AU Small Finance,AUBANK,Banks,AUBANK.NS,https://www.screener.in/company/AUBANK/consolidated/,2026-07-16,Saved Screener.in FII scan,77597.0
139,184,L&T Finance Ltd,LTF,Financial Services,LTF.NS,https://www.screener.in/company/LTF/consolidated/,2026-07-16,Saved Screener.in FII scan,76856.0
140,218,Yes Bank,YESBANK,Banks,YESBANK.NS,https://www.screener.in/company/YESBANK/consolidated/,2026-07-16,Saved Screener.in FII scan,76772.0
141,220,PB Fintech.,POLICYBZR,Financial Services,POLICYBZR.NS,https://www.screener.in/company/POLICYBZR/consolidated/,2026-07-16,Saved Screener.in FII scan,76363.0
142,103,Bharti Hexacom,BHARTIHEXA,Telecom,BHARTIHEXA.NS,https://www.screener.in/company/BHARTIHEXA/consolidated/,2026-09-23,Yahoo Finance,76260.0
143,84,Dabur India,DABUR,FMCG,DABUR.NS,https://www.screener.in/company/DABUR/consolidated/,2026-07-16,Saved Screener.in FII scan,75331.0
144,65,ICICI Lombard,ICICIGI,Insurance,ICICIGI.NS,https://www.screener.in/company/ICICIGI/consolidated/,2026-09-23,Yahoo Finance,74972.2
145,131,JSW Infrast,JSWINFRA,Infrastructure,JSWINFRA.NS,https://www.screener.in/company/JSWINFRA/consolidated/,2026-07-16,Saved Screener.in FII scan,74781.0
146,25,Nippon Life Ind.,NAM-INDIA,Financial Services,NAM-INDIA.NS,https://www.screener.in/company/NAM-INDIA/consolidated/,2026-07-16,Saved Screener.in FII scan,74513.0
147,48,NMDC,NMDC,Mining,NMDC.NS,https://www.screener.in/company/NMDC/consolidated/,2026-07-16,Saved Screener.in FII scan,73886.0
148,232,One 97,PAYTM,Financial Services,PAYTM.NS,https://www.screener.in/company/PAYTM/consolidated/,2026-07-16,Saved Screener.in FII scan,73684.0
149,27,Dixon Technolog.,DIXON,Consumer Electronics,DIXON.NS,https://www.screener.in/company/DIXON/consolidated/,2026-07-16,Saved Screener.in FII scan,73349.0
150,23,Multi Comm. Exc.,MCX,Financial Services,MCX.NS,https://www.screener.in/company/MCX/consolidated/,2026-07-16,Saved Screener.in FII scan,73157.0
151,148,Fortis Health.,FORTIS,Healthcare,FORTIS.NS,https://www.screener.in/company/FORTIS/consolidated/,2026-07-16,Saved Screener.in FII scan,72752.0
152,61,Havells India,HAVELLS,Consumer Durables,HAVELLS.NS,https://www.screener.in/company/HAVELLS/consolidated/,2026-07-16,Saved Screener.in FII scan,72421.0
153,222,IndusInd Bank,INDUSINDBK,Banks,INDUSINDBK.NS,https://www.screener.in/company/INDUSINDBK/consolidated/,2026-07-16,Saved Screener.in FII scan,72342.0
154,202,S A I L,SAIL,Metals,SAIL.NS,https://www.screener.in/company/SAIL/consolidated/,2026-07-16,Saved Screener.in FII scan,71685.0
155,114,Torrent Power,TORNTPOWER,Power,TORNTPOWER.NS,https://www.screener.in/company/TORNTPOWER/consolidated/,2026-07-16,Saved Screener.in FII scan,71537.0
156,1,ICICI AMC,ICICIPRULI,Insurance,ICICIPRULI.NS,https://www.screener.in/company/ICICIPRULI/consolidated/,2026-07-16,Saved Screener.in FII scan,70762.0
157,216,Bank of Maha,MAHABANK,Banks,MAHABANK.NS,https://www.screener.in/company/MAHABANK/consolidated/,2026-07-16,Saved Screener.in FII scan,70309.0
158,155,Phoenix Mills,PHOENIXLTD,Real Estate,PHOENIXLTD.NS,https://www.screener.in/company/PHOENIXLTD/consolidated/,2026-07-16,Saved Screener.in FII scan,70013.0
159,172,Bajaj Housing,BAJAJHFL,Financial Services,BAJAJHFL.NS,https://www.screener.in/company/BAJAJHFL/consolidated/,2026-09-23,Yahoo Finance,69560.98
160,217,IDFC First Bank,IDFCFIRSTB,Banks,IDFCFIRSTB.NS,https://www.screener.in/company/IDFCFIRSTB/consolidated/,2026-07-16,Saved Screener.in FII scan,68022.0
161,36,Persistent Systems,PERSISTENT,IT,PERSISTENT.NS,https://www.screener.in/company/PERSISTENT/consolidated/,2026-07-16,Saved Screener.in FII scan,68022.0
162,142,Oil India,OIL,Oil & Gas,OIL.NS,https://www.screener.in/company/OIL/consolidated/,2026-07-16,Saved Screener.in FII scan,67821.0
163,213,Biocon,BIOCON,Pharmaceuticals,BIOCON.NS,https://www.screener.in/company/BIOCON/consolidated/,2026-07-16,Saved Screener.in FII scan,67803.0
164,190,Prestige Estates,PRESTIGE,Real Estate,PRESTIGE.NS,https://www.screener.in/company/PRESTIGE/consolidated/,2026-07-16,Saved Screener.in FII scan,67457.0
165,233,Swiggy,SWIGGY,Services,SWIGGY.NS,https://www.screener.in/company/SWIGGY/consolidated/,2026-07-16,Saved Screener.in FII scan,66620.0
166,52,Schaeffler India,SCHAEFFLER,Auto Ancillaries,SCHAEFFLER.NS,https://www.screener.in/company/SCHAEFFLER/consolidated/,2026-07-16,Saved Screener.in FII scan,66061.0
167,81,Alkem Lab,ALKEM,Pharmaceuticals,ALKEM.NS,https://www.screener.in/company/ALKEM/consolidated/,2026-07-16,Saved Screener.in FII scan,66060.0
168,219,I O B,IOB,Banks,IOB.NS,https://www.screener.in/company/IOB/consolidated/,2026-07-16,Saved Screener.in FII scan,65511.0
169,100,Oberoi Realty,OBEROIRLTY,Real Estate,OBEROIRLTY.NS,https://www.screener.in/company/OBEROIRLTY/consolidated/,2026-07-16,Saved Screener.in FII scan,64309.0
170,38,Apar Inds.,APARINDS,Capital Goods,APARINDS.NS,https://www.screener.in/company/APARINDS/consolidated/,2026-07-16,Saved Screener.in FII scan,64279.0
171,215,Bank of India,BANKINDIA,Banks,BANKINDIA.NS,https://www.screener.in/company/BANKINDIA/consolidated/,2026-07-16,Saved Screener.in FII scan,64193.0
172,83,Coforge,COFORGE,IT,COFORGE.NS,https://www.screener.in/company/COFORGE/consolidated/,2026-07-16,Saved Screener.in FII scan,63855.0
173,138,General Insuranc,GICRE,Insurance,GICRE.NS,https://www.screener.in/company/GICRE/consolidated/,2026-07-16,Saved Screener.in FII scan,63764.0
174,95,Uno Minda,UNOMINDA,Auto Ancillaries,UNOMINDA.NS,https://www.screener.in/company/UNOMINDA/consolidated/,2026-07-16,Saved Screener.in FII scan,63663.0
175,227,Info Edg.(India),NAUKRI,IT,NAUKRI.NS,https://www.screener.in/company/NAUKRI/consolidated/,2026-07-16,Saved Screener.in FII scan,63004.0
176,178,HDB FINANC SER,HDBFS,Financial Services,HDBFS.NS,https://www.screener.in/company/HDBFS/consolidated/,2026-07-16,Saved Screener.in FII scan,63001.0
177,106,Linde India,LINDEINDIA,Chemicals,LINDEINDIA.NS,https://www.screener.in/company/LINDEINDIA/consolidated/,2026-07-16,Saved Screener.in FII scan,62391.0
178,91,Glenmark Pharma.,GLENMARK,Pharmaceuticals,GLENMARK.NS,https://www.screener.in/company/GLENMARK/consolidated/,2026-07-16,Saved Screener.in FII scan,62182.0
179,20,Natl. Aluminium,NATIONALUM,Metals,NATIONALUM.NS,https://www.screener.in/company/NATIONALUM/consolidated/,2026-07-16,Saved Screener.in FII scan,61766.0
180,112,Thermax,THERMAX,Capital Goods,THERMAX.NS,https://www.screener.in/company/THERMAX/consolidated/,2026-07-16,Saved Screener.in FII scan,61106.0
181,161,SBI Cards,SBICARD,Financial Services,SBICARD.NS,https://www.screener.in/company/SBICARD/consolidated/,2026-09-23,Yahoo Finance,60429.34
182,62,Berger Paints,BERGEPAINT,Paints,BERGEPAINT.NS,https://www.screener.in/company/BERGEPAINT/consolidated/,2026-07-16,Saved Screener.in FII scan,60376.0
183,264,Ather Energy Ltd.,ATHERENERG,Automobile and Auto Components,ATHERENERG.NS,https://www.screener.in/company/ATHERENERG/consolidated/,2026-09-23,Yahoo Finance,59466.77
184,75,Tube Investments,TIINDIA,Auto Ancillaries,TIINDIA.NS,https://www.screener.in/company/TIINDIA/consolidated/,2026-07-16,Saved Screener.in FII scan,58324.0
185,66,Coromandel Inter,COROMANDEL,Fertilizers,COROMANDEL.NS,https://www.screener.in/company/COROMANDEL/consolidated/,2026-07-16,Saved Screener.in FII scan,58295.0
186,97,Jindal Stain.,JSL,Metals,JSL.NS,https://www.screener.in/company/JSL/consolidated/,2026-07-16,Saved Screener.in FII scan,58122.0
187,96,Motil.Oswal.Fin.,MOTILALOFS,Financial Services,MOTILALOFS.NS,https://www.screener.in/company/MOTILALOFS/consolidated/,2026-07-16,Saved Screener.in FII scan,57457.0
188,17,Abbott India,ABBOTINDIA,Pharmaceuticals,ABBOTINDIA.NS,https://www.screener.in/company/ABBOTINDIA/consolidated/,2026-09-23,Yahoo Finance,57234.99
189,444,RBL Bank Ltd.,RBLBANK,Financial Services,RBLBANK.NS,https://www.screener.in/company/RBLBANK/consolidated/,2026-07-16,Saved Screener.in FII scan,56569.0
190,204,Godrej Propert.,GODREJPROP,Real Estate,GODREJPROP.NS,https://www.screener.in/company/GODREJPROP/consolidated/,2026-07-16,Saved Screener.in FII scan,56380.0
191,124,Tata Comm,TATACOMM,Telecom,TATACOMM.NS,https://www.screener.in/company/TATACOMM/consolidated/,2026-07-16,Saved Screener.in FII scan,56171.0
192,181,F A C T,FACT,Fertilizers,FACT.NS,https://www.screener.in/company/FACT/consolidated/,2026-07-16,Saved Screener.in FII scan,55959.0
193,141,Vishal Mega Mart,VMM,,VMM.NS,https://www.screener.in/company/VMM/consolidated/,2026-07-16,Saved Screener.in FII scan,55181.0
194,187,Max Financial,MFSL,Insurance,MFSL.NS,https://www.screener.in/company/MFSL/consolidated/,2026-07-16,Saved Screener.in FII scan,54956.0
195,2,Colgate-Palmoliv,COLPAL,FMCG,COLPAL.NS,https://www.screener.in/company/COLPAL/consolidated/,2026-07-16,Saved Screener.in FII scan,54169.0
196,136,MRF,MRF,Auto Ancillaries,MRF.NS,https://www.screener.in/company/MRF/consolidated/,2026-07-16,Saved Screener.in FII scan,53852.0
197,110,Radico Khaitan,RADICO,Beverages,RADICO.NS,https://www.screener.in/company/RADICO/consolidated/,2026-07-16,Saved Screener.in FII scan,53218.0
198,78,KEI Industries,KEI,Capital Goods,KEI.NS,https://www.screener.in/company/KEI/consolidated/,2026-07-16,Saved Screener.in FII scan,52198.0
199,140,Knowledge Realty,KRT,,KRT.NS,https://www.screener.in/company/KRT/consolidated/,2026-07-16,Saved Screener.in FII scan,51457.0
200,186,Altius Telecom,543225,,543225.NS,https://www.screener.in/company/543225/consolidated/,2026-07-16,Saved Screener.in FII scan,51379.0
201,169,Sundaram Finance,SUNDARMFIN,Financial Services,SUNDARMFIN.NS,https://www.screener.in/company/SUNDARMFIN/consolidated/,2026-07-16,Saved Screener.in FII scan,50467.0
202,73,APL Apollo Tubes,APLAPOLLO,Steel Pipes,APLAPOLLO.NS,https://www.screener.in/company/APLAPOLLO/consolidated/,2026-07-16,Saved Screener.in FII scan,49681.0
203,123,Rail Vikas,RVNL,Construction,RVNL.NS,https://www.screener.in/company/RVNL/consolidated/,2026-07-16,Saved Screener.in FII scan,49561.0
204,64,Hindustan Copper,HINDCOPPER,Metals,HINDCOPPER.NS,https://www.screener.in/company/HINDCOPPER/consolidated/,2026-07-16,Saved Screener.in FII scan,48424.0
205,189,Piramal Finance.,PIRAMALFIN,Financial Services,PIRAMALFIN.NS,https://www.screener.in/company/PIRAMALFIN/consolidated/,2026-07-16,Saved Screener.in FII scan,48323.0
206,191,UPL,UPL,Chemicals,UPL.NS,https://www.screener.in/company/UPL/consolidated/,2026-07-16,Saved Screener.in FII scan,48271.0
207,24,Premier Energies,PREMIERENE,Renewable Energy,PREMIERENE.NS,https://www.screener.in/company/PREMIERENE/consolidated/,2026-07-16,Saved Screener.in FII scan,47660.0
208,94,AIA Engineering,AIAENG,Capital Goods,AIAENG.NS,https://www.screener.in/company/AIAENG/consolidated/,2026-07-16,Saved Screener.in FII scan,46435.0
209,116,Patanjali Foods,PATANJALI,FMCG,PATANJALI.NS,https://www.screener.in/company/PATANJALI/consolidated/,2026-07-16,Saved Screener.in FII scan,44727.0
210,158,NLC India,NLCINDIA,Power,NLCINDIA.NS,https://www.screener.in/company/NLCINDIA/consolidated/,2026-07-16,Saved Screener.in FII scan,44560.0
211,180,M & M Fin. Serv.,M&MFIN,Financial Services,M&MFIN.NS,https://www.screener.in/company/M&MFIN/consolidated/,2026-07-16,Saved Screener.in FII scan,44479.0
212,40,Authum Invest,AIIL,Financial Services,AIIL.NS,https://www.screener.in/company/AIIL/consolidated/,2026-07-16,Saved Screener.in FII scan,44423.0
213,146,360 ONE,360ONE,Financial Services,360ONE.NS,https://www.screener.in/company/360ONE/consolidated/,2026-07-16,Saved Screener.in FII scan,44076.0
214,247,Aditya Infotech Ltd.,CPPLUS,Capital Goods,CPPLUS.NS,https://www.screener.in/company/CPPLUS/consolidated/,2026-07-16,Saved Screener.in FII scan,43536.0
215,50,Anthem Bioscienc,ANTHEM,,ANTHEM.NS,https://www.screener.in/company/ANTHEM/consolidated/,2026-07-16,Saved Screener.in FII scan,43487.0
216,165,Gujarat Fluoroch,FLUOROCHEM,Chemicals,FLUOROCHEM.NS,https://www.screener.in/company/FLUOROCHEM/consolidated/,2026-07-16,Saved Screener.in FII scan,43258.0
217,129,J K Cements,JKCEMENT,Cement,JKCEMENT.NS,https://www.screener.in/company/JKCEMENT/consolidated/,2026-07-16,Saved Screener.in FII scan,42845.0
218,122,Ipca Labs.,IPCALAB,Pharmaceuticals,IPCALAB.NS,https://www.screener.in/company/IPCALAB/consolidated/,2026-07-16,Saved Screener.in FII scan,42584.0
219,107,Balkrishna Inds,BALKRISIND,Auto Ancillaries,BALKRISIND.NS,https://www.screener.in/company/BALKRISIND/consolidated/,2026-07-16,Saved Screener.in FII scan,42558.0
220,89,Bharat Dynamics,BDL,Aerospace & Defence,BDL.NS,https://www.screener.in/company/BDL/consolidated/,2026-09-23,Yahoo Finance,42557.91
221,101,Voltas,VOLTAS,Consumer Durables,VOLTAS.NS,https://www.screener.in/company/VOLTAS/consolidated/,2026-07-16,Saved Screener.in FII scan,42486.0
222,252,Ajanta Pharmaceuticals Ltd.,AJANTPHARM,Healthcare,AJANTPHARM.NS,https://www.screener.in/company/AJANTPHARM/consolidated/,2026-07-16,Saved Screener.in FII scan,42243.0
223,59,Petronet LNG,PETRONET,Oil & Gas,PETRONET.NS,https://www.screener.in/company/PETRONET/consolidated/,2026-07-16,Saved Screener.in FII scan,42202.0
224,226,Embassy Off.REIT,542602,REIT,542602.NS,https://www.screener.in/company/542602/consolidated/,2026-07-16,Saved Screener.in FII scan,42058.0
225,8,Page Industries,PAGEIND,Textiles,PAGEIND.NS,https://www.screener.in/company/PAGEIND/consolidated/,2026-09-23,Yahoo Finance,41648.57
226,342,Gland Pharma Ltd.,GLAND,Healthcare,GLAND.NS,https://www.screener.in/company/GLAND/consolidated/,2026-07-16,Saved Screener.in FII scan,41466.0
227,70,Mphasis,MPHASIS,IT,MPHASIS.NS,https://www.screener.in/company/MPHASIS/consolidated/,2026-07-16,Saved Screener.in FII scan,41362.0
228,170,H U D C O,HUDCO,Financial Services,HUDCO.NS,https://www.screener.in/company/HUDCO/consolidated/,2026-07-16,Saved Screener.in FII scan,41059.0
229,6,Glaxosmi. Pharma,GLAXO,Pharmaceuticals,GLAXO.NS,https://www.screener.in/company/GLAXO/consolidated/,2026-07-16,Saved Screener.in FII scan,40620.0
230,263,Aster DM Healthcare Ltd.,ASTERDM,Healthcare,ASTERDM.NS,https://www.screener.in/company/ASTERDM/consolidated/,2026-07-16,Saved Screener.in FII scan,40569.0
231,14,I R C T C,IRCTC,Tourism & Hospitality,IRCTC.NS,https://www.screener.in/company/IRCTC/consolidated/,2026-07-16,Saved Screener.in FII scan,40400.0
232,74,Supreme Inds.,SUPREMEIND,Plastics,SUPREMEIND.NS,https://www.screener.in/company/SUPREMEIND/consolidated/,2026-07-16,Saved Screener.in FII scan,40334.0
233,118,Kalyan Jewellers,KALYANKJIL,Retail,KALYANKJIL.NS,https://www.screener.in/company/KALYANKJIL/consolidated/,2026-07-16,Saved Screener.in FII scan,40282.0
234,248,Aegis Logistics Ltd.,AEGISLOG,Oil Gas & Consumable Fuels,AEGISLOG.NS,https://www.screener.in/company/AEGISLOG/consolidated/,2026-07-16,Saved Screener.in FII scan,40244.0
235,419,Narayana Hrudayalaya Ltd.,NH,Healthcare,NH.NS,https://www.screener.in/company/NH/consolidated/,2026-07-16,Saved Screener.in FII scan,40121.0
236,499,Welspun Corp Ltd.,WELCORP,Capital Goods,WELCORP.NS,https://www.screener.in/company/WELCORP/consolidated/,2026-07-16,Saved Screener.in FII scan,40042.0
237,421,Navin Fluorine International Ltd.,NAVINFLUOR,Chemicals,NAVINFLUOR.NS,https://www.screener.in/company/NAVINFLUOR/consolidated/,2026-07-16,Saved Screener.in FII scan,39615.0
238,347,Godrej Industries Ltd.,GODREJIND,Diversified,GODREJIND.NS,https://www.screener.in/company/GODREJIND/consolidated/,2026-07-16,Saved Screener.in FII scan,39541.0
239,82,Cochin Shipyard,COCHINSHIP,Shipbuilding,COCHINSHIP.NS,https://www.screener.in/company/COCHINSHIP/consolidated/,2026-07-16,Saved Screener.in FII scan,39131.0
240,68,P I Industries,PIIND,Chemicals,PIIND.NS,https://www.screener.in/company/PIIND/consolidated/,2026-07-16,Saved Screener.in FII scan,38992.0
241,393,K.P.R. Mill Ltd.,KPRMILL,Textiles,KPRMILL.NS,https://www.screener.in/company/KPRMILL/consolidated/,2026-07-16,Saved Screener.in FII scan,38868.0
242,442,Poonawalla Fincorp Ltd.,POONAWALLA,Financial Services,POONAWALLA.NS,https://www.screener.in/company/POONAWALLA/consolidated/,2026-07-16,Saved Screener.in FII scan,38694.0
243,465,Sona BLW Precision Forgings Ltd.,SONACOMS,Automobile and Auto Components,SONACOMS.NS,https://www.screener.in/company/SONACOMS/consolidated/,2026-07-16,Saved Screener.in FII scan,38551.0
244,367,ITC Hotels Ltd.,ITCHOTELS,Consumer Services,ITCHOTELS.NS,https://www.screener.in/company/ITCHOTELS/consolidated/,2026-07-16,Saved Screener.in FII scan,37650.0
245,234,3M India Ltd.,3MINDIA,Diversified,3MINDIA.NS,https://www.screener.in/company/3MINDIA/consolidated/,2026-07-16,Saved Screener.in FII scan,37563.0
246,329,Endurance Technologies Ltd.,ENDURANCE,Automobile and Auto Components,ENDURANCE.NS,https://www.screener.in/company/ENDURANCE/consolidated/,2026-07-16,Saved Screener.in FII scan,37488.0
247,378,J.B. Chemicals & Pharmaceuticals Ltd.,JBCHEPHARM,Healthcare,JBCHEPHARM.NS,https://www.screener.in/company/JBCHEPHARM/consolidated/,2026-07-16,Saved Screener.in FII scan,36965.0
248,174,Indian Renewable,IREDA,Financial Services,IREDA.NS,https://www.screener.in/company/IREDA/consolidated/,2026-07-16,Saved Screener.in FII scan,36492.0
249,87,Astral,ASTRAL,Plastic Products,ASTRAL.NS,https://www.screener.in/company/ASTRAL/consolidated/,2026-07-16,Saved Screener.in FII scan,36429.0
250,133,Container Corpn.,CONCOR,Logistics,CONCOR.NS,https://www.screener.in/company/CONCOR/consolidated/,2026-07-16,Saved Screener.in FII scan,36093.0
251,438,Physicswallah Ltd.,PWL,Consumer Services,PWL.NS,https://www.screener.in/company/PWL/consolidated/,2026-07-16,Saved Screener.in FII scan,35521.0
252,343,Global Health Ltd.,MEDANTA,Healthcare,MEDANTA.NS,https://www.screener.in/company/MEDANTA/consolidated/,2026-07-16,Saved Screener.in FII scan,35496.0
253,132,United Breweries,UBL,Beverages,UBL.NS,https://www.screener.in/company/UBL/consolidated/,2026-07-16,Saved Screener.in FII scan,35313.0
254,315,Delhivery Ltd.,DELHIVERY,Services,DELHIVERY.NS,https://www.screener.in/company/DELHIVERY/consolidated/,2026-07-16,Saved Screener.in FII scan,35095.0
255,327,Emcure Pharmaceuticals Ltd.,EMCURE,Healthcare,EMCURE.NS,https://www.screener.in/company/EMCURE/consolidated/,2026-07-16,Saved Screener.in FII scan,35062.0
256,402,Krishna Institute of Medical Sciences Ltd.,KIMS,Healthcare,KIMS.NS,https://www.screener.in/company/KIMS/consolidated/,2026-07-16,Saved Screener.in FII scan,34861.0
257,358,Himadri Speciality Chemical Ltd.,HSCL,Chemicals,HSCL.NS,https://www.screener.in/company/HSCL/consolidated/,2026-07-16,Saved Screener.in FII scan,34629.0
258,401,Kirloskar Oil Eng Ltd.,KIRLOSENG,Capital Goods,KIRLOSENG.NS,https://www.screener.in/company/KIRLOSENG/consolidated/,2026-07-16,Saved Screener.in FII scan,34335.0
259,346,Godfrey Phillips India Ltd.,GODFRYPHLP,Fast Moving Consumer Goods,GODFRYPHLP.NS,https://www.screener.in/company/GODFRYPHLP/consolidated/,2026-07-16,Saved Screener.in FII scan,34051.0
260,477,Tata Investment Corporation Ltd.,TATAINVEST,Financial Services,TATAINVEST.NS,https://www.screener.in/company/TATAINVEST/consolidated/,2026-07-16,Saved Screener.in FII scan,33793.0
261,493,UCO Bank,UCOBANK,Financial Services,UCOBANK.NS,https://www.screener.in/company/UCOBANK/consolidated/,2026-07-16,Saved Screener.in FII scan,33694.0
262,57,Blue Star,BLUESTARCO,Consumer Durables,BLUESTARCO.NS,https://www.screener.in/company/BLUESTARCO/consolidated/,2026-07-16,Saved Screener.in FII scan,33516.0
263,403,L&T Technology Services Ltd.,LTTS,Information Technology,LTTS.NS,https://www.screener.in/company/LTTS/consolidated/,2026-07-16,Saved Screener.in FII scan,33452.0
264,333,Exide Industries Ltd.,EXIDEIND,Automobile and Auto Components,EXIDEIND.NS,https://www.screener.in/company/EXIDEIND/consolidated/,2026-07-16,Saved Screener.in FII scan,33278.0
265,426,Nuvama Wealth Management Ltd.,NUVAMA,Financial Services,NUVAMA.NS,https://www.screener.in/company/NUVAMA/consolidated/,2026-07-16,Saved Screener.in FII scan,33244.0
266,256,Anand Rathi Wealth Ltd.,ANANDRATHI,Financial Services,ANANDRATHI.NS,https://www.screener.in/company/ANANDRATHI/consolidated/,2026-07-16,Saved Screener.in FII scan,32786.0
267,246,Aditya Birla Sun Life AMC Ltd.,ABSLAMC,Financial Services,ABSLAMC.NS,https://www.screener.in/company/ABSLAMC/consolidated/,2026-07-16,Saved Screener.in FII scan,32767.0
268,332,Escorts Kubota Ltd.,ESCORTS,Capital Goods,ESCORTS.NS,https://www.screener.in/company/ESCORTS/consolidated/,2026-07-16,Saved Screener.in FII scan,32724.0
269,467,Star Health and Allied Insurance Company Ltd.,STARHEALTH,Financial Services,STARHEALTH.NS,https://www.screener.in/company/STARHEALTH/consolidated/,2026-09-23,Yahoo Finance,32315.12
270,356,HFCL Ltd.,HFCL,Telecommunication,HFCL.NS,https://www.screener.in/company/HFCL/consolidated/,2026-07-16,Saved Screener.in FII scan,32288.0
271,311,Dalmia Bharat Ltd.,DALBHARAT,Construction Materials,DALBHARAT.NS,https://www.screener.in/company/DALBHARAT/consolidated/,2026-07-16,Saved Screener.in FII scan,31984.0
272,502,Wockhardt Ltd.,WOCKPHARMA,Healthcare,WOCKPHARMA.NS,https://www.screener.in/company/WOCKPHARMA/consolidated/,2026-07-16,Saved Screener.in FII scan,31507.0
273,357,Hexaware Technologies Ltd.,HEXT,Information Technology,HEXT.NS,https://www.screener.in/company/HEXT/consolidated/,2026-07-16,Saved Screener.in FII scan,31467.0
274,205,Mindspace Busine,543217,REIT,543217.NS,https://www.screener.in/company/543217/consolidated/,2026-07-16,Saved Screener.in FII scan,31451.0
275,397,Karur Vysya Bank Ltd.,KARURVYSYA,Financial Services,KARURVYSYA.NS,https://www.screener.in/company/KARURVYSYA/consolidated/,2026-09-23,Yahoo Finance,31363.52
276,299,Cholamandalam Financial Holdings Ltd.,CHOLAHLDNG,Financial Services,CHOLAHLDNG.NS,https://www.screener.in/company/CHOLAHLDNG/consolidated/,2026-07-16,Saved Screener.in FII scan,31155.0
277,587,Gujarat Gas Ltd.,GUJGASLTD,Oil Gas & Consumable Fuels,GUJGASLTD.NS,https://www.screener.in/company/GUJGASLTD/consolidated/,2026-07-16,Saved Screener.in FII scan,30938.0
278,404,LIC Housing Finance Ltd.,LICHSGFIN,Financial Services,LICHSGFIN.NS,https://www.screener.in/company/LICHSGFIN/consolidated/,2026-07-16,Saved Screener.in FII scan,30889.0
279,269,Bandhan Bank Ltd.,BANDHANBNK,Financial Services,BANDHANBNK.NS,https://www.screener.in/company/BANDHANBNK/consolidated/,2026-09-23,Yahoo Finance,30834.14
280,361,Honeywell Automation India Ltd.,HONAUT,Capital Goods,HONAUT.NS,https://www.screener.in/company/HONAUT/consolidated/,2026-09-23,Yahoo Finance,30324.32
281,258,Angel One Ltd.,ANGELONE,Financial Services,ANGELONE.NS,https://www.screener.in/company/ANGELONE/consolidated/,2026-07-16,Saved Screener.in FII scan,30159.0
282,283,CRISIL Ltd.,CRISIL,Financial Services,CRISIL.NS,https://www.screener.in/company/CRISIL/consolidated/,2026-07-16,Saved Screener.in FII scan,30049.0
283,411,Manappuram Finance Ltd.,MANAPPURAM,Financial Services,MANAPPURAM.NS,https://www.screener.in/company/MANAPPURAM/consolidated/,2026-07-16,Saved Screener.in FII scan,30002.0
284,712,Sterlite Technologies Ltd.,STLTECH,Telecommunication,STLTECH.NS,https://www.screener.in/company/STLTECH/consolidated/,2026-07-16,Saved Screener.in FII scan,29900.0
285,460,Schneider Electric Infrastructure Ltd.,SCHNEIDER,Capital Goods,SCHNEIDER.NS,https://www.screener.in/company/SCHNEIDER/consolidated/,2026-09-23,Yahoo Finance,29730.2
286,485,The New India Assurance Company Ltd.,NIACL,Financial Services,NIACL.NS,https://www.screener.in/company/NIACL/consolidated/,2026-07-16,Saved Screener.in FII scan,29590.0
287,293,Central Bank of India,CENTRALBK,Financial Services,CENTRALBK.NS,https://www.screener.in/company/CENTRALBK/consolidated/,2026-07-16,Saved Screener.in FII scan,29462.0
288,503,ZF Commercial Vehicle Control Systems India Ltd.,ZFCVINDIA,Automobile and Auto Components,ZFCVINDIA.NS,https://www.screener.in/company/ZFCVINDIA/consolidated/,2026-07-16,Saved Screener.in FII scan,29059.0
289,377,Inventurus Knowledge Solutions Ltd.,IKS,Information Technology,IKS.NS,https://www.screener.in/company/IKS/consolidated/,2026-07-16,Saved Screener.in FII scan,28874.0
290,368,ITI Ltd.,ITI,Telecommunication,ITI.NS,https://www.screener.in/company/ITI/consolidated/,2026-07-16,Saved Screener.in FII scan,28808.0
291,453,SJVN Ltd.,SJVN,Power,SJVN.NS,https://www.screener.in/company/SJVN/consolidated/,2026-07-16,Saved Screener.in FII scan,28786.0
292,416,NBCC (India) Ltd.,NBCC,Construction,NBCC.NS,https://www.screener.in/company/NBCC/consolidated/,2026-07-16,Saved Screener.in FII scan,28498.0
293,242,Acutaas Chemicals Ltd.,ACUTAAS,Healthcare,ACUTAAS.NS,https://www.screener.in/company/ACUTAAS/consolidated/,2026-07-16,Saved Screener.in FII scan,28438.0
294,422,Netweb Technologies India Ltd.,NETWEB,Information Technology,NETWEB.NS,https://www.screener.in/company/NETWEB/consolidated/,2026-09-23,Yahoo Finance,28154.36
295,479,Tata Technologies Ltd.,TATATECH,Information Technology,TATATECH.NS,https://www.screener.in/company/TATATECH/consolidated/,2026-07-16,Saved Screener.in FII scan,28113.0
296,317,Dr. Lal Path Labs Ltd.,LALPATHLAB,Healthcare,LALPATHLAB.NS,https://www.screener.in/company/LALPATHLAB/consolidated/,2026-07-16,Saved Screener.in FII scan,27816.0
297,388,Jubilant Foodworks Ltd.,JUBLFOOD,Consumer Services,JUBLFOOD.NS,https://www.screener.in/company/JUBLFOOD/consolidated/,2026-07-16,Saved Screener.in FII scan,27704.0
298,643,Metro Brands Ltd.,METROBRAND,Consumer Durables,METROBRAND.NS,https://www.screener.in/company/METROBRAND/consolidated/,2026-07-16,Saved Screener.in FII scan,27699.0
299,726,TVS Holdings Ltd.,TVSHLTD,Financial Services,TVSHLTD.NS,https://www.screener.in/company/TVSHLTD/consolidated/,2026-07-16,Saved Screener.in FII scan,27568.0
300,294,Central Depository Services (India) Ltd.,CDSL,Financial Services,CDSL.NS,https://www.screener.in/company/CDSL/consolidated/,2026-07-16,Saved Screener.in FII scan,27461.0
301,260,Apollo Tyres Ltd.,APOLLOTYRE,Automobile and Auto Components,APOLLOTYRE.NS,https://www.screener.in/company/APOLLOTYRE/consolidated/,2026-07-16,Saved Screener.in FII scan,27322.0
302,340,Garden Reach Shipbuilders & Engineers Ltd.,GRSE,Capital Goods,GRSE.NS,https://www.screener.in/company/GRSE/consolidated/,2026-09-23,Yahoo Finance,27270.25
303,433,PNB Housing Finance Ltd.,PNBHOUSING,Financial Services,PNBHOUSING.NS,https://www.screener.in/company/PNBHOUSING/consolidated/,2026-07-16,Saved Screener.in FII scan,26992.0
304,473,Syrma SGS Technology Ltd.,SYRMA,Capital Goods,SYRMA.NS,https://www.screener.in/company/SYRMA/consolidated/,2026-07-16,Saved Screener.in FII scan,26911.0
305,236,ACME Solar Holdings Ltd.,ACMESOLAR,Power,ACMESOLAR.NS,https://www.screener.in/company/ACMESOLAR/consolidated/,2026-07-16,Saved Screener.in FII scan,26837.0
306,443,R R Kabel Ltd.,RRKABEL,Capital Goods,RRKABEL.NS,https://www.screener.in/company/RRKABEL/consolidated/,2026-07-16,Saved Screener.in FII scan,26805.0
307,255,Amber Enterprises India Ltd.,AMBER,Consumer Durables,AMBER.NS,https://www.screener.in/company/AMBER/consolidated/,2026-07-16,Saved Screener.in FII scan,26475.0
308,455,Sai Life Sciences Ltd.,SAILIFE,Healthcare,SAILIFE.NS,https://www.screener.in/company/SAILIFE/consolidated/,2026-07-16,Saved Screener.in FII scan,26469.0
309,487,Timken India Ltd.,TIMKEN,Capital Goods,TIMKEN.NS,https://www.screener.in/company/TIMKEN/consolidated/,2026-07-16,Saved Screener.in FII scan,26459.0
310,462,Shyam Metalics and Energy Ltd.,SHYAMMETL,Capital Goods,SHYAMMETL.NS,https://www.screener.in/company/SHYAMMETL/consolidated/,2026-07-16,Saved Screener.in FII scan,26406.0
311,412,Mangalore Refinery & Petrochemicals Ltd.,MRPL,Oil Gas & Consumable Fuels,MRPL.NS,https://www.screener.in/company/MRPL/consolidated/,2026-07-16,Saved Screener.in FII scan,26219.0
312,249,Aegis Vopak Terminals Ltd.,AEGISVOPAK,Oil Gas & Consumable Fuels,AEGISVOPAK.NS,https://www.screener.in/company/AEGISVOPAK/consolidated/,2026-07-16,Saved Screener.in FII scan,25971.0
313,434,PTC Industries Ltd.,PTCIL,Capital Goods,PTCIL.NS,https://www.screener.in/company/PTCIL/consolidated/,2026-07-16,Saved Screener.in FII scan,25912.0
314,365,IRB Infrastructure Developers Ltd.,IRB,Construction,IRB.NS,https://www.screener.in/company/IRB/consolidated/,2026-07-16,Saved Screener.in FII scan,25811.0
315,557,Cupid Ltd.,CUPID,Fast Moving Consumer Goods,CUPID.NS,https://www.screener.in/company/CUPID/consolidated/,2026-07-16,Saved Screener.in FII scan,25649.0
316,235,ACC Ltd.,ACC,Construction Materials,ACC.NS,https://www.screener.in/company/ACC/consolidated/,2026-07-16,Saved Screener.in FII scan,24955.0
317,305,Craftsman Automation Ltd.,CRAFTSMAN,Automobile and Auto Components,CRAFTSMAN.NS,https://www.screener.in/company/CRAFTSMAN/consolidated/,2026-07-16,Saved Screener.in FII scan,24770.0
318,312,Data Patterns (India) Ltd.,DATAPATTNS,Capital Goods,DATAPATTNS.NS,https://www.screener.in/company/DATAPATTNS/consolidated/,2026-09-23,Yahoo Finance,24758.35
319,1303,Grindwell Norton Limited,GRINDWELL,,GRINDWELL.NS,https://www.screener.in/company/GRINDWELL/consolidated/,2026-07-16,Saved Screener.in FII scan,24199.0
320,476,Tata Elxsi Ltd.,TATAELXSI,Information Technology,TATAELXSI.NS,https://www.screener.in/company/TATAELXSI/consolidated/,2026-07-16,Saved Screener.in FII scan,24118.0
321,484,Tenneco Clean Air India Ltd.,TENNIND,Automobile and Auto Components,TENNIND.NS,https://www.screener.in/company/TENNIND/consolidated/,2026-07-16,Saved Screener.in FII scan,23960.0
322,636,MTAR Technologies Ltd.,MTARTECH,Capital Goods,MTARTECH.NS,https://www.screener.in/company/MTARTECH/consolidated/,2026-07-16,Saved Screener.in FII scan,23808.0
323,306,CreditAccess Grameen Ltd.,CREDITACC,Financial Services,CREDITACC.NS,https://www.screener.in/company/CREDITACC/consolidated/,2026-07-16,Saved Screener.in FII scan,23799.0
324,423,Neuland Laboratories Ltd.,NEULANDLAB,Healthcare,NEULANDLAB.NS,https://www.screener.in/company/NEULANDLAB/consolidated/,2026-07-16,Saved Screener.in FII scan,23647.0
325,237,AWL Agri Business Ltd.,AWL,Fast Moving Consumer Goods,AWL.NS,https://www.screener.in/company/AWL/consolidated/,2026-07-16,Saved Screener.in FII scan,23602.0
326,337,Force Motors Ltd.,FORCEMOT,Automobile and Auto Components,FORCEMOT.NS,https://www.screener.in/company/FORCEMOT/consolidated/,2026-07-16,Saved Screener.in FII scan,23580.0
327,328,Emmvee Photovoltaic Power Ltd.,EMMVEE,Capital Goods,EMMVEE.NS,https://www.screener.in/company/EMMVEE/consolidated/,2026-07-16,Saved Screener.in FII scan,23526.0
328,373,Indraprastha Gas Ltd.,IGL,Oil Gas & Consumable Fuels,IGL.NS,https://www.screener.in/company/IGL/consolidated/,2026-07-16,Saved Screener.in FII scan,23408.0
329,669,Procter & Gamble Hygiene & Health Care Ltd.,PGHH,Fast Moving Consumer Goods,PGHH.NS,https://www.screener.in/company/PGHH/consolidated/,2026-09-23,Yahoo Finance,23350.63
330,414,Motherson Sumi Wiring India Ltd.,MSUMI,Automobile and Auto Components,MSUMI.NS,https://www.screener.in/company/MSUMI/consolidated/,2026-09-23,Yahoo Finance,23197.55
331,396,Kalpataru Projects International Ltd.,KPIL,Construction,KPIL.NS,https://www.screener.in/company/KPIL/consolidated/,2026-07-16,Saved Screener.in FII scan,23131.0
332,690,Rubicon Research Ltd.,RUBICON,Healthcare,RUBICON.NS,https://www.screener.in/company/RUBICON/consolidated/,2026-07-16,Saved Screener.in FII scan,23129.0
333,341,Gillette India Ltd.,GILLETTE,Fast Moving Consumer Goods,GILLETTE.NS,https://www.screener.in/company/GILLETTE/consolidated/,2026-09-23,Yahoo Finance,23115.95
334,238,Aadhar Housing Finance Ltd.,AADHARHFC,Financial Services,AADHARHFC.NS,https://www.screener.in/company/AADHARHFC/consolidated/,2026-07-16,Saved Screener.in FII scan,22652.0
335,344,Go Digit General Insurance Ltd.,GODIGIT,Financial Services,GODIGIT.NS,https://www.screener.in/company/GODIGIT/consolidated/,2026-09-23,Yahoo Finance,22650.23
336,288,Carborundum Universal Ltd.,CARBORUNIV,Capital Goods,CARBORUNIV.NS,https://www.screener.in/company/CARBORUNIV/consolidated/,2026-07-16,Saved Screener.in FII scan,22542.0
337,440,Piramal Pharma Ltd.,PPLPHARMA,Healthcare,PPLPHARMA.NS,https://www.screener.in/company/PPLPHARMA/consolidated/,2026-07-16,Saved Screener.in FII scan,22367.0
338,300,City Union Bank Ltd.,CUB,Financial Services,CUB.NS,https://www.screener.in/company/CUB/consolidated/,2026-09-23,Yahoo Finance,22326.4
339,355,HBL Engineering Ltd.,HBLENGINE,Capital Goods,HBLENGINE.NS,https://www.screener.in/company/HBLENGINE/consolidated/,2026-07-16,Saved Screener.in FII scan,22217.0
340,282,CESC Ltd.,CESC,Power,CESC.NS,https://www.screener.in/company/CESC/consolidated/,2026-07-16,Saved Screener.in FII scan,22197.0
341,292,Cemindia Projects Ltd.,CEMPRO,Construction,CEMPRO.NS,https://www.screener.in/company/CEMPRO/consolidated/,2026-07-16,Saved Screener.in FII scan,22126.0
342,486,The Ramco Cements Ltd.,RAMCOCEM,Construction Materials,RAMCOCEM.NS,https://www.screener.in/company/RAMCOCEM/consolidated/,2026-07-16,Saved Screener.in FII scan,22020.0
343,492,Triveni Turbine Ltd.,TRITURBINE,Capital Goods,TRITURBINE.NS,https://www.screener.in/company/TRITURBINE/consolidated/,2026-07-16,Saved Screener.in FII scan,21994.0
344,287,Capri Global Capital Ltd.,CGCL,Financial Services,CGCL.NS,https://www.screener.in/company/CGCL/consolidated/,2026-07-16,Saved Screener.in FII scan,21908.0
345,262,Asahi India Glass Ltd.,ASAHIINDIA,Automobile and Auto Components,ASAHIINDIA.NS,https://www.screener.in/company/ASAHIINDIA/consolidated/,2026-07-16,Saved Screener.in FII scan,21818.0
346,450,Redington Ltd.,REDINGTON,Services,REDINGTON.NS,https://www.screener.in/company/REDINGTON/consolidated/,2026-07-16,Saved Screener.in FII scan,21647.0
347,364,IIFL Finance Ltd.,IIFL,Financial Services,IIFL.NS,https://www.screener.in/company/IIFL/consolidated/,2026-07-16,Saved Screener.in FII scan,21487.0
348,272,Belrise Industries Ltd.,BELRISE,Automobile and Auto Components,BELRISE.NS,https://www.screener.in/company/BELRISE/consolidated/,2026-07-16,Saved Screener.in FII scan,21268.0
349,1509,KIOCL Limited,KIOCL,,KIOCL.NS,https://www.screener.in/company/KIOCL/consolidated/,2026-09-23,Yahoo Finance,21231.78
350,314,Deepak Nitrite Ltd.,DEEPAKNTR,Chemicals,DEEPAKNTR.NS,https://www.screener.in/company/DEEPAKNTR/consolidated/,2026-07-16,Saved Screener.in FII scan,21225.0
351,468,Sumitomo Chemical India Ltd.,SUMICHEM,Chemicals,SUMICHEM.NS,https://www.screener.in/company/SUMICHEM/consolidated/,2026-07-16,Saved Screener.in FII scan,21114.0
352,398,Kaynes Technology India Ltd.,KAYNES,Capital Goods,KAYNES.NS,https://www.screener.in/company/KAYNES/consolidated/,2026-07-16,Saved Screener.in FII scan,21087.0
353,351,Great Eastern Shipping Co. Ltd.,GESHIP,Services,GESHIP.NS,https://www.screener.in/company/GESHIP/consolidated/,2026-07-16,Saved Screener.in FII scan,21068.0
354,593,Hatsun Agro Product Ltd.,HATSUN,Fast Moving Consumer Goods,HATSUN.NS,https://www.screener.in/company/HATSUN/consolidated/,2026-07-16,Saved Screener.in FII scan,20544.0
355,428,Ola Electric Mobility Ltd.,OLAELEC,Automobile and Auto Components,OLAELEC.NS,https://www.screener.in/company/OLAELEC/consolidated/,2026-07-16,Saved Screener.in FII scan,20476.0
356,495,Urban Company Ltd.,URBANCO,Consumer Services,URBANCO.NS,https://www.screener.in/company/URBANCO/consolidated/,2026-07-16,Saved Screener.in FII scan,20419.0
357,363,IFCI Ltd.,IFCI,Financial Services,IFCI.NS,https://www.screener.in/company/IFCI/consolidated/,2026-07-16,Saved Screener.in FII scan,20409.0
358,437,Pfizer Ltd.,PFIZER,Healthcare,PFIZER.NS,https://www.screener.in/company/PFIZER/consolidated/,2026-07-16,Saved Screener.in FII scan,20274.0
359,469,Sun TV Network Ltd.,SUNTV,Media Entertainment & Publication,SUNTV.NS,https://www.screener.in/company/SUNTV/consolidated/,2026-07-16,Saved Screener.in FII scan,20270.0
360,323,EIH Ltd.,EIHOTEL,Consumer Services,EIHOTEL.NS,https://www.screener.in/company/EIHOTEL/consolidated/,2026-07-16,Saved Screener.in FII scan,20105.0
361,697,Sansera Engineering Ltd.,SANSERA,Automobile and Auto Components,SANSERA.NS,https://www.screener.in/company/SANSERA/consolidated/,2026-07-16,Saved Screener.in FII scan,20044.0
362,251,Affle 3i Ltd.,AFFLE,Information Technology,AFFLE.NS,https://www.screener.in/company/AFFLE/consolidated/,2026-07-16,Saved Screener.in FII scan,20006.0
363,286,Caplin Point Laboratories Ltd.,CAPLIPOINT,Healthcare,CAPLIPOINT.NS,https://www.screener.in/company/CAPLIPOINT/consolidated/,2026-07-16,Saved Screener.in FII scan,19988.0
364,456,Sammaan Capital Ltd.,SAMMAANCAP,Financial Services,SAMMAANCAP.NS,https://www.screener.in/company/SAMMAANCAP/consolidated/,2026-07-16,Saved Screener.in FII scan,19979.0
365,331,Eris Lifesciences Ltd.,ERIS,Healthcare,ERIS.NS,https://www.screener.in/company/ERIS/consolidated/,2026-07-16,Saved Screener.in FII scan,19913.0
366,348,Granules India Ltd.,GRANULES,Healthcare,GRANULES.NS,https://www.screener.in/company/GRANULES/consolidated/,2026-07-16,Saved Screener.in FII scan,19873.0
367,719,Sundram Fasteners Ltd.,SUNDRMFAST,Automobile and Auto Components,SUNDRMFAST.NS,https://www.screener.in/company/SUNDRMFAST/consolidated/,2026-07-16,Saved Screener.in FII scan,19793.0
368,303,Computer Age Management Services Ltd.,CAMS,Financial Services,CAMS.NS,https://www.screener.in/company/CAMS/consolidated/,2026-07-16,Saved Screener.in FII scan,19696.0
369,313,Deepak Fertilisers & Petrochemicals Corp. Ltd.,DEEPAKFERT,Chemicals,DEEPAKFERT.NS,https://www.screener.in/company/DEEPAKFERT/consolidated/,2026-07-16,Saved Screener.in FII scan,19607.0
370,265,Atul Ltd.,ATUL,Chemicals,ATUL.NS,https://www.screener.in/company/ATUL/consolidated/,2026-07-16,Saved Screener.in FII scan,19252.0
371,724,TD Power Systems Ltd.,TDPOWERSYS,Capital Goods,TDPOWERSYS.NS,https://www.screener.in/company/TDPOWERSYS/consolidated/,2026-07-16,Saved Screener.in FII scan,19239.0
372,395,Kajaria Ceramics Ltd.,KAJARIACER,Consumer Durables,KAJARIACER.NS,https://www.screener.in/company/KAJARIACER/consolidated/,2026-07-16,Saved Screener.in FII scan,19205.0
373,325,Elgi Equipments Ltd.,ELGIEQUIP,Capital Goods,ELGIEQUIP.NS,https://www.screener.in/company/ELGIEQUIP/consolidated/,2026-07-16,Saved Screener.in FII scan,19127.0
374,290,Castrol India Ltd.,CASTROLIND,Oil Gas & Consumable Fuels,CASTROLIND.NS,https://www.screener.in/company/CASTROLIND/consolidated/,2026-09-23,Yahoo Finance,19112.81
375,394,KPIT Technologies Ltd.,KPITTECH,Information Technology,KPITTECH.NS,https://www.screener.in/company/KPITTECH/consolidated/,2026-07-16,Saved Screener.in FII scan,18828.0
376,296,Chambal Fertilizers & Chemicals Ltd.,CHAMBLFERT,Chemicals,CHAMBLFERT.NS,https://www.screener.in/company/CHAMBLFERT/consolidated/,2026-07-16,Saved Screener.in FII scan,18799.0
377,430,Onesource Specialty Pharma Ltd.,ONESOURCE,Healthcare,ONESOURCE.NS,https://www.screener.in/company/ONESOURCE/consolidated/,2026-07-16,Saved Screener.in FII scan,18755.0
378,271,Bayer Cropscience Ltd.,BAYERCROP,Chemicals,BAYERCROP.NS,https://www.screener.in/company/BAYERCROP/consolidated/,2026-07-16,Saved Screener.in FII scan,18684.0
379,253,Allied Blenders and Distillers Ltd.,ABDL,Fast Moving Consumer Goods,ABDL.NS,https://www.screener.in/company/ABDL/consolidated/,2026-07-16,Saved Screener.in FII scan,18601.0
380,257,Anant Raj Ltd.,ANANTRAJ,Realty,ANANTRAJ.NS,https://www.screener.in/company/ANANTRAJ/consolidated/,2026-07-16,Saved Screener.in FII scan,18534.0
381,497,Vardhman Textiles Ltd.,VTL,Textiles,VTL.NS,https://www.screener.in/company/VTL/consolidated/,2026-07-16,Saved Screener.in FII scan,18525.0
382,454,Sagility Ltd.,SAGILITY,Information Technology,SAGILITY.NS,https://www.screener.in/company/SAGILITY/consolidated/,2026-07-16,Saved Screener.in FII scan,18524.0
383,475,Tata Chemicals Ltd.,TATACHEM,Chemicals,TATACHEM.NS,https://www.screener.in/company/TATACHEM/consolidated/,2026-07-16,Saved Screener.in FII scan,18470.0
384,705,Shriram Pistons & Rings Ltd.,SHRIPISTON,Automobile and Auto Components,SHRIPISTON.NS,https://www.screener.in/company/SHRIPISTON/consolidated/,2026-07-16,Saved Screener.in FII scan,18455.0
385,352,Gujarat Mineral Development Corporation Ltd.,GMDCLTD,Metals & Mining,GMDCLTD.NS,https://www.screener.in/company/GMDCLTD/consolidated/,2026-07-16,Saved Screener.in FII scan,18423.0
386,382,JSW Cement Ltd.,JSWCEMENT,Construction Materials,JSWCEMENT.NS,https://www.screener.in/company/JSWCEMENT/consolidated/,2026-07-16,Saved Screener.in FII scan,18371.0
387,507,Zydus Wellness Ltd.,ZYDUSWELL,Fast Moving Consumer Goods,ZYDUSWELL.NS,https://www.screener.in/company/ZYDUSWELL/consolidated/,2026-07-16,Saved Screener.in FII scan,18307.0
388,439,Pine Labs Ltd.,PINELABS,Financial Services,PINELABS.NS,https://www.screener.in/company/PINELABS/consolidated/,2026-07-16,Saved Screener.in FII scan,18289.0
389,517,Aether Industries Ltd.,AETHER,Chemicals,AETHER.NS,https://www.screener.in/company/AETHER/consolidated/,2026-07-16,Saved Screener.in FII scan,18056.0
390,334,Finolex Cables Ltd.,FINCABLES,Capital Goods,FINCABLES.NS,https://www.screener.in/company/FINCABLES/consolidated/,2026-07-16,Saved Screener.in FII scan,18032.0
391,338,Gabriel India Ltd.,GABRIEL,Automobile and Auto Components,GABRIEL.NS,https://www.screener.in/company/GABRIEL/consolidated/,2026-07-16,Saved Screener.in FII scan,17984.0
392,458,Sarda Energy and Minerals Ltd.,SARDAEN,Metals & Mining,SARDAEN.NS,https://www.screener.in/company/SARDAEN/consolidated/,2026-07-16,Saved Screener.in FII scan,17950.0
393,295,Chalet Hotels Ltd.,CHALET,Consumer Services,CHALET.NS,https://www.screener.in/company/CHALET/consolidated/,2026-07-16,Saved Screener.in FII scan,17833.0
394,472,Syngene International Ltd.,SYNGENE,Healthcare,SYNGENE.NS,https://www.screener.in/company/SYNGENE/consolidated/,2026-07-16,Saved Screener.in FII scan,17824.0
395,767,Ratnamani Metals & Tubes Ltd.,RATNAMANI,Capital Goods,RATNAMANI.NS,https://www.screener.in/company/RATNAMANI/consolidated/,2026-07-16,Saved Screener.in FII scan,17772.0
396,548,CIE Automotive India Ltd.,CIEINDIA,Automobile and Auto Components,CIEINDIA.NS,https://www.screener.in/company/CIEINDIA/consolidated/,2026-07-16,Saved Screener.in FII scan,17739.0
397,1055,Central Mine Planning & Design Institute Limited,CMPDI,,CMPDI.NS,https://www.screener.in/company/CMPDI/consolidated/,2026-07-16,Saved Screener.in FII scan,17686.0
398,307,Crompton Greaves Consumer Electricals Ltd.,CROMPTON,Consumer Durables,CROMPTON.NS,https://www.screener.in/company/CROMPTON/consolidated/,2026-07-16,Saved Screener.in FII scan,17659.0
399,600,INOX India Ltd.,INOXINDIA,Capital Goods,INOXINDIA.NS,https://www.screener.in/company/INOXINDIA/consolidated/,2026-07-16,Saved Screener.in FII scan,17659.0
400,392,Jyoti CNC Automation Ltd.,JYOTICNC,Capital Goods,JYOTICNC.NS,https://www.screener.in/company/JYOTICNC/consolidated/,2026-07-16,Saved Screener.in FII scan,17616.0
401,326,Emami Ltd.,EMAMILTD,Fast Moving Consumer Goods,EMAMILTD.NS,https://www.screener.in/company/EMAMILTD/consolidated/,2026-07-16,Saved Screener.in FII scan,17578.0
402,302,Cohance Lifesciences Ltd.,COHANCE,Healthcare,COHANCE.NS,https://www.screener.in/company/COHANCE/consolidated/,2026-07-16,Saved Screener.in FII scan,17388.0
403,345,Godawari Power & Ispat Ltd.,GPIL,Capital Goods,GPIL.NS,https://www.screener.in/company/GPIL/consolidated/,2026-07-16,Saved Screener.in FII scan,17309.0
404,297,Chennai Petroleum Corporation Ltd.,CHENNPETRO,Oil Gas & Consumable Fuels,CHENNPETRO.NS,https://www.screener.in/company/CHENNPETRO/consolidated/,2026-07-16,Saved Screener.in FII scan,17274.0
405,666,Prime Focus Ltd.,PFOCUS,Media Entertainment & Publication,PFOCUS.NS,https://www.screener.in/company/PFOCUS/consolidated/,2026-07-16,Saved Screener.in FII scan,17195.0
406,490,Travel Food Services Ltd.,TRAVELFOOD,Consumer Services,TRAVELFOOD.NS,https://www.screener.in/company/TRAVELFOOD/consolidated/,2026-07-16,Saved Screener.in FII scan,17185.0
407,441,Poly Medicure Ltd.,POLYMED,Healthcare,POLYMED.NS,https://www.screener.in/company/POLYMED/consolidated/,2026-07-16,Saved Screener.in FII scan,17168.0
408,420,Nava Ltd.,NAVA,Power,NAVA.NS,https://www.screener.in/company/NAVA/consolidated/,2026-07-16,Saved Screener.in FII scan,17089.0
409,386,Jammu & Kashmir Bank Ltd.,J&KBANK,Financial Services,J&KBANK.NS,https://www.screener.in/company/J&KBANK/consolidated/,2026-07-16,Saved Screener.in FII scan,16991.0
410,1576,LMW Limited,LMW,,LMW.NS,https://www.screener.in/company/LMW/consolidated/,2026-07-16,Saved Screener.in FII scan,16961.0
411,298,Choice International Ltd.,CHOICEIN,Financial Services,CHOICEIN.NS,https://www.screener.in/company/CHOICEIN/consolidated/,2026-07-16,Saved Screener.in FII scan,16868.0
412,387,Jindal Saw Ltd.,JINDALSAW,Capital Goods,JINDALSAW.NS,https://www.screener.in/company/JINDALSAW/consolidated/,2026-07-16,Saved Screener.in FII scan,16835.0
413,339,Gallantt Ispat Ltd.,GALLANTT,Capital Goods,GALLANTT.NS,https://www.screener.in/company/GALLANTT/consolidated/,2026-07-16,Saved Screener.in FII scan,16791.0
414,544,Black Box Ltd.,BBOX,Information Technology,BBOX.NS,https://www.screener.in/company/BBOX/consolidated/,2026-07-16,Saved Screener.in FII scan,16766.0
415,531,AstraZenca Pharma India Ltd.,ASTRAZEN,Healthcare,ASTRAZEN.NS,https://www.screener.in/company/ASTRAZEN/consolidated/,2026-09-23,Yahoo Finance,16765.0
416,530,Astra Microwave Products Ltd.,ASTRAMICRO,Capital Goods,ASTRAMICRO.NS,https://www.screener.in/company/ASTRAMICRO/consolidated/,2026-07-16,Saved Screener.in FII scan,16702.0
417,623,KSB Ltd.,KSB,Capital Goods,KSB.NS,https://www.screener.in/company/KSB/consolidated/,2026-07-16,Saved Screener.in FII scan,16656.0
418,239,Aarti Industries Ltd.,AARTIIND,Chemicals,AARTIIND.NS,https://www.screener.in/company/AARTIIND/consolidated/,2026-07-16,Saved Screener.in FII scan,16651.0
419,415,NATCO Pharma Ltd.,NATCOPHARM,Healthcare,NATCOPHARM.NS,https://www.screener.in/company/NATCOPHARM/consolidated/,2026-07-16,Saved Screener.in FII scan,16566.0
420,624,Kansai Nerolac Paints Ltd.,KANSAINER,Consumer Durables,KANSAINER.NS,https://www.screener.in/company/KANSAINER/consolidated/,2026-07-16,Saved Screener.in FII scan,16534.0
421,731,Thangamayil Jewellery Ltd.,THANGAMAYL,Consumer Durables,THANGAMAYL.NS,https://www.screener.in/company/THANGAMAYL/consolidated/,2026-09-23,Yahoo Finance,16526.31
422,413,Minda Corporation Ltd.,MINDACORP,Automobile and Auto Components,MINDACORP.NS,https://www.screener.in/company/MINDACORP/consolidated/,2026-07-16,Saved Screener.in FII scan,16508.0
423,1217,Fine Organic Industries Limited,FINEORG,,FINEORG.NS,https://www.screener.in/company/FINEORG/consolidated/,2026-07-16,Saved Screener.in FII scan,16464.0
424,555,Century Plyboards (India) Ltd.,CENTURYPLY,Consumer Durables,CENTURYPLY.NS,https://www.screener.in/company/CENTURYPLY/consolidated/,2026-07-16,Saved Screener.in FII scan,16447.0
425,627,Kirloskar Brothers Ltd.,KIRLOSBROS,Capital Goods,KIRLOSBROS.NS,https://www.screener.in/company/KIRLOSBROS/consolidated/,2026-07-16,Saved Screener.in FII scan,16435.0
426,379,JBM Auto Ltd.,JBMA,Automobile and Auto Components,JBMA.NS,https://www.screener.in/company/JBMA/consolidated/,2026-07-16,Saved Screener.in FII scan,16406.0
427,335,Firstsource Solutions Ltd.,FSL,Services,FSL.NS,https://www.screener.in/company/FSL/consolidated/,2026-07-16,Saved Screener.in FII scan,16311.0
428,279,Brigade Enterprises Ltd.,BRIGADE,Realty,BRIGADE.NS,https://www.screener.in/company/BRIGADE/consolidated/,2026-07-16,Saved Screener.in FII scan,16282.0
429,273,Bikaji Foods International Ltd.,BIKAJI,Fast Moving Consumer Goods,BIKAJI.NS,https://www.screener.in/company/BIKAJI/consolidated/,2026-07-16,Saved Screener.in FII scan,16241.0
430,520,Alembic Pharmaceuticals Ltd.,APLLTD,Healthcare,APLLTD.NS,https://www.screener.in/company/APLLTD/consolidated/,2026-07-16,Saved Screener.in FII scan,16059.0
431,407,Leela Palaces Hotels & Resorts Ltd.,THELEELA,Consumer Services,THELEELA.NS,https://www.screener.in/company/THELEELA/consolidated/,2026-07-16,Saved Screener.in FII scan,16018.0
432,505,Zen Technologies Ltd.,ZENTEC,Capital Goods,ZENTEC.NS,https://www.screener.in/company/ZENTEC/consolidated/,2026-07-16,Saved Screener.in FII scan,16003.0
433,1052,Clean Max Enviro Energy Solutions Limited,CLEANMAX,,CLEANMAX.NS,https://www.screener.in/company/CLEANMAX/consolidated/,2026-07-16,Saved Screener.in FII scan,15942.0
434,309,DCM Shriram Ltd.,DCMSHRIRAM,Diversified,DCMSHRIRAM.NS,https://www.screener.in/company/DCMSHRIRAM/consolidated/,2026-07-16,Saved Screener.in FII scan,15926.0
435,281,CCL Products (I) Ltd.,CCL,Fast Moving Consumer Goods,CCL.NS,https://www.screener.in/company/CCL/consolidated/,2026-07-16,Saved Screener.in FII scan,15890.0
436,516,Aequs Ltd.,AEQUS,Capital Goods,AEQUS.NS,https://www.screener.in/company/AEQUS/consolidated/,2026-07-16,Saved Screener.in FII scan,15855.0
437,524,Apollo Micro Systems Ltd.,APOLLO,Capital Goods,APOLLO.NS,https://www.screener.in/company/APOLLO/consolidated/,2026-07-16,Saved Screener.in FII scan,15700.0
438,1873,Punjab & Sind Bank,PSB,,PSB.NS,https://www.screener.in/company/PSB/consolidated/,2026-09-23,Yahoo Finance,15681.24
439,952,BASF India Limited,BASF,,BASF.NS,https://www.screener.in/company/BASF/consolidated/,2026-07-16,Saved Screener.in FII scan,15659.0
440,374,Inox Wind Ltd.,INOXWIND,Capital Goods,INOXWIND.NS,https://www.screener.in/company/INOXWIND/consolidated/,2026-07-16,Saved Screener.in FII scan,15547.0
441,581,Garware Hi-Tech Films Ltd.,GRWRHITECH,Capital Goods,GRWRHITECH.NS,https://www.screener.in/company/GRWRHITECH/consolidated/,2026-07-16,Saved Screener.in FII scan,15508.0
442,500,Welspun Living Ltd.,WELSPUNLIV,Textiles,WELSPUNLIV.NS,https://www.screener.in/company/WELSPUNLIV/consolidated/,2026-07-16,Saved Screener.in FII scan,15476.0
443,474,TBO Tek Ltd.,TBOTEK,Consumer Services,TBOTEK.NS,https://www.screener.in/company/TBOTEK/consolidated/,2026-07-16,Saved Screener.in FII scan,15467.0
444,254,Amara Raja Energy & Mobility Ltd.,ARE&M,Automobile and Auto Components,ARE&M.NS,https://www.screener.in/company/ARE&M/consolidated/,2026-07-16,Saved Screener.in FII scan,15415.0
445,390,Jubilant Pharmova Ltd.,JUBLPHARMA,Healthcare,JUBLPHARMA.NS,https://www.screener.in/company/JUBLPHARMA/consolidated/,2026-07-16,Saved Screener.in FII scan,15325.0
446,1229,Fractal Analytics Limited,FRACTAL,,FRACTAL.NS,https://www.screener.in/company/FRACTAL/consolidated/,2026-07-16,Saved Screener.in FII scan,15321.0
447,400,Kfin Technologies Ltd.,KFINTECH,Financial Services,KFINTECH.NS,https://www.screener.in/company/KFINTECH/consolidated/,2026-07-16,Saved Screener.in FII scan,15321.0
448,527,Arvind Ltd.,ARVIND,Textiles,ARVIND.NS,https://www.screener.in/company/ARVIND/consolidated/,2026-07-16,Saved Screener.in FII scan,15271.0
449,432,PG Electroplast Ltd.,PGEL,Consumer Durables,PGEL.NS,https://www.screener.in/company/PGEL/consolidated/,2026-07-16,Saved Screener.in FII scan,15245.0
450,376,International Gemmological Institute (India) Ltd.,IGIL,Services,IGIL.NS,https://www.screener.in/company/IGIL/consolidated/,2026-07-16,Saved Screener.in FII scan,15177.0
451,637,Maharashtra Scooters Ltd.,MAHSCOOTER,Financial Services,MAHSCOOTER.NS,https://www.screener.in/company/MAHSCOOTER/consolidated/,2026-09-23,Yahoo Finance,15164.57
452,562,Dr. Agarwal's Health Care Ltd.,AGARWALEYE,Healthcare,AGARWALEYE.NS,https://www.screener.in/company/AGARWALEYE/consolidated/,2026-07-16,Saved Screener.in FII scan,15152.0
453,496,Usha Martin Ltd.,USHAMART,Capital Goods,USHAMART.NS,https://www.screener.in/company/USHAMART/consolidated/,2026-07-16,Saved Screener.in FII scan,15143.0
454,353,Gujarat State Petronet Ltd.,GSPL,Oil Gas & Consumable Fuels,GSPL.NS,https://www.screener.in/company/GSPL/consolidated/,2026-07-16,Saved Screener.in FII scan,15141.0
455,336,Five-Star Business Finance Ltd.,FIVESTAR,Financial Services,FIVESTAR.NS,https://www.screener.in/company/FIVESTAR/consolidated/,2026-07-16,Saved Screener.in FII scan,14973.0
456,464,Sobha Ltd.,SOBHA,Realty,SOBHA.NS,https://www.screener.in/company/SOBHA/consolidated/,2026-07-16,Saved Screener.in FII scan,14853.0
457,425,Niva Bupa Health Insurance Company Ltd.,NIVABUPA,Financial Services,NIVABUPA.NS,https://www.screener.in/company/NIVABUPA/consolidated/,2026-09-23,Yahoo Finance,14839.7
458,245,Aditya Birla Real Estate Ltd.,ABREL,Realty,ABREL.NS,https://www.screener.in/company/ABREL/consolidated/,2026-07-16,Saved Screener.in FII scan,14795.0
459,383,JSW Dulux Ltd.,JSWDULUX,Consumer Durables,JSWDULUX.NS,https://www.screener.in/company/JSWDULUX/consolidated/,2026-07-16,Saved Screener.in FII scan,14791.0
460,2292,Ventive Hospitality Limited,VENTIVE,,VENTIVE.NS,https://www.screener.in/company/VENTIVE/consolidated/,2026-07-16,Saved Screener.in FII scan,14713.0
461,266,BEML Ltd.,BEML,Capital Goods,BEML.NS,https://www.screener.in/company/BEML/consolidated/,2026-07-16,Saved Screener.in FII scan,14604.0
462,728,Tamilnad Mercantile Bank Ltd.,TMB,Financial Services,TMB.NS,https://www.screener.in/company/TMB/consolidated/,2026-09-23,Yahoo Finance,14590.5
463,1329,Happy Forgings Limited,HAPPYFORGE,,HAPPYFORGE.NS,https://www.screener.in/company/HAPPYFORGE/consolidated/,2026-07-16,Saved Screener.in FII scan,14551.0
464,259,Anupam Rasayan India Ltd.,ANURAS,Chemicals,ANURAS.NS,https://www.screener.in/company/ANURAS/consolidated/,2026-07-16,Saved Screener.in FII scan,14495.0
465,360,Honasa Consumer Ltd.,HONASA,Fast Moving Consumer Goods,HONASA.NS,https://www.screener.in/company/HONASA/consolidated/,2026-07-16,Saved Screener.in FII scan,14454.0
466,448,Rainbow Childrens Medicare Ltd.,RAINBOW,Healthcare,RAINBOW.NS,https://www.screener.in/company/RAINBOW/consolidated/,2026-07-16,Saved Screener.in FII scan,14442.0
467,668,Privi Speciality Chemicals Ltd.,PRIVISCL,Chemicals,PRIVISCL.NS,https://www.screener.in/company/PRIVISCL/consolidated/,2026-07-16,Saved Screener.in FII scan,14382.0
468,285,Canara HSBC Life Insurance Company Ltd.,CANHLIFE,Financial Services,CANHLIFE.NS,https://www.screener.in/company/CANHLIFE/consolidated/,2026-09-23,Yahoo Finance,14366.71
469,691,SKF India (Industrial) Ltd.,SKFINDUS,Capital Goods,SKFINDUS.NS,https://www.screener.in/company/SKFINDUS/consolidated/,2026-09-23,Yahoo Finance,14267.3
470,461,Shipping Corporation of India Ltd.,SCI,Services,SCI.NS,https://www.screener.in/company/SCI/consolidated/,2026-07-16,Saved Screener.in FII scan,14186.0
471,436,Paradeep Phosphates Ltd.,PARADEEP,Chemicals,PARADEEP.NS,https://www.screener.in/company/PARADEEP/consolidated/,2026-07-16,Saved Screener.in FII scan,14119.0
472,521,Alivus Life Sciences Ltd.,ALIVUS,Healthcare,ALIVUS.NS,https://www.screener.in/company/ALIVUS/consolidated/,2026-07-16,Saved Screener.in FII scan,14051.0
473,532,Atlanta Electricals Ltd.,ATLANTAELE,Capital Goods,ATLANTAELE.NS,https://www.screener.in/company/ATLANTAELE/consolidated/,2026-07-16,Saved Screener.in FII scan,14023.0
474,399,Kec International Ltd.,KEC,Construction,KEC.NS,https://www.screener.in/company/KEC/consolidated/,2026-07-16,Saved Screener.in FII scan,13985.0
475,291,Ceat Ltd.,CEATLTD,Automobile and Auto Components,CEATLTD.NS,https://www.screener.in/company/CEATLTD/consolidated/,2026-07-16,Saved Screener.in FII scan,13969.0
476,498,Vijaya Diagnostic Centre Ltd.,VIJAYA,Healthcare,VIJAYA.NS,https://www.screener.in/company/VIJAYA/consolidated/,2026-07-16,Saved Screener.in FII scan,13967.0
477,310,DOMS Industries Ltd.,DOMS,Fast Moving Consumer Goods,DOMS.NS,https://www.screener.in/company/DOMS/consolidated/,2026-07-16,Saved Screener.in FII scan,13935.0
478,2309,Vinati Organics Limited,VINATIORGA,,VINATIORGA.NS,https://www.screener.in/company/VINATIORGA/consolidated/,2026-07-16,Saved Screener.in FII scan,13926.0
479,316,Devyani International Ltd.,DEVYANI,Consumer Services,DEVYANI.NS,https://www.screener.in/company/DEVYANI/consolidated/,2026-07-16,Saved Screener.in FII scan,13901.0
480,261,Aptus Value Housing Finance India Ltd.,APTUS,Financial Services,APTUS.NS,https://www.screener.in/company/APTUS/consolidated/,2026-07-16,Saved Screener.in FII scan,13869.0
481,470,Supreme Petrochem Ltd.,SPLPETRO,Chemicals,SPLPETRO.NS,https://www.screener.in/company/SPLPETRO/consolidated/,2026-07-16,Saved Screener.in FII scan,13656.0
482,330,Engineers India Ltd.,ENGINERSIN,Construction,ENGINERSIN.NS,https://www.screener.in/company/ENGINERSIN/consolidated/,2026-07-16,Saved Screener.in FII scan,13556.0
483,2014,SEDEMAC Mechatronics Limited,SEDEMAC,,SEDEMAC.NS,https://www.screener.in/company/SEDEMAC/consolidated/,2026-09-23,Yahoo Finance,13405.72
484,610,JSW Holdings Ltd.,JSWHL,Financial Services,JSWHL.NS,https://www.screener.in/company/JSWHL/consolidated/,2026-07-16,Saved Screener.in FII scan,13375.0
485,741,V-Guard Industries Ltd.,VGUARD,Consumer Durables,VGUARD.NS,https://www.screener.in/company/VGUARD/consolidated/,2026-07-16,Saved Screener.in FII scan,13351.0
486,1417,Ingersoll Rand (India) Limited,INGERRAND,,INGERRAND.NS,https://www.screener.in/company/INGERRAND/consolidated/,2026-09-23,Yahoo Finance,13348.21
487,699,Shaily Engineering Plastics Ltd.,SHAILY,Consumer Durables,SHAILY.NS,https://www.screener.in/company/SHAILY/consolidated/,2026-07-16,Saved Screener.in FII scan,13339.0
488,304,Concord Biotech Ltd.,CONCORDBIO,Healthcare,CONCORDBIO.NS,https://www.screener.in/company/CONCORDBIO/consolidated/,2026-07-16,Saved Screener.in FII scan,13330.0
489,491,Trident Ltd.,TRIDENT,Textiles,TRIDENT.NS,https://www.screener.in/company/TRIDENT/consolidated/,2026-07-16,Saved Screener.in FII scan,13295.0
490,2030,Shadowfax Technologies Limited,SHADOWFAX,,SHADOWFAX.NS,https://www.screener.in/company/SHADOWFAX/consolidated/,2026-07-16,Saved Screener.in FII scan,13162.0
491,1157,E2E Networks Limited,E2E,,E2E.NS,https://www.screener.in/company/E2E/consolidated/,2026-09-23,Yahoo Finance,13049.66
492,405,LT Foods Ltd.,LTFOODS,Fast Moving Consumer Goods,LTFOODS.NS,https://www.screener.in/company/LTFOODS/consolidated/,2026-07-16,Saved Screener.in FII scan,12984.0
493,538,Azad Engineering Ltd.,AZAD,Capital Goods,AZAD.NS,https://www.screener.in/company/AZAD/consolidated/,2026-07-16,Saved Screener.in FII scan,12974.0
494,766,Park Medi World Ltd.,PARKHOSPS,Healthcare,PARKHOSPS.NS,https://www.screener.in/company/PARKHOSPS/consolidated/,2026-07-16,Saved Screener.in FII scan,12969.0
495,418,NMDC Steel Ltd.,NSLNISP,Metals & Mining,NSLNISP.NS,https://www.screener.in/company/NSLNISP/consolidated/,2026-09-23,Yahoo Finance,12880.01
496,740,Ujjivan Small Finance Bank Ltd.,UJJIVANSFB,Financial Services,UJJIVANSFB.NS,https://www.screener.in/company/UJJIVANSFB/consolidated/,2026-09-23,Yahoo Finance,12878.92
497,431,PCBL Chemical Ltd.,PCBL,Chemicals,PCBL.NS,https://www.screener.in/company/PCBL/consolidated/,2026-07-16,Saved Screener.in FII scan,12784.0
498,322,E.I.D. Parry (India) Ltd.,EIDPARRY,Fast Moving Consumer Goods,EIDPARRY.NS,https://www.screener.in/company/EIDPARRY/consolidated/,2026-07-16,Saved Screener.in FII scan,12783.0
499,535,Avanti Feeds Ltd.,AVANTIFEED,Fast Moving Consumer Goods,AVANTIFEED.NS,https://www.screener.in/company/AVANTIFEED/consolidated/,2026-07-16,Saved Screener.in FII scan,12775.0
500,289,Cartrade Tech Ltd.,CARTRADE,Consumer Services,CARTRADE.NS,https://www.screener.in/company/CARTRADE/consolidated/,2026-07-16,Saved Screener.in FII scan,12752.0
501,482,Tega Industries Ltd.,TEGA,Capital Goods,TEGA.NS,https://www.screener.in/company/TEGA/consolidated/,2026-07-16,Saved Screener.in FII scan,12739.0
502,369,Indegene Ltd.,INDGN,Healthcare,INDGN.NS,https://www.screener.in/company/INDGN/consolidated/,2026-07-16,Saved Screener.in FII scan,12694.0
503,631,Lloyds Engineering Works Ltd.,LLOYDSENGG,Capital Goods,LLOYDSENGG.NS,https://www.screener.in/company/LLOYDSENGG/consolidated/,2026-07-16,Saved Screener.in FII scan,12675.0
504,508,eClerx Services Ltd.,ECLERX,Services,ECLERX.NS,https://www.screener.in/company/ECLERX/consolidated/,2026-07-16,Saved Screener.in FII scan,12651.0
505,359,Home First Finance Company India Ltd.,HOMEFIRST,Financial Services,HOMEFIRST.NS,https://www.screener.in/company/HOMEFIRST/consolidated/,2026-09-23,Yahoo Finance,12608.22
506,628,Kirloskar Pneumatic Company Ltd.,KIRLPNU,Capital Goods,KIRLPNU.NS,https://www.screener.in/company/KIRLPNU/consolidated/,2026-07-16,Saved Screener.in FII scan,12530.0
507,481,Techno Electric & Engineering Company Ltd.,TECHNOE,Construction,TECHNOE.NS,https://www.screener.in/company/TECHNOE/consolidated/,2026-07-16,Saved Screener.in FII scan,12488.0
508,745,Va Tech Wabag Ltd.,WABAG,Utilities,WABAG.NS,https://www.screener.in/company/WABAG/consolidated/,2026-07-16,Saved Screener.in FII scan,12473.0
509,366,IRCON International Ltd.,IRCON,Construction,IRCON.NS,https://www.screener.in/company/IRCON/consolidated/,2026-07-16,Saved Screener.in FII scan,12373.0
510,670,Prudent Corporate Advisory Services Ltd.,PRUDENT,Financial Services,PRUDENT.NS,https://www.screener.in/company/PRUDENT/consolidated/,2026-07-16,Saved Screener.in FII scan,12275.0
511,350,Gravita India Ltd.,GRAVITA,Metals & Mining,GRAVITA.NS,https://www.screener.in/company/GRAVITA/consolidated/,2026-07-16,Saved Screener.in FII scan,12252.0
512,429,Olectra Greentech Ltd.,OLECTRA,Automobile and Auto Components,OLECTRA.NS,https://www.screener.in/company/OLECTRA/consolidated/,2026-07-16,Saved Screener.in FII scan,12221.0
513,848,Amagi Media Labs Limited,AMAGI,,AMAGI.NS,https://www.screener.in/company/AMAGI/consolidated/,2026-07-16,Saved Screener.in FII scan,12115.0
514,534,Avalon Technologies Ltd.,AVALON,Capital Goods,AVALON.NS,https://www.screener.in/company/AVALON/consolidated/,2026-07-16,Saved Screener.in FII scan,12112.0
515,385,Jaiprakash Power Ventures Ltd.,JPPOWER,Power,JPPOWER.NS,https://www.screener.in/company/JPPOWER/consolidated/,2026-07-16,Saved Screener.in FII scan,12103.0
516,241,Action Construction Equipment Ltd.,ACE,Capital Goods,ACE.NS,https://www.screener.in/company/ACE/consolidated/,2026-07-16,Saved Screener.in FII scan,12101.0
517,384,Jain Resource Recycling Ltd.,JAINREC,Metals & Mining,JAINREC.NS,https://www.screener.in/company/JAINREC/consolidated/,2026-07-16,Saved Screener.in FII scan,12064.0
518,324,Elecon Engineering Co. Ltd.,ELECON,Capital Goods,ELECON.NS,https://www.screener.in/company/ELECON/consolidated/,2026-07-16,Saved Screener.in FII scan,12038.0
519,708,South Indian Bank Ltd.,SOUTHBANK,Financial Services,SOUTHBANK.NS,https://www.screener.in/company/SOUTHBANK/consolidated/,2026-07-16,Saved Screener.in FII scan,12033.0
520,761,CORONA Remedies Ltd.,CORONA,Healthcare,CORONA.NS,https://www.screener.in/company/CORONA/consolidated/,2026-07-16,Saved Screener.in FII scan,12031.0
521,640,Marksans Pharma Ltd.,MARKSANS,Healthcare,MARKSANS.NS,https://www.screener.in/company/MARKSANS/consolidated/,2026-07-16,Saved Screener.in FII scan,12016.0
522,494,UTI Asset Management Company Ltd.,UTIAMC,Financial Services,UTIAMC.NS,https://www.screener.in/company/UTIAMC/consolidated/,2026-07-16,Saved Screener.in FII scan,12006.0
523,349,Graphite India Ltd.,GRAPHITE,Capital Goods,GRAPHITE.NS,https://www.screener.in/company/GRAPHITE/consolidated/,2026-07-16,Saved Screener.in FII scan,11959.0
524,488,Titagarh Rail Systems Ltd.,TITAGARH,Capital Goods,TITAGARH.NS,https://www.screener.in/company/TITAGARH/consolidated/,2026-07-16,Saved Screener.in FII scan,11848.0
525,240,Aavas Financiers Ltd.,AAVAS,Financial Services,AAVAS.NS,https://www.screener.in/company/AAVAS/consolidated/,2026-07-16,Saved Screener.in FII scan,11842.0
526,244,Aditya Birla Lifestyle Brands Ltd.,ABLBL,Consumer Services,ABLBL.NS,https://www.screener.in/company/ABLBL/consolidated/,2026-07-16,Saved Screener.in FII scan,11839.0
527,703,Shilpa Medicare Ltd.,SHILPAMED,Healthcare,SHILPAMED.NS,https://www.screener.in/company/SHILPAMED/consolidated/,2026-07-16,Saved Screener.in FII scan,11824.0
528,751,Viyash Scientific Ltd.,VIYASH,Healthcare,VIYASH.NS,https://www.screener.in/company/VIYASH/consolidated/,2026-07-16,Saved Screener.in FII scan,11824.0
529,275,Blue Dart Express Ltd.,BLUEDART,Services,BLUEDART.NS,https://www.screener.in/company/BLUEDART/consolidated/,2026-07-16,Saved Screener.in FII scan,11725.0
530,381,JM Financial Ltd.,JMFINANCIL,Financial Services,JMFINANCIL.NS,https://www.screener.in/company/JMFINANCIL/consolidated/,2026-07-16,Saved Screener.in FII scan,11699.0
531,370,India Cements Ltd.,INDIACEM,Construction Materials,INDIACEM.NS,https://www.screener.in/company/INDIACEM/consolidated/,2026-07-16,Saved Screener.in FII scan,11686.0
532,278,Brainbees Solutions Ltd.,FIRSTCRY,Consumer Services,FIRSTCRY.NS,https://www.screener.in/company/FIRSTCRY/consolidated/,2026-07-16,Saved Screener.in FII scan,11666.0
533,410,Mahanagar Gas Ltd.,MGL,Oil Gas & Consumable Fuels,MGL.NS,https://www.screener.in/company/MGL/consolidated/,2026-07-16,Saved Screener.in FII scan,11619.0
534,371,Indiamart Intermesh Ltd.,INDIAMART,Consumer Services,INDIAMART.NS,https://www.screener.in/company/INDIAMART/consolidated/,2026-07-16,Saved Screener.in FII scan,11518.0
535,565,Edelweiss Financial Services Ltd.,EDELWEISS,Financial Services,EDELWEISS.NS,https://www.screener.in/company/EDELWEISS/consolidated/,2026-07-16,Saved Screener.in FII scan,11481.0
536,250,Afcons Infrastructure Ltd.,AFCONS,Construction,AFCONS.NS,https://www.screener.in/company/AFCONS/consolidated/,2026-07-16,Saved Screener.in FII scan,11473.0
537,268,Balrampur Chini Mills Ltd.,BALRAMCHIN,Fast Moving Consumer Goods,BALRAMCHIN.NS,https://www.screener.in/company/BALRAMCHIN/consolidated/,2026-07-16,Saved Screener.in FII scan,11443.0
538,391,Jupiter Wagons Ltd.,JWL,Capital Goods,JWL.NS,https://www.screener.in/company/JWL/consolidated/,2026-07-16,Saved Screener.in FII scan,11411.0
539,2171,Swan Defence and Heavy Industries Limited,SWANDEF,,SWANDEF.NS,https://www.screener.in/company/SWANDEF/consolidated/,2026-07-16,Saved Screener.in FII scan,11382.0
540,380,JK Tyre & Industries Ltd.,JKTYRE,Automobile and Auto Components,JKTYRE.NS,https://www.screener.in/company/JKTYRE/consolidated/,2026-07-16,Saved Screener.in FII scan,11348.0
541,1167,Elantas Beck India Limited,ELANTAS,,ELANTAS.NS,https://www.screener.in/company/ELANTAS/consolidated/,2026-09-23,Yahoo Finance,11342.93
542,644,Metropolis Healthcare Ltd.,METROPOLIS,Healthcare,METROPOLIS.NS,https://www.screener.in/company/METROPOLIS/consolidated/,2026-07-16,Saved Screener.in FII scan,11279.0
543,650,Nazara Technologies Ltd.,NAZARA,Media Entertainment & Publication,NAZARA.NS,https://www.screener.in/company/NAZARA/consolidated/,2026-07-16,Saved Screener.in FII scan,11262.0
544,372,Indian Energy Exchange Ltd.,IEX,Financial Services,IEX.NS,https://www.screener.in/company/IEX/consolidated/,2026-07-16,Saved Screener.in FII scan,11173.0
545,632,Lloyds Enterprises Ltd.,LLOYDSENT,Metals & Mining,LLOYDSENT.NS,https://www.screener.in/company/LLOYDSENT/consolidated/,2026-07-16,Saved Screener.in FII scan,11145.0
546,735,Tilaknagar Industries Ltd.,TI,Fast Moving Consumer Goods,TI.NS,https://www.screener.in/company/TI/consolidated/,2026-07-16,Saved Screener.in FII scan,11124.0
547,560,Diamond Power Infrastructure Ltd.,DIACABS,Capital Goods,DIACABS.NS,https://www.screener.in/company/DIACABS/consolidated/,2026-07-16,Saved Screener.in FII scan,11030.0
548,483,Tejas Networks Ltd.,TEJASNET,Telecommunication,TEJASNET.NS,https://www.screener.in/company/TEJASNET/consolidated/,2026-07-16,Saved Screener.in FII scan,10980.0
549,752,Voltamp Transformers Ltd,VOLTAMP,Capital Goods,VOLTAMP.NS,https://www.screener.in/company/VOLTAMP/consolidated/,2026-09-23,Yahoo Finance,10925.48
550,576,Finolex Industries Ltd.,FINPIPE,Capital Goods,FINPIPE.NS,https://www.screener.in/company/FINPIPE/consolidated/,2026-07-16,Saved Screener.in FII scan,10837.0
551,427,Nuvoco Vistas Corporation Ltd.,NUVOCO,Construction Materials,NUVOCO.NS,https://www.screener.in/company/NUVOCO/consolidated/,2026-07-16,Saved Screener.in FII scan,10836.0
552,582,Godrej Agrovet Ltd.,GODREJAGRO,Fast Moving Consumer Goods,GODREJAGRO.NS,https://www.screener.in/company/GODREJAGRO/consolidated/,2026-07-16,Saved Screener.in FII scan,10705.0
553,277,Bombay Burmah Trading Corporation Ltd.,BBTC,Fast Moving Consumer Goods,BBTC.NS,https://www.screener.in/company/BBTC/consolidated/,2026-07-16,Saved Screener.in FII scan,10700.0
554,753,Waaree Renewable Technologies Ltd.,WAAREERTL,Capital Goods,WAAREERTL.NS,https://www.screener.in/company/WAAREERTL/consolidated/,2026-07-16,Saved Screener.in FII scan,10642.0
555,678,Rategain Travel Technologies Ltd.,RATEGAIN,Information Technology,RATEGAIN.NS,https://www.screener.in/company/RATEGAIN/consolidated/,2026-07-16,Saved Screener.in FII scan,10619.0
556,599,IIFL Capital Services Ltd.,IIFLCAPS,Financial Services,IIFLCAPS.NS,https://www.screener.in/company/IIFLCAPS/consolidated/,2026-07-16,Saved Screener.in FII scan,10562.0
557,633,Lumax Auto Technologies Ltd.,LUMAXTECH,Automobile and Auto Components,LUMAXTECH.NS,https://www.screener.in/company/LUMAXTECH/consolidated/,2026-07-16,Saved Screener.in FII scan,10537.0
558,267,BLS International Services Ltd.,BLS,Consumer Services,BLS.NS,https://www.screener.in/company/BLS/consolidated/,2026-07-16,Saved Screener.in FII scan,10399.0
559,463,Signatureglobal (India) Ltd.,SIGNATURE,Realty,SIGNATURE.NS,https://www.screener.in/company/SIGNATURE/consolidated/,2026-07-16,Saved Screener.in FII scan,10383.0
560,660,Paras Defence and Space Technologies Ltd.,PARAS,Capital Goods,PARAS.NS,https://www.screener.in/company/PARAS/consolidated/,2026-07-16,Saved Screener.in FII scan,10347.0
561,449,Ramkrishna Forgings Ltd.,RKFORGE,Automobile and Auto Components,RKFORGE.NS,https://www.screener.in/company/RKFORGE/consolidated/,2026-07-16,Saved Screener.in FII scan,10271.0
562,501,Whirlpool of India Ltd.,WHIRLPOOL,Consumer Durables,WHIRLPOOL.NS,https://www.screener.in/company/WHIRLPOOL/consolidated/,2026-07-16,Saved Screener.in FII scan,10261.0
563,451,Reliance Power Ltd.,RPOWER,Power,RPOWER.NS,https://www.screener.in/company/RPOWER/consolidated/,2026-07-16,Saved Screener.in FII scan,10257.0
564,409,MMTC Ltd.,MMTC,Services,MMTC.NS,https://www.screener.in/company/MMTC/consolidated/,2026-07-16,Saved Screener.in FII scan,10228.0
565,625,Karnataka Bank Ltd.,KTKBANK,Financial Services,KTKBANK.NS,https://www.screener.in/company/KTKBANK/consolidated/,2026-07-16,Saved Screener.in FII scan,10174.0
566,375,Intellect Design Arena Ltd.,INTELLECT,Information Technology,INTELLECT.NS,https://www.screener.in/company/INTELLECT/consolidated/,2026-07-16,Saved Screener.in FII scan,10135.0
567,452,SBFC Finance Ltd.,SBFC,Financial Services,SBFC.NS,https://www.screener.in/company/SBFC/consolidated/,2026-07-16,Saved Screener.in FII scan,10114.0
568,284,Can Fin Homes Ltd.,CANFINHOME,Financial Services,CANFINHOME.NS,https://www.screener.in/company/CANFINHOME/consolidated/,2026-09-23,Yahoo Finance,10092.45
569,713,Strides Pharma Science Ltd.,STAR,Healthcare,STAR.NS,https://www.screener.in/company/STAR/consolidated/,2026-07-16,Saved Screener.in FII scan,10063.0
570,354,H.E.G. Ltd.,HEG,Capital Goods,HEG.NS,https://www.screener.in/company/HEG/consolidated/,2026-07-16,Saved Screener.in FII scan,10017.0
571,504,Zee Entertainment Enterprises Ltd.,ZEEL,Media Entertainment & Publication,ZEEL.NS,https://www.screener.in/company/ZEEL/consolidated/,2026-07-16,Saved Screener.in FII scan,9999.0
572,447,Railtel Corporation Of India Ltd.,RAILTEL,Telecommunication,RAILTEL.NS,https://www.screener.in/company/RAILTEL/consolidated/,2026-07-16,Saved Screener.in FII scan,9930.0
573,489,Transformers And Rectifiers (India) Ltd.,TARIL,Capital Goods,TARIL.NS,https://www.screener.in/company/TARIL/consolidated/,2026-07-16,Saved Screener.in FII scan,9925.0
574,446,RITES Ltd.,RITES,Construction,RITES.NS,https://www.screener.in/company/RITES/consolidated/,2026-07-16,Saved Screener.in FII scan,9910.0
575,577,Fujiyama Power Systems Ltd.,UTLSOLAR,Capital Goods,UTLSOLAR.NS,https://www.screener.in/company/UTLSOLAR/consolidated/,2026-07-16,Saved Screener.in FII scan,9901.0
576,749,Vedant Fashions Ltd.,MANYAVAR,Consumer Services,MANYAVAR.NS,https://www.screener.in/company/MANYAVAR/consolidated/,2026-07-16,Saved Screener.in FII scan,9900.0
577,471,Swan Corp Ltd.,SWANCORP,Chemicals,SWANCORP.NS,https://www.screener.in/company/SWANCORP/consolidated/,2026-07-16,Saved Screener.in FII scan,9858.0
578,1550,Kwality Wall's (India) Limited,KWIL,,KWIL.NS,https://www.screener.in/company/KWIL/consolidated/,2026-09-23,Yahoo Finance,9849.49
579,769,SML Mahindra Ltd.,SMLMAH,Capital Goods,SMLMAH.NS,https://www.screener.in/company/SMLMAH/consolidated/,2026-09-23,Yahoo Finance,9832.04
580,748,Varroc Engineering Ltd.,VARROC,Automobile and Auto Components,VARROC.NS,https://www.screener.in/company/VARROC/consolidated/,2026-07-16,Saved Screener.in FII scan,9829.0
581,519,Akums Drugs and Pharmaceuticals Ltd.,AKUMS,Healthcare,AKUMS.NS,https://www.screener.in/company/AKUMS/consolidated/,2026-07-16,Saved Screener.in FII scan,9814.0
582,639,Manorama Industries Ltd.,MANORAMA,Fast Moving Consumer Goods,MANORAMA.NS,https://www.screener.in/company/MANORAMA/consolidated/,2026-07-16,Saved Screener.in FII scan,9804.0
583,696,Sandur Manganese & Iron Ores Ltd.,SANDUMA,Metals & Mining,SANDUMA.NS,https://www.screener.in/company/SANDUMA/consolidated/,2026-07-16,Saved Screener.in FII scan,9800.0
584,545,Blackbuck Ltd.,BLACKBUCK,Services,BLACKBUCK.NS,https://www.screener.in/company/BLACKBUCK/consolidated/,2026-07-16,Saved Screener.in FII scan,9780.0
585,2070,SIGMA ADVANCED SYSTEMS LIMITED,SIGMAADV,,SIGMAADV.NS,https://www.screener.in/company/SIGMAADV/consolidated/,2026-07-16,Saved Screener.in FII scan,9772.0
586,642,Medplus Health Services Ltd.,MEDPLUS,Consumer Services,MEDPLUS.NS,https://www.screener.in/company/MEDPLUS/consolidated/,2026-07-16,Saved Screener.in FII scan,9734.0
587,506,Zensar Technolgies Ltd.,ZENSARTECH,Information Technology,ZENSARTECH.NS,https://www.screener.in/company/ZENSARTECH/consolidated/,2026-07-16,Saved Screener.in FII scan,9728.0
588,725,TSF Investments Ltd.,TSFINV,Financial Services,TSFINV.NS,https://www.screener.in/company/TSFINV/consolidated/,2026-07-16,Saved Screener.in FII scan,9667.0
589,542,Banco Products (India) Ltd.,BANCOINDIA,Automobile and Auto Components,BANCOINDIA.NS,https://www.screener.in/company/BANCOINDIA/consolidated/,2026-07-16,Saved Screener.in FII scan,9658.0
590,389,Jubilant Ingrevia Ltd.,JUBLINGREA,Chemicals,JUBLINGREA.NS,https://www.screener.in/company/JUBLINGREA/consolidated/,2026-07-16,Saved Screener.in FII scan,9649.0
591,308,Cyient Ltd.,CYIENT,Information Technology,CYIENT.NS,https://www.screener.in/company/CYIENT/consolidated/,2026-07-16,Saved Screener.in FII scan,9590.0
592,717,Sudeep Pharma Ltd.,SUDEEPPHRM,Chemicals,SUDEEPPHRM.NS,https://www.screener.in/company/SUDEEPPHRM/consolidated/,2026-07-16,Saved Screener.in FII scan,9561.0
593,459,Saregama India Ltd,SAREGAMA,Media Entertainment & Publication,SAREGAMA.NS,https://www.screener.in/company/SAREGAMA/consolidated/,2026-07-16,Saved Screener.in FII scan,9491.0
594,435,PVR INOX Ltd.,PVRINOX,Media Entertainment & Publication,PVRINOX.NS,https://www.screener.in/company/PVRINOX/consolidated/,2026-07-16,Saved Screener.in FII scan,9440.0
595,661,Pearl Global Industries Ltd.,PGIL,Textiles,PGIL.NS,https://www.screener.in/company/PGIL/consolidated/,2026-07-16,Saved Screener.in FII scan,9375.0
596,672,Quality Power Electrical Equipments Ltd.,QPOWER,Capital Goods,QPOWER.NS,https://www.screener.in/company/QPOWER/consolidated/,2026-07-16,Saved Screener.in FII scan,9373.0
597,417,NCC Ltd.,NCC,Construction,NCC.NS,https://www.screener.in/company/NCC/consolidated/,2026-07-16,Saved Screener.in FII scan,9342.0
598,770,Sanofi Consumer Healthcare India Ltd.,SANOFICONR,Healthcare,SANOFICONR.NS,https://www.screener.in/company/SANOFICONR/consolidated/,2026-09-23,Yahoo Finance,9237.85
599,408,Lemon Tree Hotels Ltd.,LEMONTREE,Consumer Services,LEMONTREE.NS,https://www.screener.in/company/LEMONTREE/consolidated/,2026-07-16,Saved Screener.in FII scan,9190.0
600,739,Triveni Engineering & Industries Ltd.,TRIVENI,Fast Moving Consumer Goods,TRIVENI.NS,https://www.screener.in/company/TRIVENI/consolidated/,2026-07-16,Saved Screener.in FII scan,9166.0
601,594,Healthcare Global Enterprises Ltd.,HCG,Healthcare,HCG.NS,https://www.screener.in/company/HCG/consolidated/,2026-07-16,Saved Screener.in FII scan,9125.0
602,276,Blue Jet Healthcare Ltd.,BLUEJET,Healthcare,BLUEJET.NS,https://www.screener.in/company/BLUEJET/consolidated/,2026-07-16,Saved Screener.in FII scan,9056.0
603,1826,Procter & Gamble Health Limited,PGHL,,PGHL.NS,https://www.screener.in/company/PGHL/consolidated/,2026-09-23,Yahoo Finance,9049.98
604,1257,Genus Power Infrastructures Limited,GENUSPOWER,,GENUSPOWER.NS,https://www.screener.in/company/GENUSPOWER/consolidated/,2026-07-16,Saved Screener.in FII scan,9000.0
605,510,ASK Automotive Ltd.,ASKAUTOLTD,Automobile and Auto Components,ASKAUTOLTD.NS,https://www.screener.in/company/ASKAUTOLTD/consolidated/,2026-07-16,Saved Screener.in FII scan,8972.0
606,687,Religare Enterprises Ltd.,RELIGARE,Financial Services,RELIGARE.NS,https://www.screener.in/company/RELIGARE/consolidated/,2026-07-16,Saved Screener.in FII scan,8931.0
607,736,Time Technoplast Ltd.,TIMETECHNO,Capital Goods,TIMETECHNO.NS,https://www.screener.in/company/TIMETECHNO/consolidated/,2026-07-16,Saved Screener.in FII scan,8930.0
608,755,WeWork India Management Ltd.,WEWORK,Services,WEWORK.NS,https://www.screener.in/company/WEWORK/consolidated/,2026-07-16,Saved Screener.in FII scan,8920.0
609,1304,G R Infraprojects Limited,GRINFRA,,GRINFRA.NS,https://www.screener.in/company/GRINFRA/consolidated/,2026-07-16,Saved Screener.in FII scan,8912.0
610,522,Alkyl Amines Chemicals Ltd.,ALKYLAMINE,Chemicals,ALKYLAMINE.NS,https://www.screener.in/company/ALKYLAMINE/consolidated/,2026-07-16,Saved Screener.in FII scan,8818.0
611,270,Bata India Ltd.,BATAINDIA,Consumer Durables,BATAINDIA.NS,https://www.screener.in/company/BATAINDIA/consolidated/,2026-07-16,Saved Screener.in FII scan,8805.0
612,605,Indo Count Industries Ltd.,ICIL,Textiles,ICIL.NS,https://www.screener.in/company/ICIL/consolidated/,2026-07-16,Saved Screener.in FII scan,8772.0
613,1188,Esab India Limited,ESABINDIA,,ESABINDIA.NS,https://www.screener.in/company/ESABINDIA/consolidated/,2026-07-16,Saved Screener.in FII scan,8763.0
614,621,KRBL Ltd.,KRBL,Fast Moving Consumer Goods,KRBL.NS,https://www.screener.in/company/KRBL/consolidated/,2026-07-16,Saved Screener.in FII scan,8686.0
615,663,Power Mech Projects Ltd.,POWERMECH,Construction,POWERMECH.NS,https://www.screener.in/company/POWERMECH/consolidated/,2026-07-16,Saved Screener.in FII scan,8683.0
616,573,Eureka Forbes Ltd.,EUREKAFORB,Consumer Durables,EUREKAFORB.NS,https://www.screener.in/company/EUREKAFORB/consolidated/,2026-07-16,Saved Screener.in FII scan,8658.0
617,630,Le Travenues Technology Ltd.,IXIGO,Consumer Services,IXIGO.NS,https://www.screener.in/company/IXIGO/consolidated/,2026-07-16,Saved Screener.in FII scan,8584.0
618,569,Embassy Developments Ltd.,EMBDL,Realty,EMBDL.NS,https://www.screener.in/company/EMBDL/consolidated/,2026-07-16,Saved Screener.in FII scan,8576.0
619,737,Tips Music Ltd.,TIPSMUSIC,Media Entertainment & Publication,TIPSMUSIC.NS,https://www.screener.in/company/TIPSMUSIC/consolidated/,2026-09-23,Yahoo Finance,8548.5
620,734,Thyrocare Technologies Ltd.,THYROCARE,Healthcare,THYROCARE.NS,https://www.screener.in/company/THYROCARE/consolidated/,2026-07-16,Saved Screener.in FII scan,8547.0
621,2242,TTK Prestige Limited,TTKPRESTIG,,TTKPRESTIG.NS,https://www.screener.in/company/TTKPRESTIG/consolidated/,2026-07-16,Saved Screener.in FII scan,8544.0
622,657,PC Jeweller Ltd.,PCJEWELLER,Consumer Durables,PCJEWELLER.NS,https://www.screener.in/company/PCJEWELLER/consolidated/,2026-07-16,Saved Screener.in FII scan,8497.0
623,547,Borosil Renewables Ltd.,BORORENEW,Capital Goods,BORORENEW.NS,https://www.screener.in/company/BORORENEW/consolidated/,2026-07-16,Saved Screener.in FII scan,8487.0
624,1508,Kingfa Science & Technology (India) Limited,KINGFA,,KINGFA.NS,https://www.screener.in/company/KINGFA/consolidated/,2026-09-23,Yahoo Finance,8456.74
625,602,India Shelter Finance Corporation Ltd.,INDIASHLTR,Financial Services,INDIASHLTR.NS,https://www.screener.in/company/INDIASHLTR/consolidated/,2026-07-16,Saved Screener.in FII scan,8449.0
626,710,Star Cement Ltd.,STARCEMENT,Construction Materials,STARCEMENT.NS,https://www.screener.in/company/STARCEMENT/consolidated/,2026-07-16,Saved Screener.in FII scan,8429.0
627,654,Orkla India Ltd.,ORKLAINDIA,Fast Moving Consumer Goods,ORKLAINDIA.NS,https://www.screener.in/company/ORKLAINDIA/consolidated/,2026-07-16,Saved Screener.in FII scan,8398.0
628,480,Tata Teleservices (Maharashtra) Ltd.,TTML,Telecommunication,TTML.NS,https://www.screener.in/company/TTML/consolidated/,2026-07-16,Saved Screener.in FII scan,8365.0
629,744,V2 Retail Ltd.,V2RETAIL,Consumer Services,V2RETAIL.NS,https://www.screener.in/company/V2RETAIL/consolidated/,2026-07-16,Saved Screener.in FII scan,8356.0
630,1479,Kama Holdings Limited,KAMAHOLD,,KAMAHOLD.NS,https://www.screener.in/company/KAMAHOLD/consolidated/,2026-07-16,Saved Screener.in FII scan,8349.0
631,759,Yatharth Hospital & Trauma Care Services Ltd.,YATHARTH,Healthcare,YATHARTH.NS,https://www.screener.in/company/YATHARTH/consolidated/,2026-07-16,Saved Screener.in FII scan,8339.0
632,546,BlueStone Jewellery and Lifestyle Ltd.,BLUESTONE,Consumer Durables,BLUESTONE.NS,https://www.screener.in/company/BLUESTONE/consolidated/,2026-07-16,Saved Screener.in FII scan,8318.0
633,614,Jayaswal Neco Industries Ltd.,JAYNECOIND,Capital Goods,JAYNECOIND.NS,https://www.screener.in/company/JAYNECOIND/consolidated/,2026-07-16,Saved Screener.in FII scan,8292.0
634,638,Maharashtra Seamless Ltd.,MAHSEAMLES,Capital Goods,MAHSEAMLES.NS,https://www.screener.in/company/MAHSEAMLES/consolidated/,2026-07-16,Saved Screener.in FII scan,8289.0
635,622,KRN Heat Exchanger and Refrigeration Ltd.,KRN,Capital Goods,KRN.NS,https://www.screener.in/company/KRN/consolidated/,2026-07-16,Saved Screener.in FII scan,8284.0
636,692,SKF India Ltd.,SKFINDIA,Automobile and Auto Components,SKFINDIA.NS,https://www.screener.in/company/SKFINDIA/consolidated/,2026-07-16,Saved Screener.in FII scan,8276.0
637,571,Equitas Small Finance Bank Ltd.,EQUITASBNK,Financial Services,EQUITASBNK.NS,https://www.screener.in/company/EQUITASBNK/consolidated/,2026-09-23,Yahoo Finance,8268.6
638,556,Cera Sanitaryware Ltd,CERA,Consumer Durables,CERA.NS,https://www.screener.in/company/CERA/consolidated/,2026-07-16,Saved Screener.in FII scan,8244.0
639,554,Cello World Ltd.,CELLO,Consumer Durables,CELLO.NS,https://www.screener.in/company/CELLO/consolidated/,2026-07-16,Saved Screener.in FII scan,8236.0
640,757,Welspun Enterprises Ltd.,WELENT,Construction,WELENT.NS,https://www.screener.in/company/WELENT/consolidated/,2026-07-16,Saved Screener.in FII scan,8202.0
641,606,Inox Green Energy Services Ltd.,INOXGREEN,Services,INOXGREEN.NS,https://www.screener.in/company/INOXGREEN/consolidated/,2026-07-16,Saved Screener.in FII scan,8106.0
642,702,Sheela Foam Ltd.,SFL,Consumer Durables,SFL.NS,https://www.screener.in/company/SFL/consolidated/,2026-07-16,Saved Screener.in FII scan,8081.0
643,301,Clean Science and Technology Ltd.,CLEAN,Chemicals,CLEAN.NS,https://www.screener.in/company/CLEAN/consolidated/,2026-07-16,Saved Screener.in FII scan,8079.0
644,514,Aditya Vision Ltd.,AVL,Consumer Services,AVL.NS,https://www.screener.in/company/AVL/consolidated/,2026-09-23,Yahoo Finance,8063.38
645,768,SKY GOLD AND DIAMONDS Ltd.,SKYGOLD,Consumer Durables,SKYGOLD.NS,https://www.screener.in/company/SKYGOLD/consolidated/,2026-07-16,Saved Screener.in FII scan,8062.0
646,721,Supriya Lifescience Ltd.,SUPRIYA,Healthcare,SUPRIYA.NS,https://www.screener.in/company/SUPRIYA/consolidated/,2026-09-23,Yahoo Finance,8055.52
647,2297,Vesuvius India Limited,VESUVIUS,,VESUVIUS.NS,https://www.screener.in/company/VESUVIUS/consolidated/,2026-09-23,Yahoo Finance,8039.28
648,274,Birlasoft Ltd.,BSOFT,Information Technology,BSOFT.NS,https://www.screener.in/company/BSOFT/consolidated/,2026-07-16,Saved Screener.in FII scan,8013.0
649,588,Gujarat Narmada Valley Fertilizers and Chemicals Ltd.,GNFC,Chemicals,GNFC.NS,https://www.screener.in/company/GNFC/consolidated/,2026-07-16,Saved Screener.in FII scan,7984.0
650,2055,Shreeji Shipping Global Limited,SHREEJISPG,,SHREEJISPG.NS,https://www.screener.in/company/SHREEJISPG/consolidated/,2026-07-16,Saved Screener.in FII scan,7973.0
651,620,KPI Green Energy Ltd.,KPIGREEN,Power,KPIGREEN.NS,https://www.screener.in/company/KPIGREEN/consolidated/,2026-07-16,Saved Screener.in FII scan,7946.0
652,701,Sharda Cropchem Ltd.,SHARDACROP,Chemicals,SHARDACROP.NS,https://www.screener.in/company/SHARDACROP/consolidated/,2026-07-16,Saved Screener.in FII scan,7945.0
653,645,Mishra Dhatu Nigam Ltd.,MIDHANI,Capital Goods,MIDHANI.NS,https://www.screener.in/company/MIDHANI/consolidated/,2026-07-16,Saved Screener.in FII scan,7872.0
654,1991,Sanofi India Limited,SANOFI,,SANOFI.NS,https://www.screener.in/company/SANOFI/consolidated/,2026-07-16,Saved Screener.in FII scan,7839.0
655,1847,Powerica Limited,POWERICA,,POWERICA.NS,https://www.screener.in/company/POWERICA/consolidated/,2026-07-16,Saved Screener.in FII scan,7834.0
656,934,Bajaj Consumer Care Limited,BAJAJCON,,BAJAJCON.NS,https://www.screener.in/company/BAJAJCON/consolidated/,2026-07-16,Saved Screener.in FII scan,7824.0
657,1600,Mahindra Lifespace Developers Limited,MAHLIFE,,MAHLIFE.NS,https://www.screener.in/company/MAHLIFE/consolidated/,2026-07-16,Saved Screener.in FII scan,7807.0
658,694,Safari Industries (India) Ltd.,SAFARI,Consumer Durables,SAFARI.NS,https://www.screener.in/company/SAFARI/consolidated/,2026-07-16,Saved Screener.in FII scan,7792.0
659,580,GMR Power and Urban Infra Ltd.,GMRP&UI,Power,GMRP&UI.NS,https://www.screener.in/company/GMRP&UI/consolidated/,2026-07-16,Saved Screener.in FII scan,7728.0
660,1512,Kirloskar Ferrous Industries Limited,KIRLFER,,KIRLFER.NS,https://www.screener.in/company/KIRLFER/consolidated/,2026-07-16,Saved Screener.in FII scan,7658.0
661,648,NESCO Ltd.,NESCO,Services,NESCO.NS,https://www.screener.in/company/NESCO/consolidated/,2026-07-16,Saved Screener.in FII scan,7627.0
662,718,Sun Pharma Advanced Research Company Ltd.,SPARC,Healthcare,SPARC.NS,https://www.screener.in/company/SPARC/consolidated/,2026-07-16,Saved Screener.in FII scan,7621.0
663,758,Westlife Foodworld Ltd.,WESTLIFE,Consumer Services,WESTLIFE.NS,https://www.screener.in/company/WESTLIFE/consolidated/,2026-07-16,Saved Screener.in FII scan,7593.0
664,445,RHI MAGNESITA INDIA LTD.,RHIM,Capital Goods,RHIM.NS,https://www.screener.in/company/RHIM/consolidated/,2026-07-16,Saved Screener.in FII scan,7576.0
665,543,Birla Corporation Ltd.,BIRLACORPN,Construction Materials,BIRLACORPN.NS,https://www.screener.in/company/BIRLACORPN/consolidated/,2026-07-16,Saved Screener.in FII scan,7555.0
666,586,Gujarat Ambuja Exports Ltd.,GAEL,Fast Moving Consumer Goods,GAEL.NS,https://www.screener.in/company/GAEL/consolidated/,2026-07-16,Saved Screener.in FII scan,7538.0
667,684,Redtape Ltd.,REDTAPE,Consumer Durables,REDTAPE.NS,https://www.screener.in/company/REDTAPE/consolidated/,2026-07-16,Saved Screener.in FII scan,7535.0
668,1242,Garware Technical Fibres Limited,GARFIBRES,,GARFIBRES.NS,https://www.screener.in/company/GARFIBRES/consolidated/,2026-07-16,Saved Screener.in FII scan,7524.0
669,608,JK Lakshmi Cement Ltd.,JKLAKSHMI,Construction Materials,JKLAKSHMI.NS,https://www.screener.in/company/JKLAKSHMI/consolidated/,2026-07-16,Saved Screener.in FII scan,7523.0
670,466,Sonata Software Ltd.,SONATSOFTW,Information Technology,SONATSOFTW.NS,https://www.screener.in/company/SONATSOFTW/consolidated/,2026-07-16,Saved Screener.in FII scan,7520.0
671,2029,SG Mart Limited,SGMART,,SGMART.NS,https://www.screener.in/company/SGMART/consolidated/,2026-07-16,Saved Screener.in FII scan,7512.0
672,511,AXISCADES Technologies Ltd.,AXISCADES,Capital Goods,AXISCADES.NS,https://www.screener.in/company/AXISCADES/consolidated/,2026-07-16,Saved Screener.in FII scan,7444.0
673,686,Relaxo Footwears Ltd.,RELAXO,Consumer Durables,RELAXO.NS,https://www.screener.in/company/RELAXO/consolidated/,2026-09-23,Yahoo Finance,7425.84
674,1859,Precision Wires India Limited,PRECWIRE,,PRECWIRE.NS,https://www.screener.in/company/PRECWIRE/consolidated/,2026-07-16,Saved Screener.in FII scan,7406.0
675,2166,Suven Life Sciences Limited,SUVEN,,SUVEN.NS,https://www.screener.in/company/SUVEN/consolidated/,2026-07-16,Saved Screener.in FII scan,7404.0
676,561,Dilip Buildcon Ltd.,DBL,Construction,DBL.NS,https://www.screener.in/company/DBL/consolidated/,2026-07-16,Saved Screener.in FII scan,7376.0
677,665,Pricol Ltd.,PRICOLLTD,Automobile and Auto Components,PRICOLLTD.NS,https://www.screener.in/company/PRICOLLTD/consolidated/,2026-07-16,Saved Screener.in FII scan,7366.0
678,1635,Madhya Bharat Agro Products Limited,MBAPL,,MBAPL.NS,https://www.screener.in/company/MBAPL/consolidated/,2026-09-23,Yahoo Finance,7339.19
679,2217,Timex Group India Limited,TIMEX,,TIMEX.NS,https://www.screener.in/company/TIMEX/consolidated/,2026-09-23,Yahoo Finance,7326.45
680,589,Gujarat Pipavav Port Ltd.,GPPL,Services,GPPL.NS,https://www.screener.in/company/GPPL/consolidated/,2026-07-16,Saved Screener.in FII scan,7319.0
681,656,P N Gadgil Jewellers Ltd.,PNGJL,Consumer Durables,PNGJL.NS,https://www.screener.in/company/PNGJL/consolidated/,2026-07-16,Saved Screener.in FII scan,7295.0
682,564,EPL Ltd.,EPL,Capital Goods,EPL.NS,https://www.screener.in/company/EPL/consolidated/,2026-07-16,Saved Screener.in FII scan,7269.0
683,709,Sri Lotus Developers and Realty Ltd.,LOTUSDEV,Realty,LOTUSDEV.NS,https://www.screener.in/company/LOTUSDEV/consolidated/,2026-07-16,Saved Screener.in FII scan,7267.0
684,965,Bengal & Assam Company Limited,BENGALASM,,BENGALASM.NS,https://www.screener.in/company/BENGALASM/consolidated/,2026-07-16,Saved Screener.in FII scan,7261.0
685,615,Jeena Sikho Lifecare Ltd.,JSLL,Consumer Services,JSLL.NS,https://www.screener.in/company/JSLL/consolidated/,2026-07-16,Saved Screener.in FII scan,7236.0
686,700,Shakti Pumps (India) Ltd.,SHAKTIPUMP,Capital Goods,SHAKTIPUMP.NS,https://www.screener.in/company/SHAKTIPUMP/consolidated/,2026-07-16,Saved Screener.in FII scan,7234.0
687,677,Rashtriya Chemicals & Fertilizers Ltd.,RCF,Chemicals,RCF.NS,https://www.screener.in/company/RCF/consolidated/,2026-07-16,Saved Screener.in FII scan,7211.0
688,558,DCB Bank Ltd.,DCBBANK,Financial Services,DCBBANK.NS,https://www.screener.in/company/DCBBANK/consolidated/,2026-09-23,Yahoo Finance,7206.82
689,243,Aditya Birla Fashion and Retail Ltd.,ABFRL,Consumer Services,ABFRL.NS,https://www.screener.in/company/ABFRL/consolidated/,2026-07-16,Saved Screener.in FII scan,7183.0
690,2191,Transport Corporation of India Limited,TCI,,TCI.NS,https://www.screener.in/company/TCI/consolidated/,2026-07-16,Saved Screener.in FII scan,7181.0
691,551,Campus Activewear Ltd.,CAMPUS,Consumer Durables,CAMPUS.NS,https://www.screener.in/company/CAMPUS/consolidated/,2026-07-16,Saved Screener.in FII scan,7145.0
692,1160,GNG Electronics Limited,EBGNG,,EBGNG.NS,https://www.screener.in/company/EBGNG/consolidated/,2026-07-16,Saved Screener.in FII scan,7130.0
693,729,Tanla Platforms Ltd.,TANLA,Information Technology,TANLA.NS,https://www.screener.in/company/TANLA/consolidated/,2026-07-16,Saved Screener.in FII scan,7106.0
694,1544,KSH International Limited,KSHINTL,,KSHINTL.NS,https://www.screener.in/company/KSHINTL/consolidated/,2026-09-23,Yahoo Finance,7092.67
695,618,Jyothy Labs Ltd.,JYOTHYLAB,Fast Moving Consumer Goods,JYOTHYLAB.NS,https://www.screener.in/company/JYOTHYLAB/consolidated/,2026-07-16,Saved Screener.in FII scan,7051.0
696,563,Dynamatic Technologies Ltd.,DYNAMATECH,Capital Goods,DYNAMATECH.NS,https://www.screener.in/company/DYNAMATECH/consolidated/,2026-07-16,Saved Screener.in FII scan,7041.0
697,2088,S.J.S. Enterprises Limited,SJS,,SJS.NS,https://www.screener.in/company/SJS/consolidated/,2026-07-16,Saved Screener.in FII scan,7035.0
698,716,Sudarshan Chemical Industries Ltd.,SUDARSCHEM,Chemicals,SUDARSCHEM.NS,https://www.screener.in/company/SUDARSCHEM/consolidated/,2026-07-16,Saved Screener.in FII scan,6989.0
699,1631,Max Estates Limited,MAXESTATES,,MAXESTATES.NS,https://www.screener.in/company/MAXESTATES/consolidated/,2026-07-16,Saved Screener.in FII scan,6981.0
700,1233,Galaxy Surfactants Limited,GALAXYSURF,,GALAXYSURF.NS,https://www.screener.in/company/GALAXYSURF/consolidated/,2026-07-16,Saved Screener.in FII scan,6967.0
701,1209,FDC Limited,FDC,,FDC.NS,https://www.screener.in/company/FDC/consolidated/,2026-07-16,Saved Screener.in FII scan,6914.0
702,603,Indian Metals & Ferro Alloys Ltd.,IMFA,Metals & Mining,IMFA.NS,https://www.screener.in/company/IMFA/consolidated/,2026-07-16,Saved Screener.in FII scan,6879.0
703,738,Transrail Lighting Ltd.,TRANSRAILL,Capital Goods,TRANSRAILL.NS,https://www.screener.in/company/TRANSRAILL/consolidated/,2026-07-16,Saved Screener.in FII scan,6860.0
704,1034,Ceigall India Limited,CEIGALL,,CEIGALL.NS,https://www.screener.in/company/CEIGALL/consolidated/,2026-07-16,Saved Screener.in FII scan,6853.0
705,1434,Isgec Heavy Engineering Limited,ISGEC,,ISGEC.NS,https://www.screener.in/company/ISGEC/consolidated/,2026-07-16,Saved Screener.in FII scan,6799.0
706,1368,Hindustan Foods Limited,HNDFDS,,HNDFDS.NS,https://www.screener.in/company/HNDFDS/consolidated/,2026-07-16,Saved Screener.in FII scan,6785.0
707,1498,Kennametal India Limited,KENNAMET,,KENNAMET.NS,https://www.screener.in/company/KENNAMET/consolidated/,2026-07-16,Saved Screener.in FII scan,6782.0
708,1728,Nephrocare Health Services Limited,NEPHROPLUS,,NEPHROPLUS.NS,https://www.screener.in/company/NEPHROPLUS/consolidated/,2026-07-16,Saved Screener.in FII scan,6767.0
709,1137,Dodla Dairy Limited,DODLA,,DODLA.NS,https://www.screener.in/company/DODLA/consolidated/,2026-07-16,Saved Screener.in FII scan,6747.0
710,597,Hindustan Construction Co. Ltd.,HCC,Construction,HCC.NS,https://www.screener.in/company/HCC/consolidated/,2026-07-16,Saved Screener.in FII scan,6742.0
711,424,Newgen Software Technologies Ltd.,NEWGEN,Information Technology,NEWGEN.NS,https://www.screener.in/company/NEWGEN/consolidated/,2026-07-16,Saved Screener.in FII scan,6698.0
712,750,Vikram Solar Ltd.,VIKRAMSOLR,Capital Goods,VIKRAMSOLR.NS,https://www.screener.in/company/VIKRAMSOLR/consolidated/,2026-07-16,Saved Screener.in FII scan,6675.0
713,601,India Glycols Ltd.,INDIAGLYCO,Fast Moving Consumer Goods,INDIAGLYCO.NS,https://www.screener.in/company/INDIAGLYCO/consolidated/,2026-07-16,Saved Screener.in FII scan,6646.0
714,1299,Greenlam Industries Limited,GREENLAM,,GREENLAM.NS,https://www.screener.in/company/GREENLAM/consolidated/,2026-07-16,Saved Screener.in FII scan,6588.0
715,1773,Omnitech Engineering Limited,OMNI,,OMNI.NS,https://www.screener.in/company/OMNI/consolidated/,2026-07-16,Saved Screener.in FII scan,6557.0
716,1529,Kovai Medical Center & Hospital Limited,KOVAI,,KOVAI.NS,https://www.screener.in/company/KOVAI/consolidated/,2026-07-16,Saved Screener.in FII scan,6526.0
717,572,Ethos Ltd.,ETHOSLTD,Consumer Durables,ETHOSLTD.NS,https://www.screener.in/company/ETHOSLTD/consolidated/,2026-07-16,Saved Screener.in FII scan,6515.0
718,826,Ajax Engineering Limited,AJAXENGG,,AJAXENGG.NS,https://www.screener.in/company/AJAXENGG/consolidated/,2026-09-23,Yahoo Finance,6511.72
719,664,Praj Industries Ltd.,PRAJIND,Capital Goods,PRAJIND.NS,https://www.screener.in/company/PRAJIND/consolidated/,2026-07-16,Saved Screener.in FII scan,6511.0
720,590,Gujarat State Fertilizers & Chemicals Ltd.,GSFC,Chemicals,GSFC.NS,https://www.screener.in/company/GSFC/consolidated/,2026-07-16,Saved Screener.in FII scan,6471.0
721,540,Balaji Amines Ltd.,BALAMINES,Chemicals,BALAMINES.NS,https://www.screener.in/company/BALAMINES/consolidated/,2026-07-16,Saved Screener.in FII scan,6432.0
722,525,Archean Chemical Industries Ltd.,ACI,Chemicals,ACI.NS,https://www.screener.in/company/ACI/consolidated/,2026-07-16,Saved Screener.in FII scan,6425.0
723,1377,Indiabulls Limited,IBULLSLTD,,IBULLSLTD.NS,https://www.screener.in/company/IBULLSLTD/consolidated/,2026-07-16,Saved Screener.in FII scan,6420.0
724,2153,Suprajit Engineering Limited,SUPRAJIT,,SUPRAJIT.NS,https://www.screener.in/company/SUPRAJIT/consolidated/,2026-07-16,Saved Screener.in FII scan,6405.0
725,1239,GANESH HOUSING LIMITED,GANESHHOU,,GANESHHOU.NS,https://www.screener.in/company/GANESHHOU/consolidated/,2026-07-16,Saved Screener.in FII scan,6387.0
726,609,JK Paper Ltd.,JKPAPER,Forest Materials,JKPAPER.NS,https://www.screener.in/company/JKPAPER/consolidated/,2026-07-16,Saved Screener.in FII scan,6377.0
727,583,Gokaldas Exports Ltd.,GOKEX,Textiles,GOKEX.NS,https://www.screener.in/company/GOKEX/consolidated/,2026-07-16,Saved Screener.in FII scan,6368.0
728,523,Alok Industries Ltd.,ALOKINDS,Textiles,ALOKINDS.NS,https://www.screener.in/company/ALOKINDS/consolidated/,2026-07-16,Saved Screener.in FII scan,6341.0
729,528,Ashapura Minechem Ltd.,ASHAPURMIN,Metals & Mining,ASHAPURMIN.NS,https://www.screener.in/company/ASHAPURMIN/consolidated/,2026-07-16,Saved Screener.in FII scan,6336.0
730,1324,GE Power India Limited,GVPIL,,GVPIL.NS,https://www.screener.in/company/GVPIL/consolidated/,2026-07-16,Saved Screener.in FII scan,6275.0
731,742,V-Mart Retail Ltd.,VMART,Consumer Services,VMART.NS,https://www.screener.in/company/VMART/consolidated/,2026-09-23,Yahoo Finance,6259.4
732,513,Aarti Pharmalabs Ltd.,AARTIPHARM,Healthcare,AARTIPHARM.NS,https://www.screener.in/company/AARTIPHARM/consolidated/,2026-07-16,Saved Screener.in FII scan,6246.0
733,526,Arvind Fashions Ltd.,ARVINDFASN,Consumer Services,ARVINDFASN.NS,https://www.screener.in/company/ARVINDFASN/consolidated/,2026-07-16,Saved Screener.in FII scan,6244.0
734,810,Aeroflex Industries Limited,AEROFLEX,,AEROFLEX.NS,https://www.screener.in/company/AEROFLEX/consolidated/,2026-07-16,Saved Screener.in FII scan,6239.0
735,675,Rain Industries Ltd,RAIN,Chemicals,RAIN.NS,https://www.screener.in/company/RAIN/consolidated/,2026-07-16,Saved Screener.in FII scan,6238.0
736,1476,Kalpataru Limited,KALPATARU,,KALPATARU.NS,https://www.screener.in/company/KALPATARU/consolidated/,2026-07-16,Saved Screener.in FII scan,6177.0
737,611,Jai Balaji Industries Ltd.,JAIBALAJI,Metals & Mining,JAIBALAJI.NS,https://www.screener.in/company/JAIBALAJI/consolidated/,2026-07-16,Saved Screener.in FII scan,6167.0
738,2150,Sunflag Iron And Steel Company Limited,SUNFLAG,,SUNFLAG.NS,https://www.screener.in/company/SUNFLAG/consolidated/,2026-07-16,Saved Screener.in FII scan,6156.0
739,584,Gokul Agro Resources Ltd.,GOKULAGRO,Fast Moving Consumer Goods,GOKULAGRO.NS,https://www.screener.in/company/GOKULAGRO/consolidated/,2026-07-16,Saved Screener.in FII scan,6110.0
740,2019,Senores Pharmaceuticals Limited,SENORES,,SENORES.NS,https://www.screener.in/company/SENORES/consolidated/,2026-07-16,Saved Screener.in FII scan,6065.0
741,747,Valor Estate Ltd.,DBREALTY,Realty,DBREALTY.NS,https://www.screener.in/company/DBREALTY/consolidated/,2026-07-16,Saved Screener.in FII scan,6018.0
742,607,Ion Exchange (India) Ltd.,IONEXCHANG,Utilities,IONEXCHANG.NS,https://www.screener.in/company/IONEXCHANG/consolidated/,2026-07-16,Saved Screener.in FII scan,6012.0
743,706,Skipper Ltd.,SKIPPER,Capital Goods,SKIPPER.NS,https://www.screener.in/company/SKIPPER/consolidated/,2026-07-16,Saved Screener.in FII scan,5982.0
744,2265,Unimech Aerospace and Manufacturing Limited,UNIMECH,,UNIMECH.NS,https://www.screener.in/company/UNIMECH/consolidated/,2026-07-16,Saved Screener.in FII scan,5968.0
745,575,Fiem Industries Ltd,FIEMIND,Automobile and Auto Components,FIEMIND.NS,https://www.screener.in/company/FIEMIND/consolidated/,2026-07-16,Saved Screener.in FII scan,5954.0
746,2085,SIS LIMITED,SIS,,SIS.NS,https://www.screener.in/company/SIS/consolidated/,2026-07-16,Saved Screener.in FII scan,5952.0
747,2214,Technocraft Industries (India) Limited,TIIL,,TIIL.NS,https://www.screener.in/company/TIIL/consolidated/,2026-07-16,Saved Screener.in FII scan,5938.0
748,667,Prism Johnson Ltd.,PRSMJOHNSN,Construction Materials,PRSMJOHNSN.NS,https://www.screener.in/company/PRSMJOHNSN/consolidated/,2026-07-16,Saved Screener.in FII scan,5925.0
749,693,Saatvik Green Energy Ltd.,SAATVIKGL,Capital Goods,SAATVIKGL.NS,https://www.screener.in/company/SAATVIKGL/consolidated/,2026-07-16,Saved Screener.in FII scan,5922.0
750,727,TVS Supply Chain Solutions Ltd.,TVSSCS,Services,TVSSCS.NS,https://www.screener.in/company/TVSSCS/consolidated/,2026-07-16,Saved Screener.in FII scan,5883.0
751,457,Sapphire Foods India Ltd.,SAPPHIRE,Consumer Services,SAPPHIRE.NS,https://www.screener.in/company/SAPPHIRE/consolidated/,2026-07-16,Saved Screener.in FII scan,5859.0
752,658,PNC Infratech Ltd.,PNCINFRA,Construction,PNCINFRA.NS,https://www.screener.in/company/PNCINFRA/consolidated/,2026-07-16,Saved Screener.in FII scan,5849.0
753,711,Sterling and Wilson Renewable Energy Ltd.,SWSOLAR,Construction,SWSOLAR.NS,https://www.screener.in/company/SWSOLAR/consolidated/,2026-07-16,Saved Screener.in FII scan,5846.0
754,1534,Krishana Phoschem Limited,KRISHANA,,KRISHANA.NS,https://www.screener.in/company/KRISHANA/consolidated/,2026-09-23,Yahoo Finance,5816.43
755,613,Jana Small Finance Bank Ltd.,JSFB,Financial Services,JSFB.NS,https://www.screener.in/company/JSFB/consolidated/,2026-09-23,Yahoo Finance,5784.24
756,536,AvenuesAI Ltd.,CCAVENUE,Financial Services,CCAVENUE.NS,https://www.screener.in/company/CCAVENUE/consolidated/,2026-07-16,Saved Screener.in FII scan,5763.0
757,574,Fedbank Financial Services Ltd.,FEDFINA,Financial Services,FEDFINA.NS,https://www.screener.in/company/FEDFINA/consolidated/,2026-09-23,Yahoo Finance,5755.43
758,994,Bliss GVS Pharma Limited,BLISSGVS,,BLISSGVS.NS,https://www.screener.in/company/BLISSGVS/consolidated/,2026-07-16,Saved Screener.in FII scan,5713.0
759,518,Ahluwalia Contracts (India) Ltd.,AHLUCONT,Construction,AHLUCONT.NS,https://www.screener.in/company/AHLUCONT/consolidated/,2026-07-16,Saved Screener.in FII scan,5702.0
760,550,CSB Bank Ltd.,CSBBANK,Financial Services,CSBBANK.NS,https://www.screener.in/company/CSBBANK/consolidated/,2026-09-23,Yahoo Finance,5701.23
761,634,MOIL Ltd.,MOIL,Metals & Mining,MOIL.NS,https://www.screener.in/company/MOIL/consolidated/,2026-07-16,Saved Screener.in FII scan,5680.0
762,1626,MAS Financial Services Limited,MASFIN,,MASFIN.NS,https://www.screener.in/company/MASFIN/consolidated/,2026-07-16,Saved Screener.in FII scan,5673.0
763,1040,Centum Electronics Limited,CENTUM,,CENTUM.NS,https://www.screener.in/company/CENTUM/consolidated/,2026-07-16,Saved Screener.in FII scan,5652.0
764,662,Piccadily Agro Industries Ltd.,PICCADIL,Fast Moving Consumer Goods,PICCADIL.NS,https://www.screener.in/company/PICCADIL/consolidated/,2026-07-16,Saved Screener.in FII scan,5624.0
765,1418,Innova Captab Limited,INNOVACAP,,INNOVACAP.NS,https://www.screener.in/company/INNOVACAP/consolidated/,2026-07-16,Saved Screener.in FII scan,5616.0
766,541,Balu Forge Industries Ltd.,BALUFORGE,Capital Goods,BALUFORGE.NS,https://www.screener.in/company/BALUFORGE/consolidated/,2026-07-16,Saved Screener.in FII scan,5610.0
767,722,Surya Roshni Ltd.,SURYAROSNI,Capital Goods,SURYAROSNI.NS,https://www.screener.in/company/SURYAROSNI/consolidated/,2026-07-16,Saved Screener.in FII scan,5604.0
768,406,Latent View Analytics Ltd.,LATENTVIEW,Information Technology,LATENTVIEW.NS,https://www.screener.in/company/LATENTVIEW/consolidated/,2026-07-16,Saved Screener.in FII scan,5591.0
769,646,Mrs. Bectors Food Specialities Ltd.,BECTORFOOD,Fast Moving Consumer Goods,BECTORFOOD.NS,https://www.screener.in/company/BECTORFOOD/consolidated/,2026-07-16,Saved Screener.in FII scan,5543.0
770,2137,Stylam Industries Limited,STYLAMIND,,STYLAMIND.NS,https://www.screener.in/company/STYLAMIND/consolidated/,2026-07-16,Saved Screener.in FII scan,5540.0
771,707,Smartworks Coworking Spaces Ltd.,SMARTWORKS,Services,SMARTWORKS.NS,https://www.screener.in/company/SMARTWORKS/consolidated/,2026-07-16,Saved Screener.in FII scan,5521.0
772,647,NEOGEN CHEMICALS LTD.,NEOGEN,Chemicals,NEOGEN.NS,https://www.screener.in/company/NEOGEN/consolidated/,2026-07-16,Saved Screener.in FII scan,5520.0
773,1517,Knowledge Marine & Engineering Works Limited,KMEW,,KMEW.NS,https://www.screener.in/company/KMEW/consolidated/,2026-07-16,Saved Screener.in FII scan,5517.0
774,1745,Nirlon Limited,NIRLON,,NIRLON.NS,https://www.screener.in/company/NIRLON/consolidated/,2026-09-23,Yahoo Finance,5497.65
775,715,Subros Ltd.,SUBROS,Capital Goods,SUBROS.NS,https://www.screener.in/company/SUBROS/consolidated/,2026-07-16,Saved Screener.in FII scan,5482.0
776,698,Senco Gold Ltd.,SENCO,Consumer Durables,SENCO.NS,https://www.screener.in/company/SENCO/consolidated/,2026-07-16,Saved Screener.in FII scan,5457.0
777,1799,Paisalo Digital Limited,PAISALO,,PAISALO.NS,https://www.screener.in/company/PAISALO/consolidated/,2026-07-16,Saved Screener.in FII scan,5438.0
778,1702,NACL Industries Limited,NACLIND,,NACLIND.NS,https://www.screener.in/company/NACLIND/consolidated/,2026-07-16,Saved Screener.in FII scan,5419.0
779,1943,Raghav Productivity Enhancers Limited,RPEL,,RPEL.NS,https://www.screener.in/company/RPEL/consolidated/,2026-07-16,Saved Screener.in FII scan,5373.0
780,950,Bansal Wire Industries Limited,BANSALWIRE,,BANSALWIRE.NS,https://www.screener.in/company/BANSALWIRE/consolidated/,2026-07-16,Saved Screener.in FII scan,5370.0
781,659,PTC India Ltd.,PTC,Power,PTC.NS,https://www.screener.in/company/PTC/consolidated/,2026-07-16,Saved Screener.in FII scan,5362.0
782,1319,Gujarat Themis Biosyn Limited,GUJTHEM,,GUJTHEM.NS,https://www.screener.in/company/GUJTHEM/consolidated/,2026-09-23,Yahoo Finance,5345.98
783,1961,Keystone Realtors Limited,RUSTOMJEE,,RUSTOMJEE.NS,https://www.screener.in/company/RUSTOMJEE/consolidated/,2026-07-16,Saved Screener.in FII scan,5321.0
784,612,Jamna Auto Industries Ltd.,JAMNAAUTO,Automobile and Auto Components,JAMNAAUTO.NS,https://www.screener.in/company/JAMNAAUTO/consolidated/,2026-07-16,Saved Screener.in FII scan,5310.0
785,1320,Gulf Oil Lubricants India Limited,GULFOILLUB,,GULFOILLUB.NS,https://www.screener.in/company/GULFOILLUB/consolidated/,2026-07-16,Saved Screener.in FII scan,5251.0
786,568,Ellenbarrie Industrial Gases Ltd.,ELLEN,Chemicals,ELLEN.NS,https://www.screener.in/company/ELLEN/consolidated/,2026-09-23,Yahoo Finance,5232.94
787,598,IFB Industries Ltd.,IFBIND,Consumer Durables,IFBIND.NS,https://www.screener.in/company/IFBIND/consolidated/,2026-07-16,Saved Screener.in FII scan,5231.0
788,1918,Responsive Industries Limited,RESPONIND,,RESPONIND.NS,https://www.screener.in/company/RESPONIND/consolidated/,2026-07-16,Saved Screener.in FII scan,5226.0
789,570,Entero Healthcare Solutions Ltd.,ENTERO,Consumer Services,ENTERO.NS,https://www.screener.in/company/ENTERO/consolidated/,2026-07-16,Saved Screener.in FII scan,5187.0
790,585,Greaves Cotton Ltd.,GREAVESCOT,Capital Goods,GREAVESCOT.NS,https://www.screener.in/company/GREAVESCOT/consolidated/,2026-07-16,Saved Screener.in FII scan,5162.0
791,592,Happiest Minds Technologies Ltd.,HAPPSTMNDS,Information Technology,HAPPSTMNDS.NS,https://www.screener.in/company/HAPPSTMNDS/consolidated/,2026-07-16,Saved Screener.in FII scan,5159.0
792,1821,PDS Limited,PDSL,,PDSL.NS,https://www.screener.in/company/PDSL/consolidated/,2026-07-16,Saved Screener.in FII scan,5158.0
793,2037,Shanthi Gears Limited,SHANTIGEAR,,SHANTIGEAR.NS,https://www.screener.in/company/SHANTIGEAR/consolidated/,2026-09-23,Yahoo Finance,5126.64
794,2024,Standard Engineering Technology Limited,SETL,,SETL.NS,https://www.screener.in/company/SETL/consolidated/,2026-07-16,Saved Screener.in FII scan,5119.0
795,2330,VRL Logistics Limited,VRLLOG,,VRLLOG.NS,https://www.screener.in/company/VRLLOG/consolidated/,2026-09-23,Yahoo Finance,5103.79
796,671,Puravankara Ltd.,PURVA,Realty,PURVA.NS,https://www.screener.in/company/PURVA/consolidated/,2026-07-16,Saved Screener.in FII scan,5095.0
797,1569,LG Balakrishnan & Bros Limited,LGBBROSLTD,,LGBBROSLTD.NS,https://www.screener.in/company/LGBBROSLTD/consolidated/,2026-07-16,Saved Screener.in FII scan,5081.0
798,771,Seshaasai Technologies Ltd.,STYL,Financial Services,STYL.NS,https://www.screener.in/company/STYL/consolidated/,2026-07-16,Saved Screener.in FII scan,5080.0
799,1380,ICRA Limited,ICRA,,ICRA.NS,https://www.screener.in/company/ICRA/consolidated/,2026-07-16,Saved Screener.in FII scan,5076.0
800,733,Thomas Cook (India) Ltd.,THOMASCOOK,Consumer Services,THOMASCOOK.NS,https://www.screener.in/company/THOMASCOOK/consolidated/,2026-07-16,Saved Screener.in FII scan,5061.0
801,1436,India Tourism Development Corporation Limited,ITDC,,ITDC.NS,https://www.screener.in/company/ITDC/consolidated/,2026-07-16,Saved Screener.in FII scan,5054.0
802,635,MSTC Ltd.,MSTCLTD,Services,MSTCLTD.NS,https://www.screener.in/company/MSTCLTD/consolidated/,2026-07-16,Saved Screener.in FII scan,5018.0
803,1756,Novartis India Limited,NOVARTIND,,NOVARTIND.NS,https://www.screener.in/company/NOVARTIND/consolidated/,2026-09-23,Yahoo Finance,5005.81
804,1029,CARE Ratings Limited,CARERATING,,CARERATING.NS,https://www.screener.in/company/CARERATING/consolidated/,2026-07-16,Saved Screener.in FII scan,5003.0
805,1781,Orchid Pharma Limited,ORCHPHARMA,,ORCHPHARMA.NS,https://www.screener.in/company/ORCHPHARMA/consolidated/,2026-07-16,Saved Screener.in FII scan,4964.0
806,2039,Sharda Motor Industries Limited,SHARDAMOTR,,SHARDAMOTR.NS,https://www.screener.in/company/SHARDAMOTR/consolidated/,2026-07-16,Saved Screener.in FII scan,4960.0
807,1287,Goldiam International Limited,GOLDIAM,,GOLDIAM.NS,https://www.screener.in/company/GOLDIAM/consolidated/,2026-07-16,Saved Screener.in FII scan,4937.0
808,1583,Lumax Industries Limited,LUMAXIND,,LUMAXIND.NS,https://www.screener.in/company/LUMAXIND/consolidated/,2026-07-16,Saved Screener.in FII scan,4931.0
809,1289,Goodluck India Limited,GOODLUCK,,GOODLUCK.NS,https://www.screener.in/company/GOODLUCK/consolidated/,2026-07-16,Saved Screener.in FII scan,4920.0
810,685,Refex Industries Ltd.,REFEX,Utilities,REFEX.NS,https://www.screener.in/company/REFEX/consolidated/,2026-07-16,Saved Screener.in FII scan,4919.0
811,1948,Rashi Peripherals Limited,RPTECH,,RPTECH.NS,https://www.screener.in/company/RPTECH/consolidated/,2026-07-16,Saved Screener.in FII scan,4918.0
812,2355,WPIL Limited,WPIL,,WPIL.NS,https://www.screener.in/company/WPIL/consolidated/,2026-07-16,Saved Screener.in FII scan,4907.0
813,680,RattanIndia Power Ltd.,RTNPOWER,Power,RTNPOWER.NS,https://www.screener.in/company/RTNPOWER/consolidated/,2026-07-16,Saved Screener.in FII scan,4876.0
814,533,Aurionpro Solution Ltd.,AURIONPRO,Information Technology,AURIONPRO.NS,https://www.screener.in/company/AURIONPRO/consolidated/,2026-07-16,Saved Screener.in FII scan,4875.0
815,651,Network18 Media & Investments Ltd.,NETWORK18,Media Entertainment & Publication,NETWORK18.NS,https://www.screener.in/company/NETWORK18/consolidated/,2026-07-16,Saved Screener.in FII scan,4874.0
816,754,Wakefit Innovations Ltd.,WAKEFIT,Consumer Durables,WAKEFIT.NS,https://www.screener.in/company/WAKEFIT/consolidated/,2026-09-23,Yahoo Finance,4867.89
817,641,Mastek Ltd.,MASTEK,Information Technology,MASTEK.NS,https://www.screener.in/company/MASTEK/consolidated/,2026-07-16,Saved Screener.in FII scan,4852.0
818,2373,Zota Health Care LImited,ZOTA,,ZOTA.NS,https://www.screener.in/company/ZOTA/consolidated/,2026-07-16,Saved Screener.in FII scan,4851.0
819,655,Oswal Pumps Ltd.,OSWALPUMPS,Capital Goods,OSWALPUMPS.NS,https://www.screener.in/company/OSWALPUMPS/consolidated/,2026-07-16,Saved Screener.in FII scan,4845.0
820,604,Indigo Paints Ltd.,INDIGOPNTS,Consumer Durables,INDIGOPNTS.NS,https://www.screener.in/company/INDIGOPNTS/consolidated/,2026-07-16,Saved Screener.in FII scan,4841.0
821,567,Electrosteel Castings Ltd.,ELECTCAST,Capital Goods,ELECTCAST.NS,https://www.screener.in/company/ELECTCAST/consolidated/,2026-07-16,Saved Screener.in FII scan,4826.0
822,1754,Northern Arc Capital Limited,NORTHARC,,NORTHARC.NS,https://www.screener.in/company/NORTHARC/consolidated/,2026-07-16,Saved Screener.in FII scan,4824.0
823,1655,Mahindra Holidays & Resorts India Limited,MHRIL,,MHRIL.NS,https://www.screener.in/company/MHRIL/consolidated/,2026-07-16,Saved Screener.in FII scan,4819.0
824,1936,Rolex Rings Limited,ROLEXRINGS,,ROLEXRINGS.NS,https://www.screener.in/company/ROLEXRINGS/consolidated/,2026-09-23,Yahoo Finance,4815.91
825,1010,BOSCH HOME COMFORT INDIA LIMITED,BOSCH-HCIL,,BOSCH-HCIL.NS,https://www.screener.in/company/BOSCH-HCIL/consolidated/,2026-09-23,Yahoo Finance,4812.24
826,1828,Pilani Investment and Industries Corporation Limited,PILANIINVS,,PILANIINVS.NS,https://www.screener.in/company/PILANIINVS/consolidated/,2026-07-16,Saved Screener.in FII scan,4812.0
827,681,Raymond Lifestyle Ltd.,RAYMONDLSL,Textiles,RAYMONDLSL.NS,https://www.screener.in/company/RAYMONDLSL/consolidated/,2026-07-16,Saved Screener.in FII scan,4807.0
828,559,Datamatics Global Services Ltd.,DATAMATICS,Information Technology,DATAMATICS.NS,https://www.screener.in/company/DATAMATICS/consolidated/,2026-07-16,Saved Screener.in FII scan,4801.0
829,549,CMS Info Systems Ltd.,CMSINFO,Services,CMSINFO.NS,https://www.screener.in/company/CMSINFO/consolidated/,2026-07-16,Saved Screener.in FII scan,4779.0
830,921,Avantel Limited,AVANTEL,,AVANTEL.NS,https://www.screener.in/company/AVANTEL/consolidated/,2026-07-16,Saved Screener.in FII scan,4756.0
831,1186,Epigral Limited,EPIGRAL,,EPIGRAL.NS,https://www.screener.in/company/EPIGRAL/consolidated/,2026-07-16,Saved Screener.in FII scan,4754.0
832,1514,OnEMI Technology Solutions Limited,KISSHT,,KISSHT.NS,https://www.screener.in/company/KISSHT/consolidated/,2026-07-16,Saved Screener.in FII scan,4750.0
833,2044,Shilchar Technologies Limited,SHILCTECH,,SHILCTECH.NS,https://www.screener.in/company/SHILCTECH/consolidated/,2026-09-23,Yahoo Finance,4744.94
834,1118,Dhanuka Agritech Limited,DHANUKA,,DHANUKA.NS,https://www.screener.in/company/DHANUKA/consolidated/,2026-07-16,Saved Screener.in FII scan,4727.0
835,704,Shree Renuka Sugars Ltd.,RENUKA,Fast Moving Consumer Goods,RENUKA.NS,https://www.screener.in/company/RENUKA/consolidated/,2026-07-16,Saved Screener.in FII scan,4725.0
836,2174,Symphony Limited,SYMPHONY,,SYMPHONY.NS,https://www.screener.in/company/SYMPHONY/consolidated/,2026-07-16,Saved Screener.in FII scan,4705.0
837,566,Electronics Mart India Ltd.,EMIL,Consumer Services,EMIL.NS,https://www.screener.in/company/EMIL/consolidated/,2026-07-16,Saved Screener.in FII scan,4652.0
838,688,Restaurant Brands Asia Ltd.,RBA,Consumer Services,RBA.NS,https://www.screener.in/company/RBA/consolidated/,2026-07-16,Saved Screener.in FII scan,4643.0
839,732,The Anup Engineering Ltd.,ANUP,Capital Goods,ANUP.NS,https://www.screener.in/company/ANUP/consolidated/,2026-07-16,Saved Screener.in FII scan,4637.0
840,2293,Venus Pipes & Tubes Limited,VENUSPIPES,,VENUSPIPES.NS,https://www.screener.in/company/VENUSPIPES/consolidated/,2026-09-23,Yahoo Finance,4631.09
841,720,Sunteck Realty Ltd.,SUNTECK,Realty,SUNTECK.NS,https://www.screener.in/company/SUNTECK/consolidated/,2026-07-16,Saved Screener.in FII scan,4608.0
842,2279,Vadilal Industries Limited,VADILALIND,,VADILALIND.NS,https://www.screener.in/company/VADILALIND/consolidated/,2026-07-16,Saved Screener.in FII scan,4598.0
843,626,Kaveri Seed Company Ltd.,KSCL,Fast Moving Consumer Goods,KSCL.NS,https://www.screener.in/company/KSCL/consolidated/,2026-07-16,Saved Screener.in FII scan,4594.0
844,552,Canara Robeco Asset Management Company Ltd.,CRAMC,Financial Services,CRAMC.NS,https://www.screener.in/company/CRAMC/consolidated/,2026-09-23,Yahoo Finance,4593.58
845,679,RattanIndia Enterprises Ltd.,RTNINDIA,Consumer Services,RTNINDIA.NS,https://www.screener.in/company/RTNINDIA/consolidated/,2026-07-16,Saved Screener.in FII scan,4588.0
846,1058,John Cockerill India Limited,COCKERILL,,COCKERILL.NS,https://www.screener.in/company/COCKERILL/consolidated/,2026-07-16,Saved Screener.in FII scan,4574.0
847,817,Agi Infra Limited,AGIIL,,AGIIL.NS,https://www.screener.in/company/AGIIL/consolidated/,2026-07-16,Saved Screener.in FII scan,4572.0
848,1207,Fineotex Chemical Limited,FCL,,FCL.NS,https://www.screener.in/company/FCL/consolidated/,2026-07-16,Saved Screener.in FII scan,4538.0
849,1316,Gujarat Alkalies and Chemicals Limited,GUJALKALI,,GUJALKALI.NS,https://www.screener.in/company/GUJALKALI/consolidated/,2026-07-16,Saved Screener.in FII scan,4530.0
850,1105,DEE Development Engineers Limited,DEEDEV,,DEEDEV.NS,https://www.screener.in/company/DEEDEV/consolidated/,2026-07-16,Saved Screener.in FII scan,4495.0
851,1657,Midwest Limited,MIDWESTLTD,,MIDWESTLTD.NS,https://www.screener.in/company/MIDWESTLTD/consolidated/,2026-07-16,Saved Screener.in FII scan,4495.0
852,617,Justdial Ltd.,JUSTDIAL,Consumer Services,JUSTDIAL.NS,https://www.screener.in/company/JUSTDIAL/consolidated/,2026-07-16,Saved Screener.in FII scan,4457.0
853,1315,Gufic Biosciences Limited,GUFICBIO,,GUFICBIO.NS,https://www.screener.in/company/GUFICBIO/consolidated/,2026-07-16,Saved Screener.in FII scan,4456.0
854,816,AGI Greenpac Limited,AGI,,AGI.NS,https://www.screener.in/company/AGI/consolidated/,2026-07-16,Saved Screener.in FII scan,4451.0
855,280,C.E. Info Systems Ltd.,MAPMYINDIA,Information Technology,MAPMYINDIA.NS,https://www.screener.in/company/MAPMYINDIA/consolidated/,2026-07-16,Saved Screener.in FII scan,4444.0
856,2332,VST Industries Limited,VSTIND,,VSTIND.NS,https://www.screener.in/company/VSTIND/consolidated/,2026-07-16,Saved Screener.in FII scan,4432.0
857,929,Aye Finance Limited,AYE,,AYE.NS,https://www.screener.in/company/AYE/consolidated/,2026-09-23,Yahoo Finance,4418.29
858,1798,Pace Digitek Limited,PACEDIGITK,,PACEDIGITK.NS,https://www.screener.in/company/PACEDIGITK/consolidated/,2026-07-16,Saved Screener.in FII scan,4403.0
859,743,V.I.P. Industries Ltd.,VIPIND,Consumer Durables,VIPIND.NS,https://www.screener.in/company/VIPIND/consolidated/,2026-07-16,Saved Screener.in FII scan,4383.0
860,756,Websol Energy System Ltd.,WEBELSOLAR,Capital Goods,WEBELSOLAR.NS,https://www.screener.in/company/WEBELSOLAR/consolidated/,2026-07-16,Saved Screener.in FII scan,4379.0
861,730,Texmaco Rail & Eng. Ltd.,TEXRAIL,Capital Goods,TEXRAIL.NS,https://www.screener.in/company/TEXRAIL/consolidated/,2026-07-16,Saved Screener.in FII scan,4376.0
862,1616,Man Industries (India) Limited,MANINDS,,MANINDS.NS,https://www.screener.in/company/MANINDS/consolidated/,2026-07-16,Saved Screener.in FII scan,4358.0
863,1861,Premier Explosives Limited,PREMEXPLN,,PREMEXPLN.NS,https://www.screener.in/company/PREMEXPLN/consolidated/,2026-07-16,Saved Screener.in FII scan,4358.0
864,2271,Universal Cables Limited,UNIVCABLES,,UNIVCABLES.NS,https://www.screener.in/company/UNIVCABLES/consolidated/,2026-07-16,Saved Screener.in FII scan,4354.0
865,1471,Juniper Hotels Limited,JUNIPER,,JUNIPER.NS,https://www.screener.in/company/JUNIPER/consolidated/,2026-07-16,Saved Screener.in FII scan,4352.0
866,2003,Shivalik Bimetal Controls Limited,SBCL,,SBCL.NS,https://www.screener.in/company/SBCL/consolidated/,2026-07-16,Saved Screener.in FII scan,4343.0
867,676,Rallis India Ltd.,RALLIS,Chemicals,RALLIS.NS,https://www.screener.in/company/RALLIS/consolidated/,2026-07-16,Saved Screener.in FII scan,4334.0
868,629,Laxmi Organic Industries Ltd.,LXCHEM,Chemicals,LXCHEM.NS,https://www.screener.in/company/LXCHEM/consolidated/,2026-07-16,Saved Screener.in FII scan,4330.0
869,1759,NRB Bearing Limited,NRBBEARING,,NRBBEARING.NS,https://www.screener.in/company/NRBBEARING/consolidated/,2026-07-16,Saved Screener.in FII scan,4328.0
870,2172,Swaraj Engines Limited,SWARAJENG,,SWARAJENG.NS,https://www.screener.in/company/SWARAJENG/consolidated/,2026-09-23,Yahoo Finance,4324.5
871,1173,Elitecon International Limited,ELITECON,,ELITECON.NS,https://www.screener.in/company/ELITECON/consolidated/,2026-07-16,Saved Screener.in FII scan,4311.0
872,1428,IOL Chemicals and Pharmaceuticals Limited,IOLCP,,IOLCP.NS,https://www.screener.in/company/IOLCP/consolidated/,2026-07-16,Saved Screener.in FII scan,4299.0
873,2346,Wheels India Limited,WHEELS,,WHEELS.NS,https://www.screener.in/company/WHEELS/consolidated/,2026-07-16,Saved Screener.in FII scan,4286.0
874,1617,Man Infraconstruction Limited,MANINFRA,,MANINFRA.NS,https://www.screener.in/company/MANINFRA/consolidated/,2026-07-16,Saved Screener.in FII scan,4269.0
875,936,Bajaj Hindusthan Sugar Limited,BAJAJHIND,,BAJAJHIND.NS,https://www.screener.in/company/BAJAJHIND/consolidated/,2026-07-16,Saved Screener.in FII scan,4231.0
876,1336,Hawkins Cookers Limited,HAWKINCOOK,,HAWKINCOOK.NS,https://www.screener.in/company/HAWKINCOOK/consolidated/,2026-09-23,Yahoo Finance,4226.02
877,947,Bannari Amman Sugars Limited,BANARISUG,,BANARISUG.NS,https://www.screener.in/company/BANARISUG/consolidated/,2026-09-23,Yahoo Finance,4191.77
878,1987,Sandhar Technologies Limited,SANDHAR,,SANDHAR.NS,https://www.screener.in/company/SANDHAR/consolidated/,2026-07-16,Saved Screener.in FII scan,4184.0
879,889,Artemis Medicare Services Limited,ARTEMISMED,,ARTEMISMED.NS,https://www.screener.in/company/ARTEMISMED/consolidated/,2026-07-16,Saved Screener.in FII scan,4182.0
880,1842,Pondy Oxides & Chemicals Limited,POCL,,POCL.NS,https://www.screener.in/company/POCL/consolidated/,2026-07-16,Saved Screener.in FII scan,4178.0
881,683,Raymond Realty Ltd.,RAYMONDREL,Realty,RAYMONDREL.NS,https://www.screener.in/company/RAYMONDREL/consolidated/,2026-07-16,Saved Screener.in FII scan,4148.0
882,652,Optiemus Infracom Ltd.,OPTIEMUS,Telecommunication,OPTIEMUS.NS,https://www.screener.in/company/OPTIEMUS/consolidated/,2026-07-16,Saved Screener.in FII scan,4124.0
883,1406,IndoStar Capital Finance Limited,INDOSTAR,,INDOSTAR.NS,https://www.screener.in/company/INDOSTAR/consolidated/,2026-07-16,Saved Screener.in FII scan,4123.0
884,1513,Kirloskar Industries Limited,KIRLOSIND,,KIRLOSIND.NS,https://www.screener.in/company/KIRLOSIND/consolidated/,2026-07-16,Saved Screener.in FII scan,4114.0
885,2026,SG Finserve Limited,SGFIN,,SGFIN.NS,https://www.screener.in/company/SGFIN/consolidated/,2026-09-23,Yahoo Finance,4099.66
886,864,Antelopus Selan Energy Limited,ANTELOPUS,,ANTELOPUS.NS,https://www.screener.in/company/ANTELOPUS/consolidated/,2026-09-23,Yahoo Finance,4083.05
887,1399,Indiqube Spaces Limited,INDIQUBE,,INDIQUBE.NS,https://www.screener.in/company/INDIQUBE/consolidated/,2026-09-23,Yahoo Finance,4080.11
888,553,Capillary Technologies India Ltd.,CAPILLARY,Information Technology,CAPILLARY.NS,https://www.screener.in/company/CAPILLARY/consolidated/,2026-07-16,Saved Screener.in FII scan,4079.0
889,2320,Vishnu Chemicals Limited,VISHNU,,VISHNU.NS,https://www.screener.in/company/VISHNU/consolidated/,2026-07-16,Saved Screener.in FII scan,4059.0
890,1228,Foseco India Limited,FOSECOIND,,FOSECOIND.NS,https://www.screener.in/company/FOSECOIND/consolidated/,2026-07-16,Saved Screener.in FII scan,4046.0
891,1683,Moschip Technologies Limited,MOSCHIP,,MOSCHIP.NS,https://www.screener.in/company/MOSCHIP/consolidated/,2026-07-16,Saved Screener.in FII scan,4018.0
892,714,Styrenix Performance Materials Ltd.,STYRENIX,Chemicals,STYRENIX.NS,https://www.screener.in/company/STYRENIX/consolidated/,2026-07-16,Saved Screener.in FII scan,4012.0
893,1104,Deccan Gold Mines Limited,DECNGOLD,,DECNGOLD.NS,https://www.screener.in/company/DECNGOLD/consolidated/,2026-07-16,Saved Screener.in FII scan,4008.0
894,2052,Shoppers Stop Limited,SHOPERSTOP,,SHOPERSTOP.NS,https://www.screener.in/company/SHOPERSTOP/consolidated/,2026-07-16,Saved Screener.in FII scan,3994.0
895,578,GHCL Ltd.,GHCL,Chemicals,GHCL.NS,https://www.screener.in/company/GHCL/consolidated/,2026-07-16,Saved Screener.in FII scan,3981.0
896,673,Quess Corp Ltd.,QUESS,Services,QUESS.NS,https://www.screener.in/company/QUESS/consolidated/,2026-07-16,Saved Screener.in FII scan,3964.0
897,896,Ashiana Housing Limited,ASHIANA,,ASHIANA.NS,https://www.screener.in/company/ASHIANA/consolidated/,2026-07-16,Saved Screener.in FII scan,3954.0
898,1358,Hind Rectifiers Limited,HIRECT,,HIRECT.NS,https://www.screener.in/company/HIRECT/consolidated/,2026-07-16,Saved Screener.in FII scan,3942.0
899,1623,Marine Electricals (India) Limited,MARINE,,MARINE.NS,https://www.screener.in/company/MARINE/consolidated/,2026-07-16,Saved Screener.in FII scan,3942.0
900,2093,SMS Pharmaceuticals Limited,SMSPHARMA,,SMSPHARMA.NS,https://www.screener.in/company/SMSPHARMA/consolidated/,2026-07-16,Saved Screener.in FII scan,3932.0
901,1494,KDDL Limited,KDDL,,KDDL.NS,https://www.screener.in/company/KDDL/consolidated/,2026-07-16,Saved Screener.in FII scan,3928.0
902,2240,TruAlt Bioenergy Limited,TRUALT,,TRUALT.NS,https://www.screener.in/company/TRUALT/consolidated/,2026-07-16,Saved Screener.in FII scan,3922.0
903,764,Enviro Infra Engineers Ltd.,EIEL,Utilities,EIEL.NS,https://www.screener.in/company/EIEL/consolidated/,2026-07-16,Saved Screener.in FII scan,3920.0
904,2878,V Marc India Limited,VMARCIND,,VMARCIND.NS,https://www.screener.in/company/VMARCIND/consolidated/,2026-07-16,Saved Screener.in FII scan,3920.0
905,2334,V.S.T Tillers Tractors Limited,VSTTILLERS,,VSTTILLERS.NS,https://www.screener.in/company/VSTTILLERS/consolidated/,2026-07-16,Saved Screener.in FII scan,3905.0
906,682,Raymond Ltd.,RAYMOND,Capital Goods,RAYMOND.NS,https://www.screener.in/company/RAYMOND/consolidated/,2026-07-16,Saved Screener.in FII scan,3902.0
907,1874,PSP Projects Limited,PSPPROJECT,,PSPPROJECT.NS,https://www.screener.in/company/PSPPROJECT/consolidated/,2026-07-16,Saved Screener.in FII scan,3874.0
908,695,Samhi Hotels Ltd.,SAMHI,Consumer Services,SAMHI.NS,https://www.screener.in/company/SAMHI/consolidated/,2026-07-16,Saved Screener.in FII scan,3871.0
909,2081,Sindhu Trade Links Limited,SINDHUTRAD,,SINDHUTRAD.NS,https://www.screener.in/company/SINDHUTRAD/consolidated/,2026-07-16,Saved Screener.in FII scan,3835.0
910,1333,Harsha Engineers International Limited,HARSHA,,HARSHA.NS,https://www.screener.in/company/HARSHA/consolidated/,2026-07-16,Saved Screener.in FII scan,3825.0
911,1546,Kalyani Steels Limited,KSL,,KSL.NS,https://www.screener.in/company/KSL/consolidated/,2026-07-16,Saved Screener.in FII scan,3810.0
912,746,Vaibhav Global Ltd.,VAIBHAVGBL,Consumer Durables,VAIBHAVGBL.NS,https://www.screener.in/company/VAIBHAVGBL/consolidated/,2026-07-16,Saved Screener.in FII scan,3809.0
913,1984,Sanathan Textiles Limited,SANATHAN,,SANATHAN.NS,https://www.screener.in/company/SANATHAN/consolidated/,2026-07-16,Saved Screener.in FII scan,3805.0
914,1468,Jtekt India Limited,JTEKTINDIA,,JTEKTINDIA.NS,https://www.screener.in/company/JTEKTINDIA/consolidated/,2026-07-16,Saved Screener.in FII scan,3784.0
915,1944,RPG Life Sciences Limited,RPGLIFE,,RPGLIFE.NS,https://www.screener.in/company/RPGLIFE/consolidated/,2026-07-16,Saved Screener.in FII scan,3784.0
916,1633,Mayur Uniquoters Ltd,MAYURUNIQ,,MAYURUNIQ.NS,https://www.screener.in/company/MAYURUNIQ/consolidated/,2026-07-16,Saved Screener.in FII scan,3783.0
917,1989,Sanghvi Movers Limited,SANGHVIMOV,,SANGHVIMOV.NS,https://www.screener.in/company/SANGHVIMOV/consolidated/,2026-07-16,Saved Screener.in FII scan,3772.0
918,1903,Ram Ratna Wires Limited,RAMRAT,,RAMRAT.NS,https://www.screener.in/company/RAMRAT/consolidated/,2026-07-16,Saved Screener.in FII scan,3771.0
919,972,Bhagiradha Chemicals & Industries Limited,BHAGCHEM,,BHAGCHEM.NS,https://www.screener.in/company/BHAGCHEM/consolidated/,2026-07-16,Saved Screener.in FII scan,3762.0
920,1462,J.Kumar Infraprojects Limited,JKIL,,JKIL.NS,https://www.screener.in/company/JKIL/consolidated/,2026-07-16,Saved Screener.in FII scan,3760.0
921,591,H.G. Infra Engineering Ltd.,HGINFRA,Construction,HGINFRA.NS,https://www.screener.in/company/HGINFRA/consolidated/,2026-07-16,Saved Screener.in FII scan,3758.0
922,1301,Greenply Industries Limited,GREENPLY,,GREENPLY.NS,https://www.screener.in/company/GREENPLY/consolidated/,2026-07-16,Saved Screener.in FII scan,3753.0
923,619,KNR Constructions Ltd.,KNRCON,Construction,KNRCON.NS,https://www.screener.in/company/KNRCON/consolidated/,2026-07-16,Saved Screener.in FII scan,3742.0
924,1082,Cyient DLM Limited,CYIENTDLM,,CYIENTDLM.NS,https://www.screener.in/company/CYIENTDLM/consolidated/,2026-07-16,Saved Screener.in FII scan,3741.0
925,723,TARC Ltd.,TARC,Realty,TARC.NS,https://www.screener.in/company/TARC/consolidated/,2026-07-16,Saved Screener.in FII scan,3720.0
926,1601,Mahindra Logistics Limited,MAHLOG,,MAHLOG.NS,https://www.screener.in/company/MAHLOG/consolidated/,2026-07-16,Saved Screener.in FII scan,3709.0
927,539,Bajaj Electricals Ltd,BAJAJELEC,Consumer Durables,BAJAJELEC.NS,https://www.screener.in/company/BAJAJELEC/consolidated/,2026-07-16,Saved Screener.in FII scan,3693.0
928,1584,Lux Industries Limited,LUXIND,,LUXIND.NS,https://www.screener.in/company/LUXIND/consolidated/,2026-07-16,Saved Screener.in FII scan,3680.0
929,1832,Pitti Engineering Limited,PITTIENG,,PITTIENG.NS,https://www.screener.in/company/PITTIENG/consolidated/,2026-07-16,Saved Screener.in FII scan,3675.0
930,649,National Fertilizers Ltd.,NFL,Chemicals,NFL.NS,https://www.screener.in/company/NFL/consolidated/,2026-07-16,Saved Screener.in FII scan,3670.0
931,529,Ashoka Buildcon Ltd.,ASHOKA,Construction,ASHOKA.NS,https://www.screener.in/company/ASHOKA/consolidated/,2026-07-16,Saved Screener.in FII scan,3666.0
932,1181,eMudhra Limited,EMUDHRA,,EMUDHRA.NS,https://www.screener.in/company/EMUDHRA/consolidated/,2026-07-16,Saved Screener.in FII scan,3655.0
933,2011,Seamec Limited,SEAMECLTD,,SEAMECLTD.NS,https://www.screener.in/company/SEAMECLTD/consolidated/,2026-07-16,Saved Screener.in FII scan,3646.0
934,1941,Rossell Techsys Limited,ROSSTECH,,ROSSTECH.NS,https://www.screener.in/company/ROSSTECH/consolidated/,2026-07-16,Saved Screener.in FII scan,3644.0
935,2129,Steelcast Limited,STEELCAS,,STEELCAS.NS,https://www.screener.in/company/STEELCAS/consolidated/,2026-09-23,Yahoo Finance,3640.16
936,2123,Steel Strips Wheels Limited,SSWL,,SSWL.NS,https://www.screener.in/company/SSWL/consolidated/,2026-07-16,Saved Screener.in FII scan,3627.0
937,579,GMM Pfaudler Ltd.,GMMPFAUDLR,Capital Goods,GMMPFAUDLR.NS,https://www.screener.in/company/GMMPFAUDLR/consolidated/,2026-07-16,Saved Screener.in FII scan,3606.0
938,1381,Ideaforge Technology Limited,IDEAFORGE,,IDEAFORGE.NS,https://www.screener.in/company/IDEAFORGE/consolidated/,2026-07-16,Saved Screener.in FII scan,3604.0
939,1132,Divgi Torqtransfer Systems Limited,DIVGIITTS,,DIVGIITTS.NS,https://www.screener.in/company/DIVGIITTS/consolidated/,2026-09-23,Yahoo Finance,3599.92
940,1786,Orient Electric Limited,ORIENTELEC,,ORIENTELEC.NS,https://www.screener.in/company/ORIENTELEC/consolidated/,2026-09-23,Yahoo Finance,3586.66
941,762,Crizac Ltd.,CRIZAC,Consumer Services,CRIZAC.NS,https://www.screener.in/company/CRIZAC/consolidated/,2026-07-16,Saved Screener.in FII scan,3577.0
942,2357,West Coast Paper Mills Limited,WSTCSTPAPR,,WSTCSTPAPR.NS,https://www.screener.in/company/WSTCSTPAPR/consolidated/,2026-07-16,Saved Screener.in FII scan,3567.0
943,1499,Kernex Microsystems (India) Limited,KERNEX,,KERNEX.NS,https://www.screener.in/company/KERNEX/consolidated/,2026-07-16,Saved Screener.in FII scan,3548.0
944,2203,Tourism Finance Corporation of India Limited,TFCILTD,,TFCILTD.NS,https://www.screener.in/company/TFCILTD/consolidated/,2026-07-16,Saved Screener.in FII scan,3548.0
945,2362,Yasho Industries Limited,YASHO,,YASHO.NS,https://www.screener.in/company/YASHO/consolidated/,2026-07-16,Saved Screener.in FII scan,3540.0
946,888,Anand Rathi Share and Stock Brokers Limited,ARSSBL,,ARSSBL.NS,https://www.screener.in/company/ARSSBL/consolidated/,2026-07-16,Saved Screener.in FII scan,3529.0
947,515,Advanced Enzyme Tech Ltd.,ADVENZYMES,Healthcare,ADVENZYMES.NS,https://www.screener.in/company/ADVENZYMES/consolidated/,2026-07-16,Saved Screener.in FII scan,3516.0
948,512,Aarti Drugs Ltd.,AARTIDRUGS,Healthcare,AARTIDRUGS.NS,https://www.screener.in/company/AARTIDRUGS/consolidated/,2026-07-16,Saved Screener.in FII scan,3514.0
949,2104,Savita Oil Technologies Limited,SOTL,,SOTL.NS,https://www.screener.in/company/SOTL/consolidated/,2026-07-16,Saved Screener.in FII scan,3513.0
950,1407,Indo Tech Transformers Limited,INDOTECH,,INDOTECH.NS,https://www.screener.in/company/INDOTECH/consolidated/,2026-09-23,Yahoo Finance,3490.58
951,1803,Panacea Biotec Limited,PANACEABIO,,PANACEABIO.NS,https://www.screener.in/company/PANACEABIO/consolidated/,2026-07-16,Saved Screener.in FII scan,3478.0
952,1747,Nitin Spinners Limited,NITINSPIN,,NITINSPIN.NS,https://www.screener.in/company/NITINSPIN/consolidated/,2026-09-23,Yahoo Finance,3473.27
953,2015,Shanti Educational Initiatives Limited,SEIL,,SEIL.NS,https://www.screener.in/company/SEIL/consolidated/,2026-07-16,Saved Screener.in FII scan,3452.0
954,595,Hemisphere Properties India Ltd.,HEMIPROP,Services,HEMIPROP.NS,https://www.screener.in/company/HEMIPROP/consolidated/,2026-09-23,Yahoo Finance,3447.44
955,1815,Patel Engineering Limited,PATELENG,,PATELENG.NS,https://www.screener.in/company/PATELENG/consolidated/,2026-07-16,Saved Screener.in FII scan,3444.0
956,1412,Indraprastha Medical Corporation Limited,INDRAMEDCO,,INDRAMEDCO.NS,https://www.screener.in/company/INDRAMEDCO/consolidated/,2026-09-23,Yahoo Finance,3434.07
957,799,ADF Foods Limited,ADFFOODS,,ADFFOODS.NS,https://www.screener.in/company/ADFFOODS/consolidated/,2026-07-16,Saved Screener.in FII scan,3426.0
958,1031,CARYSIL LIMITED,CARYSIL,,CARYSIL.NS,https://www.screener.in/company/CARYSIL/consolidated/,2026-07-16,Saved Screener.in FII scan,3426.0
959,1089,D.B.Corp Limited,DBCORP,,DBCORP.NS,https://www.screener.in/company/DBCORP/consolidated/,2026-07-16,Saved Screener.in FII scan,3390.0
960,1757,Network People Services Technologies Limited,NPST,,NPST.NS,https://www.screener.in/company/NPST/consolidated/,2026-07-16,Saved Screener.in FII scan,3380.0
961,1913,Ravindra Energy Limited,RELTD,,RELTD.NS,https://www.screener.in/company/RELTD/consolidated/,2026-07-16,Saved Screener.in FII scan,3320.0
962,1997,Sasken Technologies Limited,SASKEN,,SASKEN.NS,https://www.screener.in/company/SASKEN/consolidated/,2026-07-16,Saved Screener.in FII scan,3303.0
963,2360,Xpro India Limited,XPROINDIA,,XPROINDIA.NS,https://www.screener.in/company/XPROINDIA/consolidated/,2026-07-16,Saved Screener.in FII scan,3300.0
964,1297,Grauer & Weil India Limited,GRAUWEIL,,GRAUWEIL.NS,https://www.screener.in/company/GRAUWEIL/consolidated/,2026-07-16,Saved Screener.in FII scan,3292.0
965,1682,Morepen Laboratories Limited,MOREPENLAB,,MOREPENLAB.NS,https://www.screener.in/company/MOREPENLAB/consolidated/,2026-07-16,Saved Screener.in FII scan,3292.0
966,1291,Gopal Snacks Limited,GOPAL,,GOPAL.NS,https://www.screener.in/company/GOPAL/consolidated/,2026-09-23,Yahoo Finance,3271.88
967,1982,Sambhv Steel Tubes Limited,SAMBHV,,SAMBHV.NS,https://www.screener.in/company/SAMBHV/consolidated/,2026-07-16,Saved Screener.in FII scan,3271.0
968,689,Route Mobile Ltd.,ROUTE,Telecommunication,ROUTE.NS,https://www.screener.in/company/ROUTE/consolidated/,2026-07-16,Saved Screener.in FII scan,3265.0
969,1844,Pokarna Limited,POKARNA,,POKARNA.NS,https://www.screener.in/company/POKARNA/consolidated/,2026-07-16,Saved Screener.in FII scan,3253.0
970,2260,Unichem Laboratories Limited,UNICHEMLAB,,UNICHEMLAB.NS,https://www.screener.in/company/UNICHEMLAB/consolidated/,2026-07-16,Saved Screener.in FII scan,3248.0
971,2353,Wonderla Holidays Limited,WONDERLA,,WONDERLA.NS,https://www.screener.in/company/WONDERLA/consolidated/,2026-09-23,Yahoo Finance,3239.32
972,1522,Kolte - Patil Developers Limited,KOLTEPATIL,,KOLTEPATIL.NS,https://www.screener.in/company/KOLTEPATIL/consolidated/,2026-07-16,Saved Screener.in FII scan,3220.0
973,1686,MPS Limited,MPSLTD,,MPSLTD.NS,https://www.screener.in/company/MPSLTD/consolidated/,2026-07-16,Saved Screener.in FII scan,3218.0
974,1447,Jash Engineering Limited,JASH,,JASH.NS,https://www.screener.in/company/JASH/consolidated/,2026-07-16,Saved Screener.in FII scan,3212.0
975,2766,Oriana Power Limited,ORIANA,,ORIANA.NS,https://www.screener.in/company/ORIANA/consolidated/,2026-07-16,Saved Screener.in FII scan,3211.0
976,1344,HeidelbergCement India Limited,HEIDELBERG,,HEIDELBERG.NS,https://www.screener.in/company/HEIDELBERG/consolidated/,2026-09-23,Yahoo Finance,3208.65
977,1699,Muthoot Microfin Limited,MUTHOOTMF,,MUTHOOTMF.NS,https://www.screener.in/company/MUTHOOTMF/consolidated/,2026-09-23,Yahoo Finance,3173.98
978,2245,TVS Srichakra Limited,TVSSRICHAK,,TVSSRICHAK.NS,https://www.screener.in/company/TVSSRICHAK/consolidated/,2026-07-16,Saved Screener.in FII scan,3161.0
979,1933,Rane (Madras) Limited,RML,,RML.NS,https://www.screener.in/company/RML/consolidated/,2026-07-16,Saved Screener.in FII scan,3151.0
980,1047,Chemplast Sanmar Limited,CHEMPLASTS,,CHEMPLASTS.NS,https://www.screener.in/company/CHEMPLASTS/consolidated/,2026-07-16,Saved Screener.in FII scan,3144.0
981,1735,NIIT Learning Systems Limited,NIITMTS,,NIITMTS.NS,https://www.screener.in/company/NIITMTS/consolidated/,2026-07-16,Saved Screener.in FII scan,3142.0
982,765,Kitex Garments Ltd.,KITEX,Textiles,KITEX.NS,https://www.screener.in/company/KITEX/consolidated/,2026-07-16,Saved Screener.in FII scan,3140.0
983,1715,Navneet Education Limited,NAVNETEDUL,,NAVNETEDUL.NS,https://www.screener.in/company/NAVNETEDUL/consolidated/,2026-07-16,Saved Screener.in FII scan,3124.0
984,1470,Jubilant Agri and Consumer Products Limited,JUBLCPL,,JUBLCPL.NS,https://www.screener.in/company/JUBLCPL/consolidated/,2026-07-16,Saved Screener.in FII scan,3119.0
985,944,Balmer Lawrie & Company Limited,BALMLAWRIE,,BALMLAWRIE.NS,https://www.screener.in/company/BALMLAWRIE/consolidated/,2026-07-16,Saved Screener.in FII scan,3115.0
986,1901,Ramco Systems Limited,RAMCOSYS,,RAMCOSYS.NS,https://www.screener.in/company/RAMCOSYS/consolidated/,2026-07-16,Saved Screener.in FII scan,3097.0
987,596,Heritage Foods Ltd.,HERITGFOOD,Fast Moving Consumer Goods,HERITGFOOD.NS,https://www.screener.in/company/HERITGFOOD/consolidated/,2026-07-16,Saved Screener.in FII scan,3076.0
988,1751,NOCIL Limited,NOCIL,,NOCIL.NS,https://www.screener.in/company/NOCIL/consolidated/,2026-07-16,Saved Screener.in FII scan,3065.0
989,1515,Kewal Kiran Clothing Limited,KKCL,,KKCL.NS,https://www.screener.in/company/KKCL/consolidated/,2026-07-16,Saved Screener.in FII scan,3058.0
990,1030,Carraro India Limited,CARRARO,,CARRARO.NS,https://www.screener.in/company/CARRARO/consolidated/,2026-07-16,Saved Screener.in FII scan,3044.0
991,779,63 moons technologies limited,63MOONS,,63MOONS.NS,https://www.screener.in/company/63MOONS/consolidated/,2026-07-16,Saved Screener.in FII scan,3029.0
992,2252,UFLEX Limited,UFLEX,,UFLEX.NS,https://www.screener.in/company/UFLEX/consolidated/,2026-07-16,Saved Screener.in FII scan,3026.0
993,2266,Uniparts India Limited,UNIPARTS,,UNIPARTS.NS,https://www.screener.in/company/UNIPARTS/consolidated/,2026-07-16,Saved Screener.in FII scan,3025.0
994,1458,Jindal Worldwide Limited,JINDWORLD,,JINDWORLD.NS,https://www.screener.in/company/JINDWORLD/consolidated/,2026-07-16,Saved Screener.in FII scan,3024.0
995,1845,Polyplex Corporation Limited,POLYPLEX,,POLYPLEX.NS,https://www.screener.in/company/POLYPLEX/consolidated/,2026-07-16,Saved Screener.in FII scan,3001.0
996,2146,Sundaram Clayton Limited,SUNCLAY,,SUNCLAY.NS,https://www.screener.in/company/SUNCLAY/consolidated/,2026-07-16,Saved Screener.in FII scan,2998.0
997,1602,Maithan Alloys Limited,MAITHANALL,,MAITHANALL.NS,https://www.screener.in/company/MAITHANALL/consolidated/,2026-07-16,Saved Screener.in FII scan,2988.0
998,1231,Fusion Finance Limited,FUSION,,FUSION.NS,https://www.screener.in/company/FUSION/consolidated/,2026-09-23,Yahoo Finance,2978.81
999,1469,JTL INDUSTRIES LIMITED,JTLIND,,JTLIND.NS,https://www.screener.in/company/JTLIND/consolidated/,2026-07-16,Saved Screener.in FII scan,2961.0
1000,772,Share India Securities Ltd.,SHAREINDIA,Financial Services,SHAREINDIA.NS,https://www.screener.in/company/SHAREINDIA/consolidated/,2026-07-16,Saved Screener.in FII scan,2953.0
1001,1408,Indo Thai Securities Limited,INDOTHAI,,INDOTHAI.NS,https://www.screener.in/company/INDOTHAI/consolidated/,2026-07-16,Saved Screener.in FII scan,2949.0
1002,1900,Ramco Industries Limited,RAMCOIND,,RAMCOIND.NS,https://www.screener.in/company/RAMCOIND/consolidated/,2026-07-16,Saved Screener.in FII scan,2940.0
1003,1866,Prince Pipes And Fittings Limited,PRINCEPIPE,,PRINCEPIPE.NS,https://www.screener.in/company/PRINCEPIPE/consolidated/,2026-09-23,Yahoo Finance,2938.72
1004,1374,Hubtown Limited,HUBTOWN,,HUBTOWN.NS,https://www.screener.in/company/HUBTOWN/consolidated/,2026-07-16,Saved Screener.in FII scan,2936.0
1005,1939,Rossari Biotech Limited,ROSSARI,,ROSSARI.NS,https://www.screener.in/company/ROSSARI/consolidated/,2026-07-16,Saved Screener.in FII scan,2926.0
1006,1106,Deep Industries Limited,DEEPINDS,,DEEPINDS.NS,https://www.screener.in/company/DEEPINDS/consolidated/,2026-07-16,Saved Screener.in FII scan,2925.0
1007,1174,Elpro International Limited,ELPROINTL,,ELPROINTL.NS,https://www.screener.in/company/ELPROINTL/consolidated/,2026-07-16,Saved Screener.in FII scan,2916.0
1008,1809,Parag Milk Foods Limited,PARAGMILK,,PARAGMILK.NS,https://www.screener.in/company/PARAGMILK/consolidated/,2026-07-16,Saved Screener.in FII scan,2914.0
1009,2087,Siyaram Silk Mills Limited,SIYSIL,,SIYSIL.NS,https://www.screener.in/company/SIYSIL/consolidated/,2026-07-16,Saved Screener.in FII scan,2907.0
1010,2110,Spectrum Electrical Industries Limited,SPECTRUM,,SPECTRUM.NS,https://www.screener.in/company/SPECTRUM/consolidated/,2026-07-16,Saved Screener.in FII scan,2907.0
1011,1266,GK Energy Limited,GKENERGY,,GKENERGY.NS,https://www.screener.in/company/GKENERGY/consolidated/,2026-07-16,Saved Screener.in FII scan,2903.0
1012,1531,Kwality Pharmaceuticals Limited,KPL,,KPL.NS,https://www.screener.in/company/KPL/consolidated/,2026-07-16,Saved Screener.in FII scan,2901.0
1013,1246,Gateway Distriparks Limited,GATEWAY,,GATEWAY.NS,https://www.screener.in/company/GATEWAY/consolidated/,2026-07-16,Saved Screener.in FII scan,2891.0
1014,1195,Euro Pratik Sales Limited,EUROPRATIK,,EUROPRATIK.NS,https://www.screener.in/company/EUROPRATIK/consolidated/,2026-07-16,Saved Screener.in FII scan,2886.0
1015,1148,Dredging Corporation of India Limited,DREDGECORP,,DREDGECORP.NS,https://www.screener.in/company/DREDGECORP/consolidated/,2026-09-23,Yahoo Finance,2849.0
1016,1424,Interarch Building Solutions Limited,INTERARCH,,INTERARCH.NS,https://www.screener.in/company/INTERARCH/consolidated/,2026-09-23,Yahoo Finance,2847.29
1017,2106,S. P. Apparels Limited,SPAL,,SPAL.NS,https://www.screener.in/company/SPAL/consolidated/,2026-07-16,Saved Screener.in FII scan,2843.0
1018,1615,Mangalam Cement Limited,MANGLMCEM,,MANGLMCEM.NS,https://www.screener.in/company/MANGLMCEM/consolidated/,2026-09-23,Yahoo Finance,2841.3
1019,674,R Systems International Ltd.,RSYSTEMS,Information Technology,RSYSTEMS.NS,https://www.screener.in/company/RSYSTEMS/consolidated/,2026-07-16,Saved Screener.in FII scan,2832.0
1020,1761,Nalwa Sons Investments Limited,NSIL,,NSIL.NS,https://www.screener.in/company/NSIL/consolidated/,2026-07-16,Saved Screener.in FII scan,2828.0
1021,1947,RPSG VENTURES LIMITED,RPSGVENT,,RPSGVENT.NS,https://www.screener.in/company/RPSGVENT/consolidated/,2026-07-16,Saved Screener.in FII scan,2820.0
1022,897,Ashika Credit Capital Limited,ASHIKA,,ASHIKA.NS,https://www.screener.in/company/ASHIKA/consolidated/,2026-07-16,Saved Screener.in FII scan,2817.0
1023,1008,Borosil Limited,BOROLTD,,BOROLTD.NS,https://www.screener.in/company/BOROLTD/consolidated/,2026-07-16,Saved Screener.in FII scan,2804.0
1024,1465,JNK India Limited,JNKINDIA,,JNKINDIA.NS,https://www.screener.in/company/JNKINDIA/consolidated/,2026-07-16,Saved Screener.in FII scan,2792.0
1025,1158,Easy Trip Planners Limited,EASEMYTRIP,,EASEMYTRIP.NS,https://www.screener.in/company/EASEMYTRIP/consolidated/,2026-07-16,Saved Screener.in FII scan,2789.0
1026,760,Zaggle Prepaid Ocean Services Ltd.,ZAGGLE,Information Technology,ZAGGLE.NS,https://www.screener.in/company/ZAGGLE/consolidated/,2026-07-16,Saved Screener.in FII scan,2789.0
1027,2188,Tatva Chintan Pharma Chem Limited,TATVA,,TATVA.NS,https://www.screener.in/company/TATVA/consolidated/,2026-07-16,Saved Screener.in FII scan,2776.0
1028,1902,Ramky Infrastructure Limited,RAMKY,,RAMKY.NS,https://www.screener.in/company/RAMKY/consolidated/,2026-07-16,Saved Screener.in FII scan,2775.0
1029,1889,Rajesh Exports Limited,RAJESHEXPO,,RAJESHEXPO.NS,https://www.screener.in/company/RAJESHEXPO/consolidated/,2026-07-16,Saved Screener.in FII scan,2774.0
1030,1162,EFC (I) Limited,EFCIL,,EFCIL.NS,https://www.screener.in/company/EFCIL/consolidated/,2026-07-16,Saved Screener.in FII scan,2773.0
1031,1221,Flair Writing Industries Limited,FLAIR,,FLAIR.NS,https://www.screener.in/company/FLAIR/consolidated/,2026-07-16,Saved Screener.in FII scan,2765.0
1032,892,Arvind SmartSpaces Limited,ARVSMART,,ARVSMART.NS,https://www.screener.in/company/ARVSMART/consolidated/,2026-07-16,Saved Screener.in FII scan,2758.0
1033,1391,Imagicaaworld Entertainment Limited,IMAGICAA,,IMAGICAA.NS,https://www.screener.in/company/IMAGICAA/consolidated/,2026-07-16,Saved Screener.in FII scan,2753.0
1034,2197,TechNVision Ventures Limited,TECHNVISN,,TECHNVISN.NS,https://www.screener.in/company/TECHNVISN/consolidated/,2026-07-16,Saved Screener.in FII scan,2753.0
1035,1350,Hikal Limited,HIKAL,,HIKAL.NS,https://www.screener.in/company/HIKAL/consolidated/,2026-07-16,Saved Screener.in FII scan,2750.0
1036,1642,Medi Assist Healthcare Services Limited,MEDIASSIST,,MEDIASSIST.NS,https://www.screener.in/company/MEDIASSIST/consolidated/,2026-07-16,Saved Screener.in FII scan,2747.0
1037,1093,Dishman Carbogen Amcis Limited,DCAL,,DCAL.NS,https://www.screener.in/company/DCAL/consolidated/,2026-07-16,Saved Screener.in FII scan,2737.0
1038,1975,Saksoft Limited,SAKSOFT,,SAKSOFT.NS,https://www.screener.in/company/SAKSOFT/consolidated/,2026-07-16,Saved Screener.in FII scan,2737.0
1039,1456,Jindal Poly Films Limited,JINDALPOLY,,JINDALPOLY.NS,https://www.screener.in/company/JINDALPOLY/consolidated/,2026-07-16,Saved Screener.in FII scan,2730.0
1040,1001,BN Agrochem Limited,BNAGROCHEM,,BNAGROCHEM.NS,https://www.screener.in/company/BNAGROCHEM/consolidated/,2026-07-16,Saved Screener.in FII scan,2718.0
1041,2096,Solara Active Pharma Sciences Limited,SOLARA,,SOLARA.NS,https://www.screener.in/company/SOLARA/consolidated/,2026-07-16,Saved Screener.in FII scan,2718.0
1042,1102,Ddev Plastiks Industries Limited,DDEVPLSTIK,,DDEVPLSTIK.NS,https://www.screener.in/company/DDEVPLSTIK/consolidated/,2026-09-23,Yahoo Finance,2717.3
1043,2194,TCPL Packaging Limited,TCPLPACK,,TCPLPACK.NS,https://www.screener.in/company/TCPLPACK/consolidated/,2026-07-16,Saved Screener.in FII scan,2711.0
1044,2331,Vardhman Special Steels Limited,VSSL,,VSSL.NS,https://www.screener.in/company/VSSL/consolidated/,2026-07-16,Saved Screener.in FII scan,2707.0
1045,2350,Windsor Machines Limited,WINDMACHIN,,WINDMACHIN.NS,https://www.screener.in/company/WINDMACHIN/consolidated/,2026-07-16,Saved Screener.in FII scan,2706.0
1046,1197,Eveready Industries India Limited,EVEREADY,,EVEREADY.NS,https://www.screener.in/company/EVEREADY/consolidated/,2026-07-16,Saved Screener.in FII scan,2704.0
1047,1988,Sangam (India) Limited,SANGAMIND,,SANGAMIND.NS,https://www.screener.in/company/SANGAMIND/consolidated/,2026-07-16,Saved Screener.in FII scan,2701.0
1048,1622,Marathon Nextgen Realty Limited,MARATHON,,MARATHON.NS,https://www.screener.in/company/MARATHON/consolidated/,2026-07-16,Saved Screener.in FII scan,2699.0
1049,1999,Satin Creditcare Network Limited,SATIN,,SATIN.NS,https://www.screener.in/company/SATIN/consolidated/,2026-07-16,Saved Screener.in FII scan,2694.0
1050,2115,Sportking India Limited,SPORTKING,,SPORTKING.NS,https://www.screener.in/company/SPORTKING/consolidated/,2026-09-23,Yahoo Finance,2688.72
1051,1516,Kilburn Engineering Limited,KLBRENG-B,,KLBRENG-B.NS,https://www.screener.in/company/KLBRENG-B/consolidated/,2026-07-16,Saved Screener.in FII scan,2685.0
1052,1005,Bombay Dyeing & Mfg Company Limited,BOMDYEING,,BOMDYEING.NS,https://www.screener.in/company/BOMDYEING/consolidated/,2026-07-16,Saved Screener.in FII scan,2679.0
1053,1123,Prataap Snacks Limited,DIAMONDYD,,DIAMONDYD.NS,https://www.screener.in/company/DIAMONDYD/consolidated/,2026-07-16,Saved Screener.in FII scan,2676.0
1054,1678,Monarch Networth Capital Limited,MONARCH,,MONARCH.NS,https://www.screener.in/company/MONARCH/consolidated/,2026-07-16,Saved Screener.in FII scan,2666.0
1055,1690,Mufin Green Finance Limited,MUFIN,,MUFIN.NS,https://www.screener.in/company/MUFIN/consolidated/,2026-07-16,Saved Screener.in FII scan,2658.0
1056,1363,HLE Glascoat Limited,HLEGLAS,,HLEGLAS.NS,https://www.screener.in/company/HLEGLAS/consolidated/,2026-07-16,Saved Screener.in FII scan,2654.0
1057,1084,Dalmia Bharat Sugar and Industries Limited,DALMIASUG,,DALMIASUG.NS,https://www.screener.in/company/DALMIASUG/consolidated/,2026-07-16,Saved Screener.in FII scan,2635.0
1058,1220,Fischer Medical Ventures Limited,FISCHER,,FISCHER.NS,https://www.screener.in/company/FISCHER/consolidated/,2026-07-16,Saved Screener.in FII scan,2632.0
1059,2308,Vimta Labs Limited,VIMTALABS,,VIMTALABS.NS,https://www.screener.in/company/VIMTALABS/consolidated/,2026-07-16,Saved Screener.in FII scan,2630.0
1060,868,Apcotex Industries Limited,APCOTEXIND,,APCOTEXIND.NS,https://www.screener.in/company/APCOTEXIND/consolidated/,2026-07-16,Saved Screener.in FII scan,2618.0
1061,1275,Globus Spirits Limited,GLOBUSSPR,,GLOBUSSPR.NS,https://www.screener.in/company/GLOBUSSPR/consolidated/,2026-07-16,Saved Screener.in FII scan,2615.0
1062,1915,Repco Home Finance Limited,REPCOHOME,,REPCOHOME.NS,https://www.screener.in/company/REPCOHOME/consolidated/,2026-07-16,Saved Screener.in FII scan,2613.0
1063,2187,Tasty Bite Eatables Limited,TASTYBITE,,TASTYBITE.NS,https://www.screener.in/company/TASTYBITE/consolidated/,2026-09-23,Yahoo Finance,2612.19
1064,1024,Camlin Fine Sciences Limited,CAMLINFINE,,CAMLINFINE.NS,https://www.screener.in/company/CAMLINFINE/consolidated/,2026-07-16,Saved Screener.in FII scan,2611.0
1065,1972,Sai Parenterals Limited,SAIPARENT,,SAIPARENT.NS,https://www.screener.in/company/SAIPARENT/consolidated/,2026-07-16,Saved Screener.in FII scan,2611.0
1066,2124,Stallion India Fluorochemicals Limited,STALLION,,STALLION.NS,https://www.screener.in/company/STALLION/consolidated/,2026-09-23,Yahoo Finance,2603.34
1067,1460,Jain Irrigation Systems Limited,JISLJALEQS,,JISLJALEQS.NS,https://www.screener.in/company/JISLJALEQS/consolidated/,2026-07-16,Saved Screener.in FII scan,2602.0
1068,2181,Talbros Automotive Components Limited,TALBROAUTO,,TALBROAUTO.NS,https://www.screener.in/company/TALBROAUTO/consolidated/,2026-07-16,Saved Screener.in FII scan,2597.0
1069,1746,Nitco Limited,NITCO,,NITCO.NS,https://www.screener.in/company/NITCO/consolidated/,2026-07-16,Saved Screener.in FII scan,2573.0
1070,653,Orient Cement Ltd.,ORIENTCEM,Construction Materials,ORIENTCEM.NS,https://www.screener.in/company/ORIENTCEM/consolidated/,2026-09-23,Yahoo Finance,2565.99
1071,1811,Apeejay Surrendra Park Hotels Limited,PARKHOTELS,,PARKHOTELS.NS,https://www.screener.in/company/PARKHOTELS/consolidated/,2026-07-16,Saved Screener.in FII scan,2565.0
1072,2135,Stove Kraft Limited,STOVEKRAFT,,STOVEKRAFT.NS,https://www.screener.in/company/STOVEKRAFT/consolidated/,2026-07-16,Saved Screener.in FII scan,2562.0
1073,827,Ajmera Realty & Infra India Limited,AJMERA,,AJMERA.NS,https://www.screener.in/company/AJMERA/consolidated/,2026-07-16,Saved Screener.in FII scan,2557.0
1074,1394,Insolation Energy Limited,INA,,INA.NS,https://www.screener.in/company/INA/consolidated/,2026-07-16,Saved Screener.in FII scan,2552.0
1075,2630,Aimtron Electronics Limited,AIMTRON,,AIMTRON.NS,https://www.screener.in/company/AIMTRON/consolidated/,2026-07-16,Saved Screener.in FII scan,2545.0
1076,917,Automotive Axles Limited,AUTOAXLES,,AUTOAXLES.NS,https://www.screener.in/company/AUTOAXLES/consolidated/,2026-09-23,Yahoo Finance,2541.83
1077,1732,NIBE Limited,NIBE,,NIBE.NS,https://www.screener.in/company/NIBE/consolidated/,2026-07-16,Saved Screener.in FII scan,2532.0
1078,1833,Pix Transmissions Limited,PIXTRANS,,PIXTRANS.NS,https://www.screener.in/company/PIXTRANS/consolidated/,2026-07-16,Saved Screener.in FII scan,2526.0
1079,804,Advait Energy Transitions Limited,ADVAIT,,ADVAIT.NS,https://www.screener.in/company/ADVAIT/consolidated/,2026-07-16,Saved Screener.in FII scan,2524.0
1080,1853,Prakash Industries Limited,PRAKASH,,PRAKASH.NS,https://www.screener.in/company/PRAKASH/consolidated/,2026-07-16,Saved Screener.in FII scan,2522.0
1081,955,Bharat Bijlee Limited,BBL,,BBL.NS,https://www.screener.in/company/BBL/consolidated/,2026-09-23,Yahoo Finance,2521.84
1082,1224,Federal-Mogul Goetze (India) Limited.,FMGOETZE,,FMGOETZE.NS,https://www.screener.in/company/FMGOETZE/consolidated/,2026-07-16,Saved Screener.in FII scan,2521.0
1083,1805,Panama Petrochem Limited,PANAMAPET,,PANAMAPET.NS,https://www.screener.in/company/PANAMAPET/consolidated/,2026-07-16,Saved Screener.in FII scan,2517.0
1084,1265,Gujarat Industries Power Company Limited,GIPCL,,GIPCL.NS,https://www.screener.in/company/GIPCL/consolidated/,2026-07-16,Saved Screener.in FII scan,2516.0
1085,1787,Oriental Hotels Limited,ORIENTHOT,,ORIENTHOT.NS,https://www.screener.in/company/ORIENTHOT/consolidated/,2026-07-16,Saved Screener.in FII scan,2515.0
1086,2276,Utkarsh Small Finance Bank Limited,UTKARSHBNK,,UTKARSHBNK.NS,https://www.screener.in/company/UTKARSHBNK/consolidated/,2026-09-23,Yahoo Finance,2503.79
1087,2289,Veedol Corporation Limited,VEEDOL,,VEEDOL.NS,https://www.screener.in/company/VEEDOL/consolidated/,2026-07-16,Saved Screener.in FII scan,2502.0
1088,2294,Venus Remedies Limited,VENUSREM,,VENUSREM.NS,https://www.screener.in/company/VENUSREM/consolidated/,2026-07-16,Saved Screener.in FII scan,2497.0
1089,966,Bhansali Engineering Polymers Limited,BEPL,,BEPL.NS,https://www.screener.in/company/BEPL/consolidated/,2026-07-16,Saved Screener.in FII scan,2482.0
1090,2311,Vindhya Telelinks Limited,VINDHYATEL,,VINDHYATEL.NS,https://www.screener.in/company/VINDHYATEL/consolidated/,2026-07-16,Saved Screener.in FII scan,2482.0
1091,1511,Kiri Industries Limited,KIRIINDUS,,KIRIINDUS.NS,https://www.screener.in/company/KIRIINDUS/consolidated/,2026-07-16,Saved Screener.in FII scan,2477.0
1092,2674,Owais Metal And Mineral Processing Limited,OWAIS,,OWAIS.NS,https://www.screener.in/company/OWAIS/consolidated/,2026-09-23,Yahoo Finance,2471.81
1093,1019,Shankara Buildpro Limited,BUILDPRO,,BUILDPRO.NS,https://www.screener.in/company/BUILDPRO/consolidated/,2026-07-16,Saved Screener.in FII scan,2444.0
1094,1992,Sanstar Limited,SANSTAR,,SANSTAR.NS,https://www.screener.in/company/SANSTAR/consolidated/,2026-07-16,Saved Screener.in FII scan,2442.0
1095,2251,United Foodbrands Limited,UFBL,,UFBL.NS,https://www.screener.in/company/UFBL/consolidated/,2026-07-16,Saved Screener.in FII scan,2438.0
1096,1677,Mold-Tek Packaging Limited,MOLDTKPAC,,MOLDTKPAC.NS,https://www.screener.in/company/MOLDTKPAC/consolidated/,2026-07-16,Saved Screener.in FII scan,2422.0
1097,2149,Sundrop Brands Limited,SUNDROP,,SUNDROP.NS,https://www.screener.in/company/SUNDROP/consolidated/,2026-07-16,Saved Screener.in FII scan,2422.0
1098,1870,Protean eGov Technologies Limited,PROTEAN,,PROTEAN.NS,https://www.screener.in/company/PROTEAN/consolidated/,2026-07-16,Saved Screener.in FII scan,2421.0
1099,2196,Teamlease Services Limited,TEAMLEASE,,TEAMLEASE.NS,https://www.screener.in/company/TEAMLEASE/consolidated/,2026-07-16,Saved Screener.in FII scan,2421.0
1100,1064,Confidence Petroleum India Limited,CONFIPET,,CONFIPET.NS,https://www.screener.in/company/CONFIPET/consolidated/,2026-07-16,Saved Screener.in FII scan,2420.0
1101,1366,HMT Limited,HMT,,HMT.NS,https://www.screener.in/company/HMT/consolidated/,2026-07-16,Saved Screener.in FII scan,2418.0
1102,1012,Brigade Hotel Ventures Limited,BRIGHOTEL,,BRIGHOTEL.NS,https://www.screener.in/company/BRIGHOTEL/consolidated/,2026-07-16,Saved Screener.in FII scan,2417.0
1103,1905,Rane Holdings Limited,RANEHOLDIN,,RANEHOLDIN.NS,https://www.screener.in/company/RANEHOLDIN/consolidated/,2026-07-16,Saved Screener.in FII scan,2412.0
1104,1185,EPack Prefab Technologies Limited,EPACKPEB,,EPACKPEB.NS,https://www.screener.in/company/EPACKPEB/consolidated/,2026-07-16,Saved Screener.in FII scan,2390.0
1105,2072,Sika Interplant Systems Limited,SIKA,,SIKA.NS,https://www.screener.in/company/SIKA/consolidated/,2026-07-16,Saved Screener.in FII scan,2384.0
1106,2291,Venky's (India) Limited,VENKEYS,,VENKEYS.NS,https://www.screener.in/company/VENKEYS/consolidated/,2026-09-23,Yahoo Finance,2383.86
1107,1236,Ganesha Ecosphere Limited,GANECOS,,GANECOS.NS,https://www.screener.in/company/GANECOS/consolidated/,2026-07-16,Saved Screener.in FII scan,2374.0
1108,838,Alembic Limited,ALEMBICLTD,,ALEMBICLTD.NS,https://www.screener.in/company/ALEMBICLTD/consolidated/,2026-07-16,Saved Screener.in FII scan,2368.0
1109,1300,Greenpanel Industries Limited,GREENPANEL,,GREENPANEL.NS,https://www.screener.in/company/GREENPANEL/consolidated/,2026-07-16,Saved Screener.in FII scan,2366.0
1110,1201,Exicom Tele-Systems Limited,EXICOM,,EXICOM.NS,https://www.screener.in/company/EXICOM/consolidated/,2026-07-16,Saved Screener.in FII scan,2339.0
1111,1969,Sagar Cements Limited,SAGCEM,,SAGCEM.NS,https://www.screener.in/company/SAGCEM/consolidated/,2026-07-16,Saved Screener.in FII scan,2339.0
1112,1687,MSP Steel & Power Limited,MSPL,,MSPL.NS,https://www.screener.in/company/MSPL/consolidated/,2026-07-16,Saved Screener.in FII scan,2327.0
1113,1372,HPL Electric & Power Limited,HPL,,HPL.NS,https://www.screener.in/company/HPL/consolidated/,2026-07-16,Saved Screener.in FII scan,2317.0
1114,1215,Filatex India Limited,FILATEX,,FILATEX.NS,https://www.screener.in/company/FILATEX/consolidated/,2026-07-16,Saved Screener.in FII scan,2314.0
1115,1155,Dynamic Cables Limited,DYCL,,DYCL.NS,https://www.screener.in/company/DYCL/consolidated/,2026-09-23,Yahoo Finance,2310.99
1116,1506,Kalyani Investment Company Limited,KICL,,KICL.NS,https://www.screener.in/company/KICL/consolidated/,2026-07-16,Saved Screener.in FII scan,2309.0
1117,1530,K.P. Energy Limited,KPEL,,KPEL.NS,https://www.screener.in/company/KPEL/consolidated/,2026-07-16,Saved Screener.in FII scan,2309.0
1118,1791,The Orissa Minerals Development Company Limited,ORISSAMINE,,ORISSAMINE.NS,https://www.screener.in/company/ORISSAMINE/consolidated/,2026-09-23,Yahoo Finance,2304.72
1119,2084,Sirca Paints India Limited,SIRCA,,SIRCA.NS,https://www.screener.in/company/SIRCA/consolidated/,2026-07-16,Saved Screener.in FII scan,2298.0
1120,2295,Veranda Learning Solutions Limited,VERANDA,,VERANDA.NS,https://www.screener.in/company/VERANDA/consolidated/,2026-07-16,Saved Screener.in FII scan,2298.0
1121,2078,Silver Touch Technologies Limited,SILVERTUC,,SILVERTUC.NS,https://www.screener.in/company/SILVERTUC/consolidated/,2026-07-16,Saved Screener.in FII scan,2296.0
1122,1450,Jaykay Enterprises Limited,JAYKAY,,JAYKAY.NS,https://www.screener.in/company/JAYKAY/consolidated/,2026-07-16,Saved Screener.in FII scan,2283.0
1123,2021,Servotech Renewable Power System Limited,SERVOTECH,,SERVOTECH.NS,https://www.screener.in/company/SERVOTECH/consolidated/,2026-07-16,Saved Screener.in FII scan,2283.0
1124,883,Arkade Developers Limited,ARKADE,,ARKADE.NS,https://www.screener.in/company/ARKADE/consolidated/,2026-07-16,Saved Screener.in FII scan,2282.0
1125,970,BF Utilities Limited,BFUTILITIE,,BFUTILITIE.NS,https://www.screener.in/company/BFUTILITIE/consolidated/,2026-07-16,Saved Screener.in FII scan,2282.0
1126,1180,EMS Limited,EMSLIMITED,,EMSLIMITED.NS,https://www.screener.in/company/EMSLIMITED/consolidated/,2026-07-16,Saved Screener.in FII scan,2270.0
1127,2684,Alpex Solar Limited,ALPEXSOLAR,,ALPEXSOLAR.NS,https://www.screener.in/company/ALPEXSOLAR/consolidated/,2026-07-16,Saved Screener.in FII scan,2264.0
1128,1823,Pennar Industries Limited,PENIND,,PENIND.NS,https://www.screener.in/company/PENIND/consolidated/,2026-07-16,Saved Screener.in FII scan,2257.0
1129,978,Bharat Rasayan Limited,BHARATRAS,,BHARATRAS.NS,https://www.screener.in/company/BHARATRAS/consolidated/,2026-07-16,Saved Screener.in FII scan,2254.0
1130,971,BGR Energy Systems Limited,BGRENERGY,,BGRENERGY.NS,https://www.screener.in/company/BGRENERGY/consolidated/,2026-07-16,Saved Screener.in FII scan,2251.0
1131,1168,EL CID Investments Limited,ELCIDIN,,ELCIDIN.NS,https://www.screener.in/company/ELCIDIN/consolidated/,2026-07-16,Saved Screener.in FII scan,2247.0
1132,939,Bajel Projects Limited,BAJEL,,BAJEL.NS,https://www.screener.in/company/BAJEL/consolidated/,2026-07-16,Saved Screener.in FII scan,2241.0
1133,2310,Vintage Coffee And Beverages Limited,VINCOFE,,VINCOFE.NS,https://www.screener.in/company/VINCOFE/consolidated/,2026-07-16,Saved Screener.in FII scan,2239.0
1134,1400,India Nippon Electricals Limited,INDNIPPON,,INDNIPPON.NS,https://www.screener.in/company/INDNIPPON/consolidated/,2026-07-16,Saved Screener.in FII scan,2235.0
1135,1893,Rajratan Global Wire Limited,RAJRATAN,,RAJRATAN.NS,https://www.screener.in/company/RAJRATAN/consolidated/,2026-07-16,Saved Screener.in FII scan,2235.0
1136,1101,DCX Systems Limited,DCXINDIA,,DCXINDIA.NS,https://www.screener.in/company/DCXINDIA/consolidated/,2026-07-16,Saved Screener.in FII scan,2227.0
1137,1926,Rishabh Instruments Limited,RISHABH,,RISHABH.NS,https://www.screener.in/company/RISHABH/consolidated/,2026-07-16,Saved Screener.in FII scan,2220.0
1138,968,Beta Drugs Limited,BETA,,BETA.NS,https://www.screener.in/company/BETA/consolidated/,2026-07-16,Saved Screener.in FII scan,2219.0
1139,1403,Indoco Remedies Limited,INDOCO,,INDOCO.NS,https://www.screener.in/company/INDOCO/consolidated/,2026-07-16,Saved Screener.in FII scan,2219.0
1140,1664,MM Forgings Limited,MMFL,,MMFL.NS,https://www.screener.in/company/MMFL/consolidated/,2026-07-16,Saved Screener.in FII scan,2216.0
1141,1184,EPACK Durable Limited,EPACK,,EPACK.NS,https://www.screener.in/company/EPACK/consolidated/,2026-07-16,Saved Screener.in FII scan,2215.0
1142,2038,Shanti Gold International Limited,SHANTIGOLD,,SHANTIGOLD.NS,https://www.screener.in/company/SHANTIGOLD/consolidated/,2026-09-23,Yahoo Finance,2210.63
1143,1492,KCP Limited,KCP,,KCP.NS,https://www.screener.in/company/KCP/consolidated/,2026-07-16,Saved Screener.in FII scan,2190.0
1144,801,Ador Welding Limited,ADOR,,ADOR.NS,https://www.screener.in/company/ADOR/consolidated/,2026-07-16,Saved Screener.in FII scan,2187.0
1145,1026,Capacit'e Infraprojects Limited,CAPACITE,,CAPACITE.NS,https://www.screener.in/company/CAPACITE/consolidated/,2026-07-16,Saved Screener.in FII scan,2182.0
1146,1278,GM Breweries Limited,GMBREW,,GMBREW.NS,https://www.screener.in/company/GMBREW/consolidated/,2026-07-16,Saved Screener.in FII scan,2175.0
1147,1357,Hindware Home Innovation Limited,HINDWAREAP,,HINDWAREAP.NS,https://www.screener.in/company/HINDWAREAP/consolidated/,2026-07-16,Saved Screener.in FII scan,2175.0
1148,1258,Geojit Financial Services Limited,GEOJITFSL,,GEOJITFSL.NS,https://www.screener.in/company/GEOJITFSL/consolidated/,2026-07-16,Saved Screener.in FII scan,2168.0
1149,2099,Somany Ceramics Limited,SOMANYCERA,,SOMANYCERA.NS,https://www.screener.in/company/SOMANYCERA/consolidated/,2026-07-16,Saved Screener.in FII scan,2167.0
1150,2107,Spandana Sphoorty Financial Limited,SPANDANA,,SPANDANA.NS,https://www.screener.in/company/SPANDANA/consolidated/,2026-07-16,Saved Screener.in FII scan,2165.0
1151,1142,D. P. Abhushan Limited,DPABHUSHAN,,DPABHUSHAN.NS,https://www.screener.in/company/DPABHUSHAN/consolidated/,2026-07-16,Saved Screener.in FII scan,2159.0
1152,1684,Motisons Jewellers Limited,MOTISONS,,MOTISONS.NS,https://www.screener.in/company/MOTISONS/consolidated/,2026-09-23,Yahoo Finance,2148.75
1153,1296,Grand Oak Canyons Distillery Limited,GRANDOAK,,GRANDOAK.NS,https://www.screener.in/company/GRANDOAK/consolidated/,2026-07-16,Saved Screener.in FII scan,2148.0
1154,537,Awfis Space Solutions Ltd.,AWFIS,Services,AWFIS.NS,https://www.screener.in/company/AWFIS/consolidated/,2026-07-16,Saved Screener.in FII scan,2126.0
1155,2303,Vidya Wires Limited,VIDYAWIRES,,VIDYAWIRES.NS,https://www.screener.in/company/VIDYAWIRES/consolidated/,2026-07-16,Saved Screener.in FII scan,2122.0
1156,996,BLS E-Services Limited,BLSE,,BLSE.NS,https://www.screener.in/company/BLSE/consolidated/,2026-07-16,Saved Screener.in FII scan,2119.0
1157,1727,NELCO Limited,NELCO,,NELCO.NS,https://www.screener.in/company/NELCO/consolidated/,2026-07-16,Saved Screener.in FII scan,2111.0
1158,1283,Go Fashion (India) Limited,GOCOLORS,,GOCOLORS.NS,https://www.screener.in/company/GOCOLORS/consolidated/,2026-07-16,Saved Screener.in FII scan,2110.0
1159,1356,Hindustan Oil Exploration Company Limited,HINDOILEXP,,HINDOILEXP.NS,https://www.screener.in/company/HINDOILEXP/consolidated/,2026-07-16,Saved Screener.in FII scan,2109.0
1160,1850,Prabha Energy Limited,PRABHA,,PRABHA.NS,https://www.screener.in/company/PRABHA/consolidated/,2026-07-16,Saved Screener.in FII scan,2108.0
1161,1880,Quadrant Future Tek Limited,QUADFUTURE,,QUADFUTURE.NS,https://www.screener.in/company/QUADFUTURE/consolidated/,2026-09-23,Yahoo Finance,2106.2
1162,1189,ESAF Small Finance Bank Limited,ESAFSFB,,ESAFSFB.NS,https://www.screener.in/company/ESAFSFB/consolidated/,2026-09-23,Yahoo Finance,2100.09
1163,870,Apollo Pipes Limited,APOLLOPIPE,,APOLLOPIPE.NS,https://www.screener.in/company/APOLLOPIPE/consolidated/,2026-07-16,Saved Screener.in FII scan,2100.0
1164,2443,Anondita Medicare Limited,ANONDITA,,ANONDITA.NS,https://www.screener.in/company/ANONDITA/consolidated/,2026-07-16,Saved Screener.in FII scan,2098.0
1165,1069,COSMO FIRST LIMITED,COSMOFIRST,,COSMOFIRST.NS,https://www.screener.in/company/COSMOFIRST/consolidated/,2026-07-16,Saved Screener.in FII scan,2092.0
1166,2179,Taj GVK Hotels & Resorts Limited,TAJGVK,,TAJGVK.NS,https://www.screener.in/company/TAJGVK/consolidated/,2026-07-16,Saved Screener.in FII scan,2088.0
1167,1808,Paramount Communications Limited,PARACABLES,,PARACABLES.NS,https://www.screener.in/company/PARACABLES/consolidated/,2026-07-16,Saved Screener.in FII scan,2086.0
1168,2138,Baazar Style Retail Limited,STYLEBAAZA,,STYLEBAAZA.NS,https://www.screener.in/company/STYLEBAAZA/consolidated/,2026-07-16,Saved Screener.in FII scan,2083.0
1169,2541,Danish Power Limited,DANISH,,DANISH.NS,https://www.screener.in/company/DANISH/consolidated/,2026-07-16,Saved Screener.in FII scan,2044.0
1170,2061,Shringar House of Mangalsutra Limited,SHRINGARMS,,SHRINGARMS.NS,https://www.screener.in/company/SHRINGARMS/consolidated/,2026-09-23,Yahoo Finance,2027.2
1171,2209,Thejo Engineering Limited,THEJO,,THEJO.NS,https://www.screener.in/company/THEJO/consolidated/,2026-07-16,Saved Screener.in FII scan,2019.0
1172,1282,GOCL Corporation Limited,GOCLCORP,,GOCLCORP.NS,https://www.screener.in/company/GOCLCORP/consolidated/,2026-07-16,Saved Screener.in FII scan,2013.0
1173,2079,Simplex Infrastructures Limited,SIMPLEXINF,,SIMPLEXINF.NS,https://www.screener.in/company/SIMPLEXINF/consolidated/,2026-07-16,Saved Screener.in FII scan,2013.0
1174,1625,Marsons Limited,MARSONS,,MARSONS.NS,https://www.screener.in/company/MARSONS/consolidated/,2026-07-16,Saved Screener.in FII scan,2012.0
1175,2192,TCI Express Limited,TCIEXP,,TCIEXP.NS,https://www.screener.in/company/TCIEXP/consolidated/,2026-07-16,Saved Screener.in FII scan,2012.0
1176,2143,Sumeet Industries Limited,SUMEETINDS,,SUMEETINDS.NS,https://www.screener.in/company/SUMEETINDS/consolidated/,2026-07-16,Saved Screener.in FII scan,2006.0
1177,1825,PTC India Financial Services Limited,PFS,,PFS.NS,https://www.screener.in/company/PFS/consolidated/,2026-07-16,Saved Screener.in FII scan,1999.0
1178,1444,Jai Corp Limited,JAICORPLTD,,JAICORPLTD.NS,https://www.screener.in/company/JAICORPLTD/consolidated/,2026-07-16,Saved Screener.in FII scan,1998.0
1179,1762,Nucleus Software Exports Limited,NUCLEUS,,NUCLEUS.NS,https://www.screener.in/company/NUCLEUS/consolidated/,2026-07-16,Saved Screener.in FII scan,1997.0
1180,1025,Cantabil Retail India Limited,CANTABIL,,CANTABIL.NS,https://www.screener.in/company/CANTABIL/consolidated/,2026-09-23,Yahoo Finance,1995.19
1181,957,Brightcom Group Limited,BCG,,BCG.NS,https://www.screener.in/company/BCG/consolidated/,2026-07-16,Saved Screener.in FII scan,1980.0
1182,2307,Vikran Engineering Limited,VIKRAN,,VIKRAN.NS,https://www.screener.in/company/VIKRAN/consolidated/,2026-07-16,Saved Screener.in FII scan,1979.0
1183,2002,SBC Exports Limited,SBC,,SBC.NS,https://www.screener.in/company/SBC/consolidated/,2026-07-16,Saved Screener.in FII scan,1974.0
1184,1721,Ndr Auto Components Limited,NDRAUTO,,NDRAUTO.NS,https://www.screener.in/company/NDRAUTO/consolidated/,2026-07-16,Saved Screener.in FII scan,1973.0
1185,1334,Hathway Cable & Datacom Limited,HATHWAY,,HATHWAY.NS,https://www.screener.in/company/HATHWAY/consolidated/,2026-07-16,Saved Screener.in FII scan,1970.0
1186,2220,Thirumalai Chemicals Limited,TIRUMALCHM,,TIRUMALCHM.NS,https://www.screener.in/company/TIRUMALCHM/consolidated/,2026-07-16,Saved Screener.in FII scan,1964.0
1187,1164,EIH Associated Hotels Limited,EIHAHOTELS,,EIHAHOTELS.NS,https://www.screener.in/company/EIHAHOTELS/consolidated/,2026-07-16,Saved Screener.in FII scan,1963.0
1188,1369,Honda India Power Products Limited,HONDAPOWER,,HONDAPOWER.NS,https://www.screener.in/company/HONDAPOWER/consolidated/,2026-09-23,Yahoo Finance,1959.34
1189,1398,Indian Hume Pipe Company Limited,INDIANHUME,,INDIANHUME.NS,https://www.screener.in/company/INDIANHUME/consolidated/,2026-09-23,Yahoo Finance,1929.47
1190,1035,Ceinsys Tech Limited,CEINSYS,,CEINSYS.NS,https://www.screener.in/company/CEINSYS/consolidated/,2026-07-16,Saved Screener.in FII scan,1921.0
1191,1349,Hinduja Global Solutions Limited,HGS,,HGS.NS,https://www.screener.in/company/HGS/consolidated/,2026-07-16,Saved Screener.in FII scan,1919.0
1192,1692,Mukand Limited,MUKANDLTD,,MUKANDLTD.NS,https://www.screener.in/company/MUKANDLTD/consolidated/,2026-07-16,Saved Screener.in FII scan,1918.0
1193,2033,Shalby Limited,SHALBY,,SHALBY.NS,https://www.screener.in/company/SHALBY/consolidated/,2026-07-16,Saved Screener.in FII scan,1916.0
1194,1421,Insecticides (India) Limited,INSECTICID,,INSECTICID.NS,https://www.screener.in/company/INSECTICID/consolidated/,2026-07-16,Saved Screener.in FII scan,1914.0
1195,1739,Nilkamal Limited,NILKAMAL,,NILKAMAL.NS,https://www.screener.in/company/NILKAMAL/consolidated/,2026-07-16,Saved Screener.in FII scan,1882.0
1196,1279,GNA Axles Limited,GNA,,GNA.NS,https://www.screener.in/company/GNA/consolidated/,2026-07-16,Saved Screener.in FII scan,1879.0
1197,2873,BEW Engineering Limited,BEWLTD,,BEWLTD.NS,https://www.screener.in/company/BEWLTD/consolidated/,2026-09-23,Yahoo Finance,1874.71
1198,1309,GSP Crop Science Limited,GSPCROP,,GSPCROP.NS,https://www.screener.in/company/GSPCROP/consolidated/,2026-07-16,Saved Screener.in FII scan,1872.0
1199,1731,NGL Fine-Chem Limited,NGLFINE,,NGLFINE.NS,https://www.screener.in/company/NGLFINE/consolidated/,2026-07-16,Saved Screener.in FII scan,1871.0
1200,1305,GRM Overseas Limited,GRMOVER,,GRMOVER.NS,https://www.screener.in/company/GRMOVER/consolidated/,2026-07-16,Saved Screener.in FII scan,1870.0
1201,1973,Sakar Healthcare Limited,SAKAR,,SAKAR.NS,https://www.screener.in/company/SAKAR/consolidated/,2026-07-16,Saved Screener.in FII scan,1869.0
1202,1429,India Pesticides Limited,IPL,,IPL.NS,https://www.screener.in/company/IPL/consolidated/,2026-07-16,Saved Screener.in FII scan,1866.0
1203,1689,Mahanagar Telephone Nigam Limited,MTNL,,MTNL.NS,https://www.screener.in/company/MTNL/consolidated/,2026-07-16,Saved Screener.in FII scan,1860.0
1204,2136,Studds Accessories Limited,STUDDS,,STUDDS.NS,https://www.screener.in/company/STUDDS/consolidated/,2026-07-16,Saved Screener.in FII scan,1856.0
1205,1346,Hester Biosciences Limited,HESTERBIO,,HESTERBIO.NS,https://www.screener.in/company/HESTERBIO/consolidated/,2026-07-16,Saved Screener.in FII scan,1851.0
1206,1449,Jay Bharat Maruti Limited,JAYBARMARU,,JAYBARMARU.NS,https://www.screener.in/company/JAYBARMARU/consolidated/,2026-07-16,Saved Screener.in FII scan,1851.0
1207,1134,D-Link (India) Limited,DLINKINDIA,,DLINKINDIA.NS,https://www.screener.in/company/DLINKINDIA/consolidated/,2026-07-16,Saved Screener.in FII scan,1843.0
1208,2672,M.V.K. Agro Food Product Limited,MVKAGRO,,MVKAGRO.NS,https://www.screener.in/company/MVKAGRO/consolidated/,2026-07-16,Saved Screener.in FII scan,1841.0
1209,1536,Krishna Defence And Allied Industries Limited,KRISHNADEF,,KRISHNADEF.NS,https://www.screener.in/company/KRISHNADEF/consolidated/,2026-07-16,Saved Screener.in FII scan,1831.0
1210,1924,Rico Auto Industries Limited,RICOAUTO,,RICOAUTO.NS,https://www.screener.in/company/RICOAUTO/consolidated/,2026-07-16,Saved Screener.in FII scan,1831.0
1211,1360,Hi-Tech Pipes Limited,HITECH,,HITECH.NS,https://www.screener.in/company/HITECH/consolidated/,2026-07-16,Saved Screener.in FII scan,1814.0
1212,1559,La Opala RG Limited,LAOPALA,,LAOPALA.NS,https://www.screener.in/company/LAOPALA/consolidated/,2026-09-23,Yahoo Finance,1809.97
1213,1557,Landmark Cars Limited,LANDMARK,,LANDMARK.NS,https://www.screener.in/company/LANDMARK/consolidated/,2026-07-16,Saved Screener.in FII scan,1809.0
1214,2349,Windlas Biotech Limited,WINDLAS,,WINDLAS.NS,https://www.screener.in/company/WINDLAS/consolidated/,2026-07-16,Saved Screener.in FII scan,1797.0
1215,1541,Kross Limited,KROSS,,KROSS.NS,https://www.screener.in/company/KROSS/consolidated/,2026-09-23,Yahoo Finance,1796.97
1216,884,Arman Financial Services Limited,ARMANFIN,,ARMANFIN.NS,https://www.screener.in/company/ARMANFIN/consolidated/,2026-07-16,Saved Screener.in FII scan,1790.0
1217,2051,S H Kelkar and Company Limited,SHK,,SHK.NS,https://www.screener.in/company/SHK/consolidated/,2026-07-16,Saved Screener.in FII scan,1786.0
1218,1234,Gandhar Oil Refinery (India) Limited,GANDHAR,,GANDHAR.NS,https://www.screener.in/company/GANDHAR/consolidated/,2026-07-16,Saved Screener.in FII scan,1782.0
1219,2007,Shipping Corporation of India Land and Assets Limited,SCILAL,,SCILAL.NS,https://www.screener.in/company/SCILAL/consolidated/,2026-09-23,Yahoo Finance,1779.35
1220,2363,Yatra Online Limited,YATRA,,YATRA.NS,https://www.screener.in/company/YATRA/consolidated/,2026-07-16,Saved Screener.in FII scan,1776.0
1221,1641,Magellanic Cloud Limited,MCLOUD,,MCLOUD.NS,https://www.screener.in/company/MCLOUD/consolidated/,2026-07-16,Saved Screener.in FII scan,1773.0
1222,1313,GTL Infrastructure Limited,GTLINFRA,,GTLINFRA.NS,https://www.screener.in/company/GTLINFRA/consolidated/,2026-07-16,Saved Screener.in FII scan,1768.0
1223,1413,Ind-Swift Laboratories Limited,INDSWFTLAB,,INDSWFTLAB.NS,https://www.screener.in/company/INDSWFTLAB/consolidated/,2026-07-16,Saved Screener.in FII scan,1765.0
1224,1542,Krsnaa Diagnostics Limited,KRSNAA,,KRSNAA.NS,https://www.screener.in/company/KRSNAA/consolidated/,2026-07-16,Saved Screener.in FII scan,1765.0
1225,2738,Vinyas Innovative Technologies Limited,VINYAS,,VINYAS.NS,https://www.screener.in/company/VINYAS/consolidated/,2026-07-16,Saved Screener.in FII scan,1755.0
1226,1636,M & B Engineering Limited,MBEL,,MBEL.NS,https://www.screener.in/company/MBEL/consolidated/,2026-07-16,Saved Screener.in FII scan,1750.0
1227,900,Asian Energy Services Limited,ASIANENE,,ASIANENE.NS,https://www.screener.in/company/ASIANENE/consolidated/,2026-07-16,Saved Screener.in FII scan,1749.0
1228,895,Associated Alcohols & Breweries Ltd.,ASALCBR,,ASALCBR.NS,https://www.screener.in/company/ASALCBR/consolidated/,2026-07-16,Saved Screener.in FII scan,1747.0
1229,1130,Disa India Limited,DISAQ,,DISAQ.NS,https://www.screener.in/company/DISAQ/consolidated/,2026-07-16,Saved Screener.in FII scan,1745.0
1230,2218,Tinna Rubber and Infrastructure Limited,TINNARUBR,,TINNARUBR.NS,https://www.screener.in/company/TINNARUBR/consolidated/,2026-07-16,Saved Screener.in FII scan,1727.0
1231,1150,Dynacons Systems & Solutions Limited,DSSL,,DSSL.NS,https://www.screener.in/company/DSSL/consolidated/,2026-07-16,Saved Screener.in FII scan,1723.0
1232,2250,Ujaas Energy Limited,UEL,,UEL.NS,https://www.screener.in/company/UEL/consolidated/,2026-07-16,Saved Screener.in FII scan,1721.0
1233,1527,Kothari Industrial Corporation Limited,KOTIC,,KOTIC.NS,https://www.screener.in/company/KOTIC/consolidated/,2026-07-16,Saved Screener.in FII scan,1718.0
1234,1294,GPT Infraprojects Limited,GPTINFRA,,GPTINFRA.NS,https://www.screener.in/company/GPTINFRA/consolidated/,2026-07-16,Saved Screener.in FII scan,1705.0
1235,2482,Monolithisch India Limited,MONOLITH,,MONOLITH.NS,https://www.screener.in/company/MONOLITH/consolidated/,2026-07-16,Saved Screener.in FII scan,1704.0
1236,1108,Delta Corp Limited,DELTACORP,,DELTACORP.NS,https://www.screener.in/company/DELTACORP/consolidated/,2026-07-16,Saved Screener.in FII scan,1703.0
1237,2216,TIL Limited,TIL,,TIL.NS,https://www.screener.in/company/TIL/consolidated/,2026-07-16,Saved Screener.in FII scan,1695.0
1238,1818,Paushak Limited,PAUSHAKLTD,,PAUSHAKLTD.NS,https://www.screener.in/company/PAUSHAKLTD/consolidated/,2026-09-23,Yahoo Finance,1694.42
1239,1475,Sai Silks (Kalamandir) Limited,KALAMANDIR,,KALAMANDIR.NS,https://www.screener.in/company/KALAMANDIR/consolidated/,2026-07-16,Saved Screener.in FII scan,1689.0
1240,969,BF Investment Limited,BFINVEST,,BFINVEST.NS,https://www.screener.in/company/BFINVEST/consolidated/,2026-07-16,Saved Screener.in FII scan,1678.0
1241,1280,Gujarat Natural Resources Limited,GNRL,,GNRL.NS,https://www.screener.in/company/GNRL/consolidated/,2026-07-16,Saved Screener.in FII scan,1674.0
1242,1841,PNGS Reva Diamond Jewellery Limited,PNGSREVA,,PNGSREVA.NS,https://www.screener.in/company/PNGSREVA/consolidated/,2026-09-23,Yahoo Finance,1667.18
1243,915,Aurum PropTech Limited,AURUM,,AURUM.NS,https://www.screener.in/company/AURUM/consolidated/,2026-07-16,Saved Screener.in FII scan,1664.0
1244,1243,Garuda Construction and Engineering Limited,GARUDA,,GARUDA.NS,https://www.screener.in/company/GARUDA/consolidated/,2026-07-16,Saved Screener.in FII scan,1661.0
1245,778,5Paisa Capital Limited,5PAISA,,5PAISA.NS,https://www.screener.in/company/5PAISA/consolidated/,2026-07-16,Saved Screener.in FII scan,1659.0
1246,1884,RACL Geartech Limited,RACLGEAR,,RACLGEAR.NS,https://www.screener.in/company/RACLGEAR/consolidated/,2026-07-16,Saved Screener.in FII scan,1657.0
1247,1230,Frontier Springs Limited,FRONTSP,,FRONTSP.NS,https://www.screener.in/company/FRONTSP/consolidated/,2026-07-16,Saved Screener.in FII scan,1654.0
1248,2114,SPML Infra Limited,SPMLINFRA,,SPMLINFRA.NS,https://www.screener.in/company/SPMLINFRA/consolidated/,2026-07-16,Saved Screener.in FII scan,1654.0
1249,2344,Wendt (India) Limited,WENDT,,WENDT.NS,https://www.screener.in/company/WENDT/consolidated/,2026-07-16,Saved Screener.in FII scan,1654.0
1250,2145,Summit Securities Limited,SUMMITSEC,,SUMMITSEC.NS,https://www.screener.in/company/SUMMITSEC/consolidated/,2026-07-16,Saved Screener.in FII scan,1652.0
1251,1453,J.G.Chemicals Limited,JGCHEM,,JGCHEM.NS,https://www.screener.in/company/JGCHEM/consolidated/,2026-07-16,Saved Screener.in FII scan,1641.0
1252,1290,Goodyear India Limited,GOODYEAR,,GOODYEAR.NS,https://www.screener.in/company/GOODYEAR/consolidated/,2026-09-23,Yahoo Finance,1637.03
1253,794,Accelya Solutions India Limited,ACCELYA,,ACCELYA.NS,https://www.screener.in/company/ACCELYA/consolidated/,2026-07-16,Saved Screener.in FII scan,1637.0
1254,1713,Navkar Corporation Limited,NAVKARCORP,,NAVKARCORP.NS,https://www.screener.in/company/NAVKARCORP/consolidated/,2026-07-16,Saved Screener.in FII scan,1622.0
1255,999,Bluspring Enterprises Limited,BLUSPRING,,BLUSPRING.NS,https://www.screener.in/company/BLUSPRING/consolidated/,2026-07-16,Saved Screener.in FII scan,1617.0
1256,2131,STEEL EXCHANGE INDIA LIMITED,STEELXIND,,STEELXIND.NS,https://www.screener.in/company/STEELXIND/consolidated/,2026-07-16,Saved Screener.in FII scan,1615.0
1257,902,Asian Granito India Limited,ASIANTILES,,ASIANTILES.NS,https://www.screener.in/company/ASIANTILES/consolidated/,2026-07-16,Saved Screener.in FII scan,1613.0
1258,809,Aeroflex Enterprises Limited,AEROENTER,,AEROENTER.NS,https://www.screener.in/company/AEROENTER/consolidated/,2026-07-16,Saved Screener.in FII scan,1606.0
1259,1667,One Mobikwik Systems Limited,MOBIKWIK,,MOBIKWIK.NS,https://www.screener.in/company/MOBIKWIK/consolidated/,2026-07-16,Saved Screener.in FII scan,1602.0
1260,2097,Solarworld Energy Solutions Limited,SOLARWORLD,,SOLARWORLD.NS,https://www.screener.in/company/SOLARWORLD/consolidated/,2026-07-16,Saved Screener.in FII scan,1596.0
1261,906,Astec LifeSciences Limited,ASTEC,,ASTEC.NS,https://www.screener.in/company/ASTEC/consolidated/,2026-07-16,Saved Screener.in FII scan,1588.0
1262,2164,Suryoday Small Finance Bank Limited,SURYODAY,,SURYODAY.NS,https://www.screener.in/company/SURYODAY/consolidated/,2026-09-23,Yahoo Finance,1587.01
1263,993,Balmer Lawrie Investments Limited,BLIL,,BLIL.NS,https://www.screener.in/company/BLIL/consolidated/,2026-07-16,Saved Screener.in FII scan,1586.0
1264,1457,Jindal Drilling And Industries Limited,JINDRILL,,JINDRILL.NS,https://www.screener.in/company/JINDRILL/consolidated/,2026-07-16,Saved Screener.in FII scan,1585.0
1265,2748,Kody Technolab Limited,KODYTECH,,KODYTECH.NS,https://www.screener.in/company/KODYTECH/consolidated/,2026-07-16,Saved Screener.in FII scan,1581.0
1266,857,Amrutanjan Health Care Limited,AMRUTANJAN,,AMRUTANJAN.NS,https://www.screener.in/company/AMRUTANJAN/consolidated/,2026-07-16,Saved Screener.in FII scan,1574.0
1267,2089,SKM Egg Products Export (India) Limited,SKMEGGPROD,,SKMEGGPROD.NS,https://www.screener.in/company/SKMEGGPROD/consolidated/,2026-07-16,Saved Screener.in FII scan,1569.0
1268,839,Algoquant Fintech Limited,ALGOQUANT,,ALGOQUANT.NS,https://www.screener.in/company/ALGOQUANT/consolidated/,2026-07-16,Saved Screener.in FII scan,1567.0
1269,1125,Diffusion Engineers Limited,DIFFNKG,,DIFFNKG.NS,https://www.screener.in/company/DIFFNKG/consolidated/,2026-07-16,Saved Screener.in FII scan,1553.0
1270,1009,Borosil Scientific Limited,BOROSCI,,BOROSCI.NS,https://www.screener.in/company/BOROSCI/consolidated/,2026-07-16,Saved Screener.in FII scan,1548.0
1271,2190,TCC Concept Limited,TCC,,TCC.NS,https://www.screener.in/company/TCC/consolidated/,2026-07-16,Saved Screener.in FII scan,1548.0
1272,844,All Time Plastics Limited,ALLTIME,,ALLTIME.NS,https://www.screener.in/company/ALLTIME/consolidated/,2026-07-16,Saved Screener.in FII scan,1538.0
1273,1951,Rajputana Stainless Limited,RSL,,RSL.NS,https://www.screener.in/company/RSL/consolidated/,2026-09-23,Yahoo Finance,1537.81
1274,1139,Dollar Industries Limited,DOLLAR,,DOLLAR.NS,https://www.screener.in/company/DOLLAR/consolidated/,2026-07-16,Saved Screener.in FII scan,1537.0
1275,2255,Ugro Capital Limited,UGROCAP,,UGROCAP.NS,https://www.screener.in/company/UGROCAP/consolidated/,2026-07-16,Saved Screener.in FII scan,1522.0
1276,2071,Signpost India Limited,SIGNPOST,,SIGNPOST.NS,https://www.screener.in/company/SIGNPOST/consolidated/,2026-07-16,Saved Screener.in FII scan,1520.0
1277,1741,NINtec Systems Limited,NINSYS,,NINSYS.NS,https://www.screener.in/company/NINSYS/consolidated/,2026-07-16,Saved Screener.in FII scan,1515.0
1278,1415,InfoBeans Technologies Limited,INFOBEAN,,INFOBEAN.NS,https://www.screener.in/company/INFOBEAN/consolidated/,2026-07-16,Saved Screener.in FII scan,1511.0
1279,1666,Media Matrix Worldwide Limited,MMWL,,MMWL.NS,https://www.screener.in/company/MMWL/consolidated/,2026-07-16,Saved Screener.in FII scan,1502.0
1280,1749,Nitta Gelatin India Limited,NITTAGELA,,NITTAGELA.NS,https://www.screener.in/company/NITTAGELA/consolidated/,2026-07-16,Saved Screener.in FII scan,1502.0
1281,2062,Shriram Properties Limited,SHRIRAMPPS,,SHRIRAMPPS.NS,https://www.screener.in/company/SHRIRAMPPS/consolidated/,2026-07-16,Saved Screener.in FII scan,1502.0
1282,1776,One Point One Solutions Limited,ONEPOINT,,ONEPOINT.NS,https://www.screener.in/company/ONEPOINT/consolidated/,2026-07-16,Saved Screener.in FII scan,1501.0
1283,1770,Omaxe Limited,OMAXE,,OMAXE.NS,https://www.screener.in/company/OMAXE/consolidated/,2026-07-16,Saved Screener.in FII scan,1494.0
1284,1459,Jain Irrigation Systems Limited,JISLDVREQS,,JISLDVREQS.NS,https://www.screener.in/company/JISLDVREQS/consolidated/,2026-09-23,Yahoo Finance,1493.43
1285,1441,IZMO Limited,IZMO,,IZMO.NS,https://www.screener.in/company/IZMO/consolidated/,2026-07-16,Saved Screener.in FII scan,1493.0
1286,1375,Huhtamaki India Limited,HUHTAMAKI,,HUHTAMAKI.NS,https://www.screener.in/company/HUHTAMAKI/consolidated/,2026-07-16,Saved Screener.in FII scan,1490.0
1287,1140,Dolphin Offshore Enterprises (India) Limited,DOLPHIN,,DOLPHIN.NS,https://www.screener.in/company/DOLPHIN/consolidated/,2026-07-16,Saved Screener.in FII scan,1489.0
1288,1443,Jagsonpal Pharmaceuticals Limited,JAGSNPHARM,,JAGSNPHARM.NS,https://www.screener.in/company/JAGSNPHARM/consolidated/,2026-09-23,Yahoo Finance,1488.2
1289,2241,TTK Healthcare Limited,TTKHLTCARE,,TTKHLTCARE.NS,https://www.screener.in/company/TTKHLTCARE/consolidated/,2026-09-23,Yahoo Finance,1485.38
1290,1054,Chaman Lal Setia Exports Limited,CLSEL,,CLSEL.NS,https://www.screener.in/company/CLSEL/consolidated/,2026-09-23,Yahoo Finance,1473.12
1291,2091,SMC Global Securities Limited,SMCGLOBAL,,SMCGLOBAL.NS,https://www.screener.in/company/SMCGLOBAL/consolidated/,2026-07-16,Saved Screener.in FII scan,1473.0
1292,919,Avadh Sugar & Energy Limited,AVADHSUGAR,,AVADHSUGAR.NS,https://www.screener.in/company/AVADHSUGAR/consolidated/,2026-09-23,Yahoo Finance,1462.95
1293,2022,Seshasayee Paper and Boards Limited,SESHAPAPER,,SESHAPAPER.NS,https://www.screener.in/company/SESHAPAPER/consolidated/,2026-07-16,Saved Screener.in FII scan,1453.0
1294,1437,Ivalue Infosolutions Limited,IVALUE,,IVALUE.NS,https://www.screener.in/company/IVALUE/consolidated/,2026-07-16,Saved Screener.in FII scan,1452.0
1295,877,Arfin India Limited,ARFIN,,ARFIN.NS,https://www.screener.in/company/ARFIN/consolidated/,2026-07-16,Saved Screener.in FII scan,1451.0
1296,1384,Igarashi Motors India Limited,IGARASHI,,IGARASHI.NS,https://www.screener.in/company/IGARASHI/consolidated/,2026-07-16,Saved Screener.in FII scan,1449.0
1297,854,Amir Chand Jagdish Kumar (Exports) Limited,AMIRCHAND,,AMIRCHAND.NS,https://www.screener.in/company/AMIRCHAND/consolidated/,2026-07-16,Saved Screener.in FII scan,1447.0
1298,1284,Godavari Biorefineries Limited,GODAVARIB,,GODAVARIB.NS,https://www.screener.in/company/GODAVARIB/consolidated/,2026-07-16,Saved Screener.in FII scan,1447.0
1299,1206,Faze Three Limited,FAZE3Q,,FAZE3Q.NS,https://www.screener.in/company/FAZE3Q/consolidated/,2026-07-16,Saved Screener.in FII scan,1445.0
1300,2336,Walchandnagar Industries Limited,WALCHANNAG,,WALCHANNAG.NS,https://www.screener.in/company/WALCHANNAG/consolidated/,2026-09-23,Yahoo Finance,1443.85
1301,1857,Precision Camshafts Limited,PRECAM,,PRECAM.NS,https://www.screener.in/company/PRECAM/consolidated/,2026-07-16,Saved Screener.in FII scan,1430.0
1302,1386,IG Petrochemicals Limited,IGPL,,IGPL.NS,https://www.screener.in/company/IGPL/consolidated/,2026-07-16,Saved Screener.in FII scan,1426.0
1303,2159,Suraksha Diagnostic Limited,SURAKSHA,,SURAKSHA.NS,https://www.screener.in/company/SURAKSHA/consolidated/,2026-07-16,Saved Screener.in FII scan,1422.0
1304,2186,Tarsons Products Limited,TARSONS,,TARSONS.NS,https://www.screener.in/company/TARSONS/consolidated/,2026-07-16,Saved Screener.in FII scan,1421.0
1305,1813,Pashupati Cotspin Limited,PASHUPATI,,PASHUPATI.NS,https://www.screener.in/company/PASHUPATI/consolidated/,2026-07-16,Saved Screener.in FII scan,1419.0
1306,2010,Som Distilleries & Breweries Limited,SDBL,,SDBL.NS,https://www.screener.in/company/SDBL/consolidated/,2026-07-16,Saved Screener.in FII scan,1417.0
1307,858,ANDHRA PAPER LIMITED,ANDHRAPAP,,ANDHRAPAP.NS,https://www.screener.in/company/ANDHRAPAP/consolidated/,2026-09-23,Yahoo Finance,1415.61
1308,1170,Electrotherm (India) Limited,ELECTHERM,,ELECTHERM.NS,https://www.screener.in/company/ELECTHERM/consolidated/,2026-07-16,Saved Screener.in FII scan,1406.0
1309,1232,Gala Precision Engineering Limited,GALAPREC,,GALAPREC.NS,https://www.screener.in/company/GALAPREC/consolidated/,2026-07-16,Saved Screener.in FII scan,1406.0
1310,1442,Jagran Prakashan Limited,JAGRAN,,JAGRAN.NS,https://www.screener.in/company/JAGRAN/consolidated/,2026-07-16,Saved Screener.in FII scan,1406.0
1311,1100,DCW Limited,DCW,,DCW.NS,https://www.screener.in/company/DCW/consolidated/,2026-07-16,Saved Screener.in FII scan,1403.0
1312,2201,Texmaco Infrastructure & Holdings Limited,TEXINFRA,,TEXINFRA.NS,https://www.screener.in/company/TEXINFRA/consolidated/,2026-07-16,Saved Screener.in FII scan,1396.0
1313,1734,NIIT Limited,NIITLTD,,NIITLTD.NS,https://www.screener.in/company/NIITLTD/consolidated/,2026-07-16,Saved Screener.in FII scan,1395.0
1314,980,Bharat Wire Ropes Limited,BHARATWIRE,,BHARATWIRE.NS,https://www.screener.in/company/BHARATWIRE/consolidated/,2026-07-16,Saved Screener.in FII scan,1389.0
1315,2302,Vidhi Specialty Food Ingredients Limited,VIDHIING,,VIDHIING.NS,https://www.screener.in/company/VIDHIING/consolidated/,2026-07-16,Saved Screener.in FII scan,1389.0
1316,1110,Den Networks Limited,DEN,,DEN.NS,https://www.screener.in/company/DEN/consolidated/,2026-07-16,Saved Screener.in FII scan,1384.0
1317,974,Bhagyanagar India Limited,BHAGYANGR,,BHAGYANGR.NS,https://www.screener.in/company/BHAGYANGR/consolidated/,2026-07-16,Saved Screener.in FII scan,1383.0
1318,2112,Southern Petrochemicals Industries Corporation Limited,SPIC,,SPIC.NS,https://www.screener.in/company/SPIC/consolidated/,2026-07-16,Saved Screener.in FII scan,1382.0
1319,979,Bharat Seats Limited,BHARATSE,,BHARATSE.NS,https://www.screener.in/company/BHARATSE/consolidated/,2026-09-23,Yahoo Finance,1381.91
1320,1392,India Motor Parts and Accessories Limited,IMPAL,,IMPAL.NS,https://www.screener.in/company/IMPAL/consolidated/,2026-07-16,Saved Screener.in FII scan,1375.0
1321,2341,Wonder Electricals Limited,WEL,,WEL.NS,https://www.screener.in/company/WEL/consolidated/,2026-07-16,Saved Screener.in FII scan,1375.0
1322,1839,PNB Gilts Limited,PNBGILTS,,PNBGILTS.NS,https://www.screener.in/company/PNBGILTS/consolidated/,2026-09-23,Yahoo Finance,1374.02
1323,1472,Jyoti Structures Limited,JYOTISTRUC,,JYOTISTRUC.NS,https://www.screener.in/company/JYOTISTRUC/consolidated/,2026-07-16,Saved Screener.in FII scan,1370.0
1324,930,AYM Syntex Limited,AYMSYNTEX,,AYMSYNTEX.NS,https://www.screener.in/company/AYMSYNTEX/consolidated/,2026-07-16,Saved Screener.in FII scan,1365.0
1325,2850,Kck Industries Limited,KCK,,KCK.NS,https://www.screener.in/company/KCK/consolidated/,2026-09-23,Yahoo Finance,1361.08
1326,1255,Genesys International Corporation Limited,GENESYS,,GENESYS.NS,https://www.screener.in/company/GENESYS/consolidated/,2026-07-16,Saved Screener.in FII scan,1360.0
1327,1959,Rupa & Company Limited,RUPA,,RUPA.NS,https://www.screener.in/company/RUPA/consolidated/,2026-07-16,Saved Screener.in FII scan,1350.0
1328,1942,Roto Pumps Limited,ROTO,,ROTO.NS,https://www.screener.in/company/ROTO/consolidated/,2026-07-16,Saved Screener.in FII scan,1345.0
1329,1588,Macpower CNC Machines Limited,MACPOWER,,MACPOWER.NS,https://www.screener.in/company/MACPOWER/consolidated/,2026-07-16,Saved Screener.in FII scan,1343.0
1330,2175,Syncom Formulations (India) Limited,SYNCOMF,,SYNCOMF.NS,https://www.screener.in/company/SYNCOMF/consolidated/,2026-07-16,Saved Screener.in FII scan,1343.0
1331,913,Atul Auto Limited,ATULAUTO,,ATULAUTO.NS,https://www.screener.in/company/ATULAUTO/consolidated/,2026-07-16,Saved Screener.in FII scan,1339.0
1332,1921,Rhetan TMT Limited,RHETAN,,RHETAN.NS,https://www.screener.in/company/RHETAN/consolidated/,2026-09-23,Yahoo Finance,1337.95
1333,1597,Mahamaya Steel Industries Limited,MAHASTEEL,,MAHASTEEL.NS,https://www.screener.in/company/MAHASTEEL/consolidated/,2026-07-16,Saved Screener.in FII scan,1332.0
1334,927,Antony Waste Handling Cell Limited,AWHCL,,AWHCL.NS,https://www.screener.in/company/AWHCL/consolidated/,2026-07-16,Saved Screener.in FII scan,1331.0
1335,1876,Punjab Chemicals & Crop Protection Limited,PUNJABCHEM,,PUNJABCHEM.NS,https://www.screener.in/company/PUNJABCHEM/consolidated/,2026-07-16,Saved Screener.in FII scan,1329.0
1336,2189,Tribhovandas Bhimji Zaveri Limited,TBZ,,TBZ.NS,https://www.screener.in/company/TBZ/consolidated/,2026-07-16,Saved Screener.in FII scan,1314.0
1337,1166,Everest Kanto Cylinder Limited,EKC,,EKC.NS,https://www.screener.in/company/EKC/consolidated/,2026-07-16,Saved Screener.in FII scan,1313.0
1338,2056,Shree Pushkar Chemicals & Fertilisers Limited,SHREEPUSHK,,SHREEPUSHK.NS,https://www.screener.in/company/SHREEPUSHK/consolidated/,2026-07-16,Saved Screener.in FII scan,1313.0
1339,2477,Safe Enterprises Retail Fixtures Limited,SAFEENTP,,SAFEENTP.NS,https://www.screener.in/company/SAFEENTP/consolidated/,2026-07-16,Saved Screener.in FII scan,1305.0
1340,2134,STL Networks Limited,STLNETWORK,,STLNETWORK.NS,https://www.screener.in/company/STLNETWORK/consolidated/,2026-07-16,Saved Screener.in FII scan,1301.0
1341,1906,Ratnaveer Precision Engineering Limited,RATNAVEER,,RATNAVEER.NS,https://www.screener.in/company/RATNAVEER/consolidated/,2026-07-16,Saved Screener.in FII scan,1300.0
1342,2142,Sula Vineyards Limited,SULA,,SULA.NS,https://www.screener.in/company/SULA/consolidated/,2026-07-16,Saved Screener.in FII scan,1299.0
1343,1383,IFGL Refractories Limited,IFGLEXPOR,,IFGLEXPOR.NS,https://www.screener.in/company/IFGLEXPOR/consolidated/,2026-07-16,Saved Screener.in FII scan,1296.0
1344,1027,Capital Small Finance Bank Limited,CAPITALSFB,,CAPITALSFB.NS,https://www.screener.in/company/CAPITALSFB/consolidated/,2026-09-23,Yahoo Finance,1293.94
1345,1260,GHCL Textiles Limited,GHCLTEXTIL,,GHCLTEXTIL.NS,https://www.screener.in/company/GHCLTEXTIL/consolidated/,2026-09-23,Yahoo Finance,1286.68
1346,2377,Q-Line Biotech Limited,QLINE,,QLINE.NS,https://www.screener.in/company/QLINE/consolidated/,2026-07-16,Saved Screener.in FII scan,1281.0
1347,1138,Dolat Algotech Limited,DOLATALGO,,DOLATALGO.NS,https://www.screener.in/company/DOLATALGO/consolidated/,2026-07-16,Saved Screener.in FII scan,1279.0
1348,2263,Uniphos Enterprises Limited,UNIENTER,,UNIENTER.NS,https://www.screener.in/company/UNIENTER/consolidated/,2026-09-23,Yahoo Finance,1266.99
1349,1128,Digitide Solutions Limited,DIGITIDE,,DIGITIDE.NS,https://www.screener.in/company/DIGITIDE/consolidated/,2026-07-16,Saved Screener.in FII scan,1266.0
1350,1431,Iris Clothings Limited,IRISDOREME,,IRISDOREME.NS,https://www.screener.in/company/IRISDOREME/consolidated/,2026-09-23,Yahoo Finance,1261.14
1351,1455,Jindal Photo Limited,JINDALPHOT,,JINDALPHOT.NS,https://www.screener.in/company/JINDALPHOT/consolidated/,2026-07-16,Saved Screener.in FII scan,1254.0
1352,1920,Renaissance Global Limited,RGL,,RGL.NS,https://www.screener.in/company/RGL/consolidated/,2026-07-16,Saved Screener.in FII scan,1251.0
1353,2020,SEPC Limited,SEPC,,SEPC.NS,https://www.screener.in/company/SEPC/consolidated/,2026-07-16,Saved Screener.in FII scan,1251.0
1354,1202,Expleo Solutions Limited,EXPLEOSOL,,EXPLEOSOL.NS,https://www.screener.in/company/EXPLEOSOL/consolidated/,2026-07-16,Saved Screener.in FII scan,1250.0
1355,1379,Ice Make Refrigeration Limited,ICEMAKE,,ICEMAKE.NS,https://www.screener.in/company/ICEMAKE/consolidated/,2026-07-16,Saved Screener.in FII scan,1248.0
1356,901,Asian Hotels (North) Limited,ASIANHOTNR,,ASIANHOTNR.NS,https://www.screener.in/company/ASIANHOTNR/consolidated/,2026-07-16,Saved Screener.in FII scan,1247.0
1357,1675,Meghmani Organics Limited,MOL,,MOL.NS,https://www.screener.in/company/MOL/consolidated/,2026-07-16,Saved Screener.in FII scan,1244.0
1358,1575,Lincoln Pharmaceuticals Limited,LINCOLN,,LINCOLN.NS,https://www.screener.in/company/LINCOLN/consolidated/,2026-07-16,Saved Screener.in FII scan,1242.0
1359,1925,Reliance Industrial Infrastructure Limited,RIIL,,RIIL.NS,https://www.screener.in/company/RIIL/consolidated/,2026-07-16,Saved Screener.in FII scan,1242.0
1360,1563,Laxmi Dental Limited,LAXMIDENTL,,LAXMIDENTL.NS,https://www.screener.in/company/LAXMIDENTL/consolidated/,2026-07-16,Saved Screener.in FII scan,1239.0
1361,2249,Updater Services Limited,UDS,,UDS.NS,https://www.screener.in/company/UDS/consolidated/,2026-07-16,Saved Screener.in FII scan,1236.0
1362,995,B. L. Kashyap and Sons Limited,BLKASHYAP,,BLKASHYAP.NS,https://www.screener.in/company/BLKASHYAP/consolidated/,2026-07-16,Saved Screener.in FII scan,1235.0
1363,2267,Unitech Limited,UNITECH,,UNITECH.NS,https://www.screener.in/company/UNITECH/consolidated/,2026-07-16,Saved Screener.in FII scan,1235.0
1364,1979,S.A.L. Steel Limited,SALSTEEL,,SALSTEEL.NS,https://www.screener.in/company/SALSTEEL/consolidated/,2026-09-23,Yahoo Finance,1230.81
1365,1302,Orient Green Power Company Limited,GREENPOWER,,GREENPOWER.NS,https://www.screener.in/company/GREENPOWER/consolidated/,2026-07-16,Saved Screener.in FII scan,1224.0
1366,1362,The Hi-Tech Gears Limited,HITECHGEAR,,HITECHGEAR.NS,https://www.screener.in/company/HITECHGEAR/consolidated/,2026-07-16,Saved Screener.in FII scan,1223.0
1367,843,Alldigi Tech Limited,ALLDIGI,,ALLDIGI.NS,https://www.screener.in/company/ALLDIGI/consolidated/,2026-07-16,Saved Screener.in FII scan,1222.0
1368,1402,Indo Borax & Chemicals Limited,INDOBORAX,,INDOBORAX.NS,https://www.screener.in/company/INDOBORAX/consolidated/,2026-07-16,Saved Screener.in FII scan,1222.0
1369,1293,GPT Healthcare Limited,GPTHEALTH,,GPTHEALTH.NS,https://www.screener.in/company/GPTHEALTH/consolidated/,2026-07-16,Saved Screener.in FII scan,1221.0
1370,842,Allcargo Logistics Limited,ALLCARGO,,ALLCARGO.NS,https://www.screener.in/company/ALLCARGO/consolidated/,2026-07-16,Saved Screener.in FII scan,1218.0
1371,1836,Platinum Industries Limited,PLATIND,,PLATIND.NS,https://www.screener.in/company/PLATIND/consolidated/,2026-07-16,Saved Screener.in FII scan,1217.0
1372,2098,Solex Energy Limited,SOLEX,,SOLEX.NS,https://www.screener.in/company/SOLEX/consolidated/,2026-07-16,Saved Screener.in FII scan,1211.0
1373,1331,Hariom Pipe Industries Limited,HARIOMPIPE,,HARIOMPIPE.NS,https://www.screener.in/company/HARIOMPIPE/consolidated/,2026-07-16,Saved Screener.in FII scan,1207.0
1374,2633,Vilas Transcore Limited,VILAS,,VILAS.NS,https://www.screener.in/company/VILAS/consolidated/,2026-09-23,Yahoo Finance,1201.23
1375,1726,Nelcast Limited,NELCAST,,NELCAST.NS,https://www.screener.in/company/NELCAST/consolidated/,2026-07-16,Saved Screener.in FII scan,1199.0
1376,1322,Gulshan Polyols Limited,GULPOLY,,GULPOLY.NS,https://www.screener.in/company/GULPOLY/consolidated/,2026-07-16,Saved Screener.in FII scan,1197.0
1377,830,AK Capital Services Limited,AKCAPIT,,AKCAPIT.NS,https://www.screener.in/company/AKCAPIT/consolidated/,2026-07-16,Saved Screener.in FII scan,1195.0
1378,1467,Jindal Poly Investment and Finance Company Limited,JPOLYINVST,,JPOLYINVST.NS,https://www.screener.in/company/JPOLYINVST/consolidated/,2026-07-16,Saved Screener.in FII scan,1193.0
1379,935,Bajaj Healthcare Limited,BAJAJHCARE,,BAJAJHCARE.NS,https://www.screener.in/company/BAJAJHCARE/consolidated/,2026-09-23,Yahoo Finance,1187.37
1380,1330,Hardwyn India Limited,HARDWYN,,HARDWYN.NS,https://www.screener.in/company/HARDWYN/consolidated/,2026-07-16,Saved Screener.in FII scan,1187.0
1381,1117,Dhanlaxmi Bank Limited,DHANBANK,,DHANBANK.NS,https://www.screener.in/company/DHANBANK/consolidated/,2026-09-23,Yahoo Finance,1184.49
1382,2120,SRM Contractors Limited,SRM,,SRM.NS,https://www.screener.in/company/SRM/consolidated/,2026-07-16,Saved Screener.in FII scan,1184.0
1383,1608,Manaksia Coated Metals & Industries Limited,MANAKCOAT,,MANAKCOAT.NS,https://www.screener.in/company/MANAKCOAT/consolidated/,2026-07-16,Saved Screener.in FII scan,1173.0
1384,1388,IKIO Technologies Limited,IKIO,,IKIO.NS,https://www.screener.in/company/IKIO/consolidated/,2026-07-16,Saved Screener.in FII scan,1171.0
1385,2618,Divine Power Energy Limited,DPEL,,DPEL.NS,https://www.screener.in/company/DPEL/consolidated/,2026-07-16,Saved Screener.in FII scan,1167.0
1386,1405,Indo Rama Synthetics (India) Limited,INDORAMA,,INDORAMA.NS,https://www.screener.in/company/INDORAMA/consolidated/,2026-07-16,Saved Screener.in FII scan,1155.0
1387,1680,Monte Carlo Fashions Limited,MONTECARLO,,MONTECARLO.NS,https://www.screener.in/company/MONTECARLO/consolidated/,2026-07-16,Saved Screener.in FII scan,1142.0
1388,1037,Century Enka Limited,CENTENKA,,CENTENKA.NS,https://www.screener.in/company/CENTENKA/consolidated/,2026-07-16,Saved Screener.in FII scan,1139.0
1389,1894,Raj Rayon Industries Limited,RAJRILTD,,RAJRILTD.NS,https://www.screener.in/company/RAJRILTD/consolidated/,2026-09-23,Yahoo Finance,1135.75
1390,1199,Excel Industries Limited,EXCELINDUS,,EXCELINDUS.NS,https://www.screener.in/company/EXCELINDUS/consolidated/,2026-07-16,Saved Screener.in FII scan,1135.0
1391,1353,Himatsingka Seide Limited,HIMATSEIDE,,HIMATSEIDE.NS,https://www.screener.in/company/HIMATSEIDE/consolidated/,2026-07-16,Saved Screener.in FII scan,1135.0
1392,2256,Ultramarine & Pigments Limited,ULTRAMAR,,ULTRAMAR.NS,https://www.screener.in/company/ULTRAMAR/consolidated/,2026-07-16,Saved Screener.in FII scan,1133.0
1393,2300,Vardhman Holdings Limited,VHL,,VHL.NS,https://www.screener.in/company/VHL/consolidated/,2026-07-16,Saved Screener.in FII scan,1133.0
1394,869,Apex Frozen Foods Limited,APEX,,APEX.NS,https://www.screener.in/company/APEX/consolidated/,2026-09-23,Yahoo Finance,1132.81
1395,1790,Orient Technologies Limited,ORIENTTECH,,ORIENTTECH.NS,https://www.screener.in/company/ORIENTTECH/consolidated/,2026-07-16,Saved Screener.in FII scan,1128.0
1396,1487,Kapston Services Limited,KAPSTON,,KAPSTON.NS,https://www.screener.in/company/KAPSTON/consolidated/,2026-07-16,Saved Screener.in FII scan,1127.0
1397,1701,Mangalam Worldwide Limited,MWL,,MWL.NS,https://www.screener.in/company/MWL/consolidated/,2026-07-16,Saved Screener.in FII scan,1123.0
1398,1235,Gandhi Special Tubes Limited,GANDHITUBE,,GANDHITUBE.NS,https://www.screener.in/company/GANDHITUBE/consolidated/,2026-09-23,Yahoo Finance,1122.8
1399,1758,N R Agarwal Industries Limited,NRAIL,,NRAIL.NS,https://www.screener.in/company/NRAIL/consolidated/,2026-09-23,Yahoo Finance,1119.69
1400,1570,Laxmi Goldorna House Limited,LGHL,,LGHL.NS,https://www.screener.in/company/LGHL/consolidated/,2026-07-16,Saved Screener.in FII scan,1114.0
1401,1980,Salzer Electronics Limited,SALZERELEC,,SALZERELEC.NS,https://www.screener.in/company/SALZERELEC/consolidated/,2026-07-16,Saved Screener.in FII scan,1114.0
1402,1611,Manali Petrochemicals Limited,MANALIPETC,,MANALIPETC.NS,https://www.screener.in/company/MANALIPETC/consolidated/,2026-07-16,Saved Screener.in FII scan,1109.0
1403,1219,Fino Payments Bank Limited,FINOPB,,FINOPB.NS,https://www.screener.in/company/FINOPB/consolidated/,2026-09-23,Yahoo Finance,1104.14
1404,881,Arihant Superstructures Limited,ARIHANTSUP,,ARIHANTSUP.NS,https://www.screener.in/company/ARIHANTSUP/consolidated/,2026-07-16,Saved Screener.in FII scan,1102.0
1405,1365,HMA Agro Industries Limited,HMAAGRO,,HMAAGRO.NS,https://www.screener.in/company/HMAAGRO/consolidated/,2026-07-16,Saved Screener.in FII scan,1102.0
1406,1446,Jaro Institute of Technology Management and Research Limited,JARO,,JARO.NS,https://www.screener.in/company/JARO/consolidated/,2026-07-16,Saved Screener.in FII scan,1102.0
1407,840,Alicon Castalloy Limited,ALICON,,ALICON.NS,https://www.screener.in/company/ALICON/consolidated/,2026-07-16,Saved Screener.in FII scan,1100.0
1408,1074,Crest Ventures Limited,CREST,,CREST.NS,https://www.screener.in/company/CREST/consolidated/,2026-07-16,Saved Screener.in FII scan,1094.0
1409,1411,Industrial & Prudential Investment Company Limited,INDPRUD,,INDPRUD.NS,https://www.screener.in/company/INDPRUD/consolidated/,2026-07-16,Saved Screener.in FII scan,1094.0
1410,2054,Shree Digvijay Cement Co.Ltd,SHREDIGCEM,,SHREDIGCEM.NS,https://www.screener.in/company/SHREDIGCEM/consolidated/,2026-07-16,Saved Screener.in FII scan,1091.0
1411,926,AVT Natural Products Limited,AVTNPL,,AVTNPL.NS,https://www.screener.in/company/AVTNPL/consolidated/,2026-07-16,Saved Screener.in FII scan,1087.0
1412,1535,Krishival Foods Limited,KRISHIVAL,,KRISHIVAL.NS,https://www.screener.in/company/KRISHIVAL/consolidated/,2026-07-16,Saved Screener.in FII scan,1086.0
1413,1056,Creative Newtech Limited,CNL,,CNL.NS,https://www.screener.in/company/CNL/consolidated/,2026-07-16,Saved Screener.in FII scan,1084.0
1414,1955,The Ruby Mills Limited,RUBYMILLS,,RUBYMILLS.NS,https://www.screener.in/company/RUBYMILLS/consolidated/,2026-07-16,Saved Screener.in FII scan,1084.0
1415,1432,IRM Energy Limited,IRMENERGY,,IRMENERGY.NS,https://www.screener.in/company/IRMENERGY/consolidated/,2026-07-16,Saved Screener.in FII scan,1081.0
1416,1700,Manoj Vaibhav Gems N Jewellers Limited,MVGJL,,MVGJL.NS,https://www.screener.in/company/MVGJL/consolidated/,2026-09-23,Yahoo Finance,1080.94
1417,941,Balaji Telefilms Limited,BALAJITELE,,BALAJITELE.NS,https://www.screener.in/company/BALAJITELE/consolidated/,2026-07-16,Saved Screener.in FII scan,1078.0
1418,1213,Fermenta Biotech Limited,FERMENTA,,FERMENTA.NS,https://www.screener.in/company/FERMENTA/consolidated/,2026-07-16,Saved Screener.in FII scan,1077.0
1419,2132,Stel Holdings Limited,STEL,,STEL.NS,https://www.screener.in/company/STEL/consolidated/,2026-07-16,Saved Screener.in FII scan,1065.0
1420,1039,Centrum Capital Limited,CENTRUM,,CENTRUM.NS,https://www.screener.in/company/CENTRUM/consolidated/,2026-07-16,Saved Screener.in FII scan,1064.0
1421,2335,Indosolar Limited,WAAREEINDO,,WAAREEINDO.NS,https://www.screener.in/company/WAAREEINDO/consolidated/,2026-09-23,Yahoo Finance,1063.81
1422,2199,Tembo Global Industries Limited,TEMBO,,TEMBO.NS,https://www.screener.in/company/TEMBO/consolidated/,2026-07-16,Saved Screener.in FII scan,1062.0
1423,859,The Andhra Sugars Limited,ANDHRSUGAR,,ANDHRSUGAR.NS,https://www.screener.in/company/ANDHRSUGAR/consolidated/,2026-07-16,Saved Screener.in FII scan,1060.0
1424,856,Amines & Plasticizers Limited,AMNPLST,,AMNPLST.NS,https://www.screener.in/company/AMNPLST/consolidated/,2026-07-16,Saved Screener.in FII scan,1054.0
1425,1977,Salasar Techno Engineering Limited,SALASAR,,SALASAR.NS,https://www.screener.in/company/SALASAR/consolidated/,2026-07-16,Saved Screener.in FII scan,1054.0
1426,983,Bhartiya International Limited,BIL,,BIL.NS,https://www.screener.in/company/BIL/consolidated/,2026-07-16,Saved Screener.in FII scan,1051.0
1427,1573,Likhitha Infrastructure Limited,LIKHITHA,,LIKHITHA.NS,https://www.screener.in/company/LIKHITHA/consolidated/,2026-07-16,Saved Screener.in FII scan,1051.0
1428,1250,Gretex Corporate Services Limited,GCSL,,GCSL.NS,https://www.screener.in/company/GCSL/consolidated/,2026-07-16,Saved Screener.in FII scan,1046.0
1429,1085,Dam Capital Advisors Limited,DAMCAPITAL,,DAMCAPITAL.NS,https://www.screener.in/company/DAMCAPITAL/consolidated/,2026-07-16,Saved Screener.in FII scan,1043.0
1430,988,BirlaNu Limited,BIRLANU,,BIRLANU.NS,https://www.screener.in/company/BIRLANU/consolidated/,2026-07-16,Saved Screener.in FII scan,1041.0
1431,1593,Mafatlal Industries Limited,MAFATIND,,MAFATIND.NS,https://www.screener.in/company/MAFATIND/consolidated/,2026-07-16,Saved Screener.in FII scan,1041.0
1432,1268,GKW Limited,GKWLIMITED,,GKWLIMITED.NS,https://www.screener.in/company/GKWLIMITED/consolidated/,2026-07-16,Saved Screener.in FII scan,1039.0
1433,1764,Oriental Aromatics Limited,OAL,,OAL.NS,https://www.screener.in/company/OAL/consolidated/,2026-07-16,Saved Screener.in FII scan,1035.0
1434,2364,Yuken India Limited,YUKEN,,YUKEN.NS,https://www.screener.in/company/YUKEN/consolidated/,2026-07-16,Saved Screener.in FII scan,1033.0
1435,1267,Gujarat Kidney And Super Speciality Limited,GKSL,,GKSL.NS,https://www.screener.in/company/GKSL/consolidated/,2026-07-16,Saved Screener.in FII scan,1026.0
1436,1606,Mamata Machinery Limited,MAMATA,,MAMATA.NS,https://www.screener.in/company/MAMATA/consolidated/,2026-07-16,Saved Screener.in FII scan,1025.0
1437,814,Abans Financial Services Limited,AFSL,,AFSL.NS,https://www.screener.in/company/AFSL/consolidated/,2026-07-16,Saved Screener.in FII scan,1022.0
1438,2338,Western Carriers (India) Limited,WCIL,,WCIL.NS,https://www.screener.in/company/WCIL/consolidated/,2026-07-16,Saved Screener.in FII scan,1021.0
1439,2339,Wealth First Portfolio Managers Limited,WEALTH,,WEALTH.NS,https://www.screener.in/company/WEALTH/consolidated/,2026-07-16,Saved Screener.in FII scan,1018.0
1440,2210,Themis Medicare Limited,THEMISMED,,THEMISMED.NS,https://www.screener.in/company/THEMISMED/consolidated/,2026-07-16,Saved Screener.in FII scan,1014.0
1441,1863,Premier Polyfilm Limited,PREMIERPOL,,PREMIERPOL.NS,https://www.screener.in/company/PREMIERPOL/consolidated/,2026-09-23,Yahoo Finance,1013.07
1442,1020,Butterfly Gandhimathi Appliances Limited,BUTTERFLY,,BUTTERFLY.NS,https://www.screener.in/company/BUTTERFLY/consolidated/,2026-09-23,Yahoo Finance,1011.98
1443,1307,GRP Limited,GRPLTD,,GRPLTD.NS,https://www.screener.in/company/GRPLTD/consolidated/,2026-07-16,Saved Screener.in FII scan,1008.0
1444,958,Bcl Industries Limited,BCLIND,,BCLIND.NS,https://www.screener.in/company/BCLIND/consolidated/,2026-07-16,Saved Screener.in FII scan,1003.0
1445,1342,Health X Platform Limited,HEALTHX,,HEALTHX.NS,https://www.screener.in/company/HEALTHX/consolidated/,2026-07-16,Saved Screener.in FII scan,1002.0
1446,2498,Shri Ahimsa Naturals Limited,SHRIAHIMSA,,SHRIAHIMSA.NS,https://www.screener.in/company/SHRIAHIMSA/consolidated/,2026-07-16,Saved Screener.in FII scan,1002.0
1447,1708,Nahar Spinning Mills Limited,NAHARSPING,,NAHARSPING.NS,https://www.screener.in/company/NAHARSPING/consolidated/,2026-09-23,Yahoo Finance,1000.63
1448,775,3B Blackbio Dx Limited,3BBLACKBIO,,3BBLACKBIO.NS,https://www.screener.in/company/3BBLACKBIO/consolidated/,2026-07-16,Saved Screener.in FII scan,1000.0
1449,2753,Unihealth Hospitals Limited,UNIHEALTH,,UNIHEALTH.NS,https://www.screener.in/company/UNIHEALTH/consolidated/,2026-07-16,Saved Screener.in FII scan,1000.0
1450,2223,Tamil Nadu Newsprint & Papers Limited,TNPL,,TNPL.NS,https://www.screener.in/company/TNPL/consolidated/,2026-09-23,Yahoo Finance,999.19
1451,1165,Eimco Elecon (India) Limited,EIMCOELECO,,EIMCOELECO.NS,https://www.screener.in/company/EIMCOELECO/consolidated/,2026-07-16,Saved Screener.in FII scan,999.0
1452,2374,Saraswati Commercial India Limited,ZSARACOM,,ZSARACOM.NS,https://www.screener.in/company/ZSARACOM/consolidated/,2026-07-16,Saved Screener.in FII scan,999.0
1453,1066,Control Print Limited,CONTROLPR,,CONTROLPR.NS,https://www.screener.in/company/CONTROLPR/consolidated/,2026-07-16,Saved Screener.in FII scan,998.0
1454,2337,Wanbury Limited,WANBURY,,WANBURY.NS,https://www.screener.in/company/WANBURY/consolidated/,2026-07-16,Saved Screener.in FII scan,998.0
1455,1253,Gem Aromatics Limited,GEMAROMA,,GEMAROMA.NS,https://www.screener.in/company/GEMAROMA/consolidated/,2026-07-16,Saved Screener.in FII scan,995.0
1456,2221,Tirupati Forge Limited,TIRUPATIFL,,TIRUPATIFL.NS,https://www.screener.in/company/TIRUPATIFL/consolidated/,2026-09-23,Yahoo Finance,992.02
1457,1592,Madras Fertilizers Limited,MADRASFERT,,MADRASFERT.NS,https://www.screener.in/company/MADRASFERT/consolidated/,2026-09-23,Yahoo Finance,990.29
1458,2262,Unicommerce Esolutions Limited,UNIECOM,,UNIECOM.NS,https://www.screener.in/company/UNIECOM/consolidated/,2026-07-16,Saved Screener.in FII scan,989.0
1459,2177,Taal Tech Limited,TAALTECH,,TAALTECH.NS,https://www.screener.in/company/TAALTECH/consolidated/,2026-07-16,Saved Screener.in FII scan,985.0
1460,1851,Pradeep Metals Limited,PRADPME,,PRADPME.NS,https://www.screener.in/company/PRADPME/consolidated/,2026-07-16,Saved Screener.in FII scan,984.0
1461,1671,MODISON LIMITED,MODISONLTD,,MODISONLTD.NS,https://www.screener.in/company/MODISONLTD/consolidated/,2026-07-16,Saved Screener.in FII scan,983.0
1462,905,Asian Star Company Limited,ASTAR,,ASTAR.NS,https://www.screener.in/company/ASTAR/consolidated/,2026-07-16,Saved Screener.in FII scan,978.0
1463,2173,Swelect Energy Systems Limited,SWELECTES,,SWELECTES.NS,https://www.screener.in/company/SWELECTES/consolidated/,2026-07-16,Saved Screener.in FII scan,978.0
1464,1249,Gayatri Projects Limited,GAYAPROJ,,GAYAPROJ.NS,https://www.screener.in/company/GAYAPROJ/consolidated/,2026-07-16,Saved Screener.in FII scan,975.0
1465,1401,Indo Amines Limited,INDOAMIN,,INDOAMIN.NS,https://www.screener.in/company/INDOAMIN/consolidated/,2026-07-16,Saved Screener.in FII scan,975.0
1466,1909,Regaal Resources Limited,REGAAL,,REGAAL.NS,https://www.screener.in/company/REGAAL/consolidated/,2026-09-23,Yahoo Finance,973.91
1467,873,Aqylon Nexus Limited,AQYLON,,AQYLON.NS,https://www.screener.in/company/AQYLON/consolidated/,2026-07-16,Saved Screener.in FII scan,973.0
1468,1864,Prime Securities Limited,PRIMESECU,,PRIMESECU.NS,https://www.screener.in/company/PRIMESECU/consolidated/,2026-07-16,Saved Screener.in FII scan,972.0
1469,1656,MIC Electronics Limited,MICEL,,MICEL.NS,https://www.screener.in/company/MICEL/consolidated/,2026-07-16,Saved Screener.in FII scan,970.0
1470,2168,Suyog Telematics Limited,SUYOG,,SUYOG.NS,https://www.screener.in/company/SUYOG/consolidated/,2026-07-16,Saved Screener.in FII scan,958.0
1471,2375,Zuari Agro Chemicals Limited,ZUARI,,ZUARI.NS,https://www.screener.in/company/ZUARI/consolidated/,2026-07-16,Saved Screener.in FII scan,958.0
1472,1881,Quick Heal Technologies Limited,QUICKHEAL,,QUICKHEAL.NS,https://www.screener.in/company/QUICKHEAL/consolidated/,2026-07-16,Saved Screener.in FII scan,953.0
1473,2244,TVS Electronics Limited,TVSELECT,,TVSELECT.NS,https://www.screener.in/company/TVSELECT/consolidated/,2026-07-16,Saved Screener.in FII scan,951.0
1474,1049,Capital India Finance Limited,CIFL,,CIFL.NS,https://www.screener.in/company/CIFL/consolidated/,2026-07-16,Saved Screener.in FII scan,950.0
1475,1891,Rajoo Engineers Limited,RAJOOENG,,RAJOOENG.NS,https://www.screener.in/company/RAJOOENG/consolidated/,2026-07-16,Saved Screener.in FII scan,943.0
1476,2609,Prizor Viztech Limited,PRIZOR,,PRIZOR.NS,https://www.screener.in/company/PRIZOR/consolidated/,2026-07-16,Saved Screener.in FII scan,940.0
1477,1193,Ester Industries Limited,ESTER,,ESTER.NS,https://www.screener.in/company/ESTER/consolidated/,2026-07-16,Saved Screener.in FII scan,939.0
1478,866,Anuh Pharma Limited,ANUHPHR,,ANUHPHR.NS,https://www.screener.in/company/ANUHPHR/consolidated/,2026-09-23,Yahoo Finance,935.99
1479,1820,Pudumjee Paper Products Limited,PDMJEPAPER,,PDMJEPAPER.NS,https://www.screener.in/company/PDMJEPAPER/consolidated/,2026-09-23,Yahoo Finance,933.07
1480,2505,Tejas Cargo India Limited,TEJASCARGO,,TEJASCARGO.NS,https://www.screener.in/company/TEJASCARGO/consolidated/,2026-07-16,Saved Screener.in FII scan,932.0
1481,1695,Munjal Auto Industries Limited,MUNJALAU,,MUNJALAU.NS,https://www.screener.in/company/MUNJALAU/consolidated/,2026-07-16,Saved Screener.in FII scan,931.0
1482,2157,Suraj Estate Developers Limited,SURAJEST,,SURAJEST.NS,https://www.screener.in/company/SURAJEST/consolidated/,2026-07-16,Saved Screener.in FII scan,929.0
1483,1628,Master Trust Limited,MASTERTR,,MASTERTR.NS,https://www.screener.in/company/MASTERTR/consolidated/,2026-07-16,Saved Screener.in FII scan,926.0
1484,1473,Kabra Extrusion Technik Limited,KABRAEXTRU,,KABRAEXTRU.NS,https://www.screener.in/company/KABRAEXTRU/consolidated/,2026-07-16,Saved Screener.in FII scan,925.0
1485,1648,Menon Bearings Limited,MENONBE,,MENONBE.NS,https://www.screener.in/company/MENONBE/consolidated/,2026-07-16,Saved Screener.in FII scan,920.0
1486,1523,Kopran Limited,KOPRAN,,KOPRAN.NS,https://www.screener.in/company/KOPRAN/consolidated/,2026-07-16,Saved Screener.in FII scan,918.0
1487,882,Arisinfra Solutions Limited,ARIS,,ARIS.NS,https://www.screener.in/company/ARIS/consolidated/,2026-07-16,Saved Screener.in FII scan,917.0
1488,1935,Royal Orchid Hotels Limited,ROHLTD,,ROHLTD.NS,https://www.screener.in/company/ROHLTD/consolidated/,2026-07-16,Saved Screener.in FII scan,916.0
1489,2067,Sigachi Industries Limited,SIGACHI,,SIGACHI.NS,https://www.screener.in/company/SIGACHI/consolidated/,2026-07-16,Saved Screener.in FII scan,914.0
1490,1218,Finkurve Financial Services Limited,FINKURVE,,FINKURVE.NS,https://www.screener.in/company/FINKURVE/consolidated/,2026-07-16,Saved Screener.in FII scan,911.0
1491,852,Ambika Cotton Mills Limited,AMBIKCO,,AMBIKCO.NS,https://www.screener.in/company/AMBIKCO/consolidated/,2026-09-23,Yahoo Finance,906.1
1492,1722,New Delhi Television Limited,NDTV,,NDTV.NS,https://www.screener.in/company/NDTV/consolidated/,2026-07-16,Saved Screener.in FII scan,906.0
1493,2027,Synergy Green Industries Limited,SGIL,,SGIL.NS,https://www.screener.in/company/SGIL/consolidated/,2026-07-16,Saved Screener.in FII scan,905.0
1494,973,Bhageria Industries Limited,BHAGERIA,,BHAGERIA.NS,https://www.screener.in/company/BHAGERIA/consolidated/,2026-07-16,Saved Screener.in FII scan,904.0
1495,1638,Mac Charles India Limited,MCCHRLS-B,,MCCHRLS-B.NS,https://www.screener.in/company/MCCHRLS-B/consolidated/,2026-07-16,Saved Screener.in FII scan,903.0
1496,1347,Hexa Tradex Limited,HEXATRADEX,,HEXATRADEX.NS,https://www.screener.in/company/HEXATRADEX/consolidated/,2026-07-16,Saved Screener.in FII scan,901.0
1497,2342,Welspun Investments and Commercials Limited,WELINV,,WELINV.NS,https://www.screener.in/company/WELINV/consolidated/,2026-09-23,Yahoo Finance,900.87
1498,2631,Z-Tech (India) Limited,ZTECH,,ZTECH.NS,https://www.screener.in/company/ZTECH/consolidated/,2026-07-16,Saved Screener.in FII scan,899.0
1499,1953,RSWM Limited,RSWM,,RSWM.NS,https://www.screener.in/company/RSWM/consolidated/,2026-07-16,Saved Screener.in FII scan,898.0
1500,2133,Sterling Tools Limited,STERTOOLS,,STERTOOLS.NS,https://www.screener.in/company/STERTOOLS/consolidated/,2026-07-16,Saved Screener.in FII scan,898.0
1501,1015,Bombay Super Hybrid Seeds Limited,BSHSL,,BSHSL.NS,https://www.screener.in/company/BSHSL/consolidated/,2026-09-23,Yahoo Finance,897.95
1502,1858,Precot Limited,PRECOT,,PRECOT.NS,https://www.screener.in/company/PRECOT/consolidated/,2026-07-16,Saved Screener.in FII scan,895.0
1503,2790,Remus Pharmaceuticals Limited,REMUS,,REMUS.NS,https://www.screener.in/company/REMUS/consolidated/,2026-07-16,Saved Screener.in FII scan,894.0
1504,886,Arrow Greentech Limited,ARROWGREEN,,ARROWGREEN.NS,https://www.screener.in/company/ARROWGREEN/consolidated/,2026-07-16,Saved Screener.in FII scan,889.0
1505,1112,Denta Water and Infra Solutions Limited,DENTA,,DENTA.NS,https://www.screener.in/company/DENTA/consolidated/,2026-07-16,Saved Screener.in FII scan,886.0
1506,1521,Kokuyo Camlin Limited,KOKUYOCMLN,,KOKUYOCMLN.NS,https://www.screener.in/company/KOKUYOCMLN/consolidated/,2026-07-16,Saved Screener.in FII scan,883.0
1507,1119,Dharmaj Crop Guard Limited,DHARMAJ,,DHARMAJ.NS,https://www.screener.in/company/DHARMAJ/consolidated/,2026-07-16,Saved Screener.in FII scan,879.0
1508,1116,Dhampur Sugar Mills Limited,DHAMPURSUG,,DHAMPURSUG.NS,https://www.screener.in/company/DHAMPURSUG/consolidated/,2026-07-16,Saved Screener.in FII scan,878.0
1509,1717,NCL Industries Limited,NCLIND,,NCLIND.NS,https://www.screener.in/company/NCLIND/consolidated/,2026-07-16,Saved Screener.in FII scan,875.0
1510,2301,Viceroy Hotels Limited,VHLTD,,VHLTD.NS,https://www.screener.in/company/VHLTD/consolidated/,2026-07-16,Saved Screener.in FII scan,872.0
1511,2125,Stanley Lifestyles Limited,STANLEY,,STANLEY.NS,https://www.screener.in/company/STANLEY/consolidated/,2026-07-16,Saved Screener.in FII scan,868.0
1512,2176,Systematix Corporate Services Limited,SYSTMTXC,,SYSTMTXC.NS,https://www.screener.in/company/SYSTMTXC/consolidated/,2026-07-16,Saved Screener.in FII scan,867.0
1513,938,Bajaj Steel Industries Limited,BAJAJST,,BAJAJST.NS,https://www.screener.in/company/BAJAJST/consolidated/,2026-07-16,Saved Screener.in FII scan,865.0
1514,1932,R M Drip and Sprinklers Systems Limited,RMDRIP,,RMDRIP.NS,https://www.screener.in/company/RMDRIP/consolidated/,2026-07-16,Saved Screener.in FII scan,861.0
1515,2277,Uttam Sugar Mills Limited,UTTAMSUGAR,,UTTAMSUGAR.NS,https://www.screener.in/company/UTTAMSUGAR/consolidated/,2026-07-16,Saved Screener.in FII scan,861.0
1516,820,Anlon Healthcare Limited,AHCL,,AHCL.NS,https://www.screener.in/company/AHCL/consolidated/,2026-07-16,Saved Screener.in FII scan,858.0
1517,1382,IFB Agro Industries Limited,IFBAGRO,,IFBAGRO.NS,https://www.screener.in/company/IFBAGRO/consolidated/,2026-07-16,Saved Screener.in FII scan,857.0
1518,1200,Excelsoft Technologies Limited,EXCELSOFT,,EXCELSOFT.NS,https://www.screener.in/company/EXCELSOFT/consolidated/,2026-07-16,Saved Screener.in FII scan,856.0
1519,1427,Investment & Precision Castings Limited,INVPRECQ,,INVPRECQ.NS,https://www.screener.in/company/INVPRECQ/consolidated/,2026-07-16,Saved Screener.in FII scan,855.0
1520,2222,Tamilnadu PetroProducts Limited,TNPETRO,,TNPETRO.NS,https://www.screener.in/company/TNPETRO/consolidated/,2026-07-16,Saved Screener.in FII scan,855.0
1521,1886,Radhika Jeweltech Limited,RADHIKAJWE,,RADHIKAJWE.NS,https://www.screener.in/company/RADHIKAJWE/consolidated/,2026-09-23,Yahoo Finance,849.57
1522,879,Arihant Foundations & Housing Limited,ARIHANT,,ARIHANT.NS,https://www.screener.in/company/ARIHANT/consolidated/,2026-07-16,Saved Screener.in FII scan,849.0
1523,2771,Drone Destination Limited,DRONE,,DRONE.NS,https://www.screener.in/company/DRONE/consolidated/,2026-09-23,Yahoo Finance,846.68
1524,1103,Deccan Cements Limited,DECCANCE,,DECCANCE.NS,https://www.screener.in/company/DECCANCE/consolidated/,2026-07-16,Saved Screener.in FII scan,846.0
1525,2016,Sejal Glass Limited,SEJALLTD,,SEJALLTD.NS,https://www.screener.in/company/SEJALLTD/consolidated/,2026-07-16,Saved Screener.in FII scan,844.0
1526,1782,Oricon Enterprises Limited,ORICONENT,,ORICONENT.NS,https://www.screener.in/company/ORICONENT/consolidated/,2026-07-16,Saved Screener.in FII scan,842.0
1527,1967,Sadhana Nitrochem Limited,SADHNANIQ,,SADHNANIQ.NS,https://www.screener.in/company/SADHNANIQ/consolidated/,2026-07-16,Saved Screener.in FII scan,842.0
1528,2842,Viviana Power Tech Limited,VIVIANA,,VIVIANA.NS,https://www.screener.in/company/VIVIANA/consolidated/,2026-07-16,Saved Screener.in FII scan,839.0
1529,1543,Krystal Integrated Services Limited,KRYSTAL,,KRYSTAL.NS,https://www.screener.in/company/KRYSTAL/consolidated/,2026-07-16,Saved Screener.in FII scan,838.0
1530,1045,Chemcon Speciality Chemicals Limited,CHEMCON,,CHEMCON.NS,https://www.screener.in/company/CHEMCON/consolidated/,2026-09-23,Yahoo Finance,837.6
1531,1632,Max India Limited,MAXIND,,MAXIND.NS,https://www.screener.in/company/MAXIND/consolidated/,2026-07-16,Saved Screener.in FII scan,837.0
1532,2657,TAC Infosec Limited,TAC,,TAC.NS,https://www.screener.in/company/TAC/consolidated/,2026-07-16,Saved Screener.in FII scan,837.0
1533,2119,Sree Rayalaseema Hi-Strength Hypo Limited,SRHHYPOLTD,,SRHHYPOLTD.NS,https://www.screener.in/company/SRHHYPOLTD/consolidated/,2026-07-16,Saved Screener.in FII scan,833.0
1534,1772,OM INFRA LIMITED,OMINFRAL,,OMINFRAL.NS,https://www.screener.in/company/OMINFRAL/consolidated/,2026-07-16,Saved Screener.in FII scan,831.0
1535,1629,Matrimony.Com Limited,MATRIMONY,,MATRIMONY.NS,https://www.screener.in/company/MATRIMONY/consolidated/,2026-07-16,Saved Screener.in FII scan,827.0
1536,2008,Scoda Tubes Limited,SCODATUBES,,SCODATUBES.NS,https://www.screener.in/company/SCODATUBES/consolidated/,2026-09-23,Yahoo Finance,825.19
1537,1153,Dhunseri Ventures Limited,DVL,,DVL.NS,https://www.screener.in/company/DVL/consolidated/,2026-07-16,Saved Screener.in FII scan,824.0
1538,2564,Osel Devices Limited,OSELDEVICE,,OSELDEVICE.NS,https://www.screener.in/company/OSELDEVICE/consolidated/,2026-07-16,Saved Screener.in FII scan,824.0
1539,1198,Everest Industries Limited,EVERESTIND,,EVERESTIND.NS,https://www.screener.in/company/EVERESTIND/consolidated/,2026-07-16,Saved Screener.in FII scan,822.0
1540,1247,Gaudium IVF and Women Health Limited,GAUDIUMIVF,,GAUDIUMIVF.NS,https://www.screener.in/company/GAUDIUMIVF/consolidated/,2026-07-16,Saved Screener.in FII scan,822.0
1541,1481,Kamdhenu Limited,KAMDHENU,,KAMDHENU.NS,https://www.screener.in/company/KAMDHENU/consolidated/,2026-07-16,Saved Screener.in FII scan,822.0
1542,1261,GIC Housing Finance Limited,GICHSGFIN,,GICHSGFIN.NS,https://www.screener.in/company/GICHSGFIN/consolidated/,2026-07-16,Saved Screener.in FII scan,820.0
1543,2140,Sudarshan Colorants India Limited,SUDARCOLOR,,SUDARCOLOR.NS,https://www.screener.in/company/SUDARCOLOR/consolidated/,2026-07-16,Saved Screener.in FII scan,818.0
1544,1210,Fedders Holding Limited,FEDDERSHOL,,FEDDERSHOL.NS,https://www.screener.in/company/FEDDERSHOL/consolidated/,2026-07-16,Saved Screener.in FII scan,817.0
1545,1995,Sarla Performance Fibers Limited,SARLAPOLY,,SARLAPOLY.NS,https://www.screener.in/company/SARLAPOLY/consolidated/,2026-07-16,Saved Screener.in FII scan,817.0
1546,2889,Parin Enterprises Limited,PARIN,,PARIN.NS,https://www.screener.in/company/PARIN/consolidated/,2026-07-16,Saved Screener.in FII scan,812.0
1547,2326,VLS Finance Limited,VLSFINANCE,,VLSFINANCE.NS,https://www.screener.in/company/VLSFINANCE/consolidated/,2026-07-16,Saved Screener.in FII scan,811.0
1548,1461,JITF Infralogistics Limited,JITFINFRA,,JITFINFRA.NS,https://www.screener.in/company/JITFINFRA/consolidated/,2026-07-16,Saved Screener.in FII scan,810.0
1549,2169,Shree Vasu Logistics Limited,SVLL,,SVLL.NS,https://www.screener.in/company/SVLL/consolidated/,2026-07-16,Saved Screener.in FII scan,809.0
1550,1869,Prostarm Info Systems Limited,PROSTARM,,PROSTARM.NS,https://www.screener.in/company/PROSTARM/consolidated/,2026-07-16,Saved Screener.in FII scan,807.0
1551,1497,Kellton Tech Solutions Limited,KELLTONTEC,,KELLTONTEC.NS,https://www.screener.in/company/KELLTONTEC/consolidated/,2026-07-16,Saved Screener.in FII scan,805.0
1552,1003,Bodal Chemicals Limited,BODALCHEM,,BODALCHEM.NS,https://www.screener.in/company/BODALCHEM/consolidated/,2026-07-16,Saved Screener.in FII scan,804.0
1553,987,Aditya Birla Money Limited,BIRLAMONEY,,BIRLAMONEY.NS,https://www.screener.in/company/BIRLAMONEY/consolidated/,2026-07-16,Saved Screener.in FII scan,803.0
1554,791,A B Infrabuild Limited,ABINFRA,,ABINFRA.NS,https://www.screener.in/company/ABINFRA/consolidated/,2026-09-23,Yahoo Finance,802.96
1555,815,Agarwal Industrial Corporation Limited,AGARIND,,AGARIND.NS,https://www.screener.in/company/AGARIND/consolidated/,2026-07-16,Saved Screener.in FII scan,802.0
1556,937,Indef Manufacturing Limited,BAJAJINDEF,,BAJAJINDEF.NS,https://www.screener.in/company/BAJAJINDEF/consolidated/,2026-07-16,Saved Screener.in FII scan,798.0
1557,1276,Gloster Limited,GLOSTERLTD,,GLOSTERLTD.NS,https://www.screener.in/company/GLOSTERLTD/consolidated/,2026-07-16,Saved Screener.in FII scan,798.0
1558,1154,Dwarikesh Sugar Industries Limited,DWARKESH,,DWARKESH.NS,https://www.screener.in/company/DWARKESH/consolidated/,2026-07-16,Saved Screener.in FII scan,794.0
1559,2785,Sahana System Limited,SAHANA,,SAHANA.NS,https://www.screener.in/company/SAHANA/consolidated/,2026-07-16,Saved Screener.in FII scan,794.0
1560,1169,Eldeco Housing And Industries Limited,ELDEHSG,,ELDEHSG.NS,https://www.screener.in/company/ELDEHSG/consolidated/,2026-07-16,Saved Screener.in FII scan,793.0
1561,2549,Sahasra Electronic Solutions Limited,SAHASRA,,SAHASRA.NS,https://www.screener.in/company/SAHASRA/consolidated/,2026-07-16,Saved Screener.in FII scan,792.0
1562,2128,The State Trading Corporation of India Limited,STCINDIA,,STCINDIA.NS,https://www.screener.in/company/STCINDIA/consolidated/,2026-07-16,Saved Screener.in FII scan,790.0
1563,1205,Fairchem Organics Limited,FAIRCHEMOR,,FAIRCHEMOR.NS,https://www.screener.in/company/FAIRCHEMOR/consolidated/,2026-09-23,Yahoo Finance,789.32
1564,2286,Vascon Engineers Limited,VASCONEQ,,VASCONEQ.NS,https://www.screener.in/company/VASCONEQ/consolidated/,2026-07-16,Saved Screener.in FII scan,789.0
1565,1007,Borana Weaves Limited,BORANA,,BORANA.NS,https://www.screener.in/company/BORANA/consolidated/,2026-09-23,Yahoo Finance,787.37
1566,1577,Lokesh Machines Limited,LOKESHMACH,,LOKESHMACH.NS,https://www.screener.in/company/LOKESHMACH/consolidated/,2026-09-23,Yahoo Finance,783.05
1567,1495,Kirloskar Electric Company Limited,KECL,,KECL.NS,https://www.screener.in/company/KECL/consolidated/,2026-07-16,Saved Screener.in FII scan,782.0
1568,1032,Consolidated Construction Consortium Limited,CCCL,,CCCL.NS,https://www.screener.in/company/CCCL/consolidated/,2026-07-16,Saved Screener.in FII scan,780.0
1569,1766,OCCL Limited,OCCLLTD,,OCCLLTD.NS,https://www.screener.in/company/OCCLLTD/consolidated/,2026-09-23,Yahoo Finance,775.08
1570,2729,Karnika Industries Limited,KARNIKA,,KARNIKA.NS,https://www.screener.in/company/KARNIKA/consolidated/,2026-07-16,Saved Screener.in FII scan,775.0
1571,2283,Valiant Organics Limited,VALIANTORG,,VALIANTORG.NS,https://www.screener.in/company/VALIANTORG/consolidated/,2026-07-16,Saved Screener.in FII scan,774.0
1572,2746,Cellecor Gadgets Limited,CELLECOR,,CELLECOR.NS,https://www.screener.in/company/CELLECOR/consolidated/,2026-07-16,Saved Screener.in FII scan,772.0
1573,1892,Rajapalayam Mills Limited,RAJPALAYAM,,RAJPALAYAM.NS,https://www.screener.in/company/RAJPALAYAM/consolidated/,2026-07-16,Saved Screener.in FII scan,771.0
1574,2573,Vision Infra Equipment Solutions Limited,VIESL,,VIESL.NS,https://www.screener.in/company/VIESL/consolidated/,2026-07-16,Saved Screener.in FII scan,771.0
1575,807,Advent Hotels International Limited,ADVENTHTL,,ADVENTHTL.NS,https://www.screener.in/company/ADVENTHTL/consolidated/,2026-07-16,Saved Screener.in FII scan,770.0
1576,1161,Ecos (India) Mobility & Hospitality Limited,ECOSMOBLTY,,ECOSMOBLTY.NS,https://www.screener.in/company/ECOSMOBLTY/consolidated/,2026-07-16,Saved Screener.in FII scan,770.0
1577,1877,PVP Ventures Limited,PVP,,PVP.NS,https://www.screener.in/company/PVP/consolidated/,2026-07-16,Saved Screener.in FII scan,769.0
1578,2246,TV Today Network Limited,TVTODAY,,TVTODAY.NS,https://www.screener.in/company/TVTODAY/consolidated/,2026-07-16,Saved Screener.in FII scan,766.0
1579,963,Beekay Steel Industries Limited,BEEKAY,,BEEKAY.NS,https://www.screener.in/company/BEEKAY/consolidated/,2026-07-16,Saved Screener.in FII scan,763.0
1580,1986,The Sandesh Limited,SANDESH,,SANDESH.NS,https://www.screener.in/company/SANDESH/consolidated/,2026-07-16,Saved Screener.in FII scan,758.0
1581,2376,ZUARI INDUSTRIES LIMITED,ZUARIIND,,ZUARIIND.NS,https://www.screener.in/company/ZUARIIND/consolidated/,2026-07-16,Saved Screener.in FII scan,758.0
1582,1646,Mangal Electrical Industries Limited,MEIL,,MEIL.NS,https://www.screener.in/company/MEIL/consolidated/,2026-09-23,Yahoo Finance,757.76
1583,2156,Supreme Infrastructure India Limited,SUPREMEINF,,SUPREMEINF.NS,https://www.screener.in/company/SUPREMEINF/consolidated/,2026-07-16,Saved Screener.in FII scan,757.0
1584,880,Arihant Capital Markets Limited,ARIHANTCAP,,ARIHANTCAP.NS,https://www.screener.in/company/ARIHANTCAP/consolidated/,2026-07-16,Saved Screener.in FII scan,754.0
1585,1091,Dhampur Bio Organics Limited,DBOL,,DBOL.NS,https://www.screener.in/company/DBOL/consolidated/,2026-07-16,Saved Screener.in FII scan,751.0
1586,1177,Emkay Global Financial Services Limited,EMKAY,,EMKAY.NS,https://www.screener.in/company/EMKAY/consolidated/,2026-07-16,Saved Screener.in FII scan,745.0
1587,2268,United Polyfab Gujarat Limited,UNITEDPOLY,,UNITEDPOLY.NS,https://www.screener.in/company/UNITEDPOLY/consolidated/,2026-07-16,Saved Screener.in FII scan,739.0
1588,1237,Ganesh Benzoplast Limited,GANESHBE,,GANESHBE.NS,https://www.screener.in/company/GANESHBE/consolidated/,2026-07-16,Saved Screener.in FII scan,736.0
1589,849,Amanta Healthcare Limited,AMANTA,,AMANTA.NS,https://www.screener.in/company/AMANTA/consolidated/,2026-09-23,Yahoo Finance,734.69
1590,1927,Ritco Logistics Limited,RITCO,,RITCO.NS,https://www.screener.in/company/RITCO/consolidated/,2026-07-16,Saved Screener.in FII scan,732.0
1591,2066,Sical Logistics Limited,SICALLOG,,SICALLOG.NS,https://www.screener.in/company/SICALLOG/consolidated/,2026-07-16,Saved Screener.in FII scan,727.0
1592,1525,Kothari Petrochemicals Limited,KOTHARIPET,,KOTHARIPET.NS,https://www.screener.in/company/KOTHARIPET/consolidated/,2026-07-16,Saved Screener.in FII scan,726.0
1593,2856,Swaraj Suiting Limited,SWARAJ,,SWARAJ.NS,https://www.screener.in/company/SWARAJ/consolidated/,2026-07-16,Saved Screener.in FII scan,726.0
1594,1143,DPSC Limited,DPSCLTD,,DPSCLTD.NS,https://www.screener.in/company/DPSCLTD/consolidated/,2026-07-16,Saved Screener.in FII scan,725.0
1595,1549,Kuantum Papers Limited,KUANTUM,,KUANTUM.NS,https://www.screener.in/company/KUANTUM/consolidated/,2026-09-23,Yahoo Finance,723.15
1596,1065,Consolidated Finvest & Holdings Limited,CONSOFINVT,,CONSOFINVT.NS,https://www.screener.in/company/CONSOFINVT/consolidated/,2026-07-16,Saved Screener.in FII scan,723.0
1597,1587,Maan Aluminium Limited,MAANALU,,MAANALU.NS,https://www.screener.in/company/MAANALU/consolidated/,2026-07-16,Saved Screener.in FII scan,723.0
1598,2575,Namo eWaste Management Limited,NAMOEWASTE,,NAMOEWASTE.NS,https://www.screener.in/company/NAMOEWASTE/consolidated/,2026-07-16,Saved Screener.in FII scan,723.0
1599,1899,Rama Steel Tubes Limited,RAMASTEEL,,RAMASTEEL.NS,https://www.screener.in/company/RAMASTEEL/consolidated/,2026-07-16,Saved Screener.in FII scan,723.0
1600,1345,Heranba Industries Limited,HERANBA,,HERANBA.NS,https://www.screener.in/company/HERANBA/consolidated/,2026-07-16,Saved Screener.in FII scan,722.0
1601,803,Allied Digital Services Limited,ADSL,,ADSL.NS,https://www.screener.in/company/ADSL/consolidated/,2026-07-16,Saved Screener.in FII scan,721.0
1602,1594,Magadh Sugar & Energy Limited,MAGADSUGAR,,MAGADSUGAR.NS,https://www.screener.in/company/MAGADSUGAR/consolidated/,2026-09-23,Yahoo Finance,717.55
1603,894,Automotive Stampings and Assemblies Limited,ASAL,,ASAL.NS,https://www.screener.in/company/ASAL/consolidated/,2026-09-23,Yahoo Finance,717.07
1604,1693,Mukka Proteins Limited,MUKKA,,MUKKA.NS,https://www.screener.in/company/MUKKA/consolidated/,2026-07-16,Saved Screener.in FII scan,716.0
1605,1042,Concord Enviro Systems Limited,CEWATER,,CEWATER.NS,https://www.screener.in/company/CEWATER/consolidated/,2026-07-16,Saved Screener.in FII scan,713.0
1606,1907,RBZ Jewellers Limited,RBZJEWEL,,RBZJEWEL.NS,https://www.screener.in/company/RBZJEWEL/consolidated/,2026-09-23,Yahoo Finance,712.2
1607,1814,Pasupati Acrylon Limited,PASUPTAC,,PASUPTAC.NS,https://www.screener.in/company/PASUPTAC/consolidated/,2026-09-23,Yahoo Finance,711.46
1608,773,20 Microns Limited,20MICRONS,,20MICRONS.NS,https://www.screener.in/company/20MICRONS/consolidated/,2026-07-16,Saved Screener.in FII scan,711.0
1609,1804,Panache Digilife Limited,PANACHE,,PANACHE.NS,https://www.screener.in/company/PANACHE/consolidated/,2026-07-16,Saved Screener.in FII scan,710.0
1610,2865,Foce India Limited,FOCE,,FOCE.NS,https://www.screener.in/company/FOCE/consolidated/,2026-07-16,Saved Screener.in FII scan,708.0
1611,805,Advance Agrolife Limited,ADVANCE,,ADVANCE.NS,https://www.screener.in/company/ADVANCE/consolidated/,2026-07-16,Saved Screener.in FII scan,707.0
1612,1404,Indo Farm Equipment Limited,INDOFARM,,INDOFARM.NS,https://www.screener.in/company/INDOFARM/consolidated/,2026-07-16,Saved Screener.in FII scan,706.0
1613,2612,Ganesh Green Bharat Limited,GGBL,,GGBL.NS,https://www.screener.in/company/GGBL/consolidated/,2026-07-16,Saved Screener.in FII scan,705.0
1614,1665,MMP Industries Limited,MMP,,MMP.NS,https://www.screener.in/company/MMP/consolidated/,2026-07-16,Saved Screener.in FII scan,703.0
1615,1816,Patel Retail Limited,PATELRMART,,PATELRMART.NS,https://www.screener.in/company/PATELRMART/consolidated/,2026-09-23,Yahoo Finance,702.51
1616,1251,GeeCee Ventures Limited,GEECEE,,GEECEE.NS,https://www.screener.in/company/GEECEE/consolidated/,2026-07-16,Saved Screener.in FII scan,701.0
1617,1175,Emami Paper Mills Limited,EMAMIPAP,,EMAMIPAP.NS,https://www.screener.in/company/EMAMIPAP/consolidated/,2026-09-23,Yahoo Finance,699.37
1618,1612,Manba Finance Limited,MANBA,,MANBA.NS,https://www.screener.in/company/MANBA/consolidated/,2026-09-23,Yahoo Finance,699.28
1619,982,Bigbloc Construction Limited,BIGBLOC,,BIGBLOC.NS,https://www.screener.in/company/BIGBLOC/consolidated/,2026-07-16,Saved Screener.in FII scan,699.0
1620,2718,Sar Televenture Limited,SARTELE,,SARTELE.NS,https://www.screener.in/company/SARTELE/consolidated/,2026-07-16,Saved Screener.in FII scan,699.0
1621,1204,Fabtech Technologies Limited,FABTECH,,FABTECH.NS,https://www.screener.in/company/FABTECH/consolidated/,2026-07-16,Saved Screener.in FII scan,698.0
1622,2687,Megatherm Induction Limited,MEGATHERM,,MEGATHERM.NS,https://www.screener.in/company/MEGATHERM/consolidated/,2026-09-23,Yahoo Finance,695.69
1623,1540,Kronox Lab Sciences Limited,KRONOX,,KRONOX.NS,https://www.screener.in/company/KRONOX/consolidated/,2026-09-23,Yahoo Finance,695.29
1624,2319,Visaka Industries Limited,VISAKAIND,,VISAKAIND.NS,https://www.screener.in/company/VISAKAIND/consolidated/,2026-07-16,Saved Screener.in FII scan,690.0
1625,991,BEML Land Assets Limited,BLAL,,BLAL.NS,https://www.screener.in/company/BLAL/consolidated/,2026-09-23,Yahoo Finance,688.51
1626,2708,Accent Microcell Limited,ACCENTMIC,,ACCENTMIC.NS,https://www.screener.in/company/ACCENTMIC/consolidated/,2026-09-23,Yahoo Finance,688.24
1627,1314,GTPL Hathway Limited,GTPL,,GTPL.NS,https://www.screener.in/company/GTPL/consolidated/,2026-07-16,Saved Screener.in FII scan,686.0
1628,1059,Coffee Day Enterprises Limited,COFFEEDAY,,COFFEEDAY.NS,https://www.screener.in/company/COFFEEDAY/consolidated/,2026-07-16,Saved Screener.in FII scan,684.0
1629,2358,Xchanging Solutions Limited,XCHANGING,,XCHANGING.NS,https://www.screener.in/company/XCHANGING/consolidated/,2026-07-16,Saved Screener.in FII scan,683.0
1630,2009,Sheetal Cool Products Limited,SCPL,,SCPL.NS,https://www.screener.in/company/SCPL/consolidated/,2026-09-23,Yahoo Finance,682.5
1631,2117,Sreeleathers Limited,SREEL,,SREEL.NS,https://www.screener.in/company/SREEL/consolidated/,2026-09-23,Yahoo Finance,680.5
1632,1547,Ksolves India Limited,KSOLVES,,KSOLVES.NS,https://www.screener.in/company/KSOLVES/consolidated/,2026-07-16,Saved Screener.in FII scan,678.0
1633,1419,Innovana Thinklabs Limited,INNOVANA,,INNOVANA.NS,https://www.screener.in/company/INNOVANA/consolidated/,2026-07-16,Saved Screener.in FII scan,677.0
1634,2765,Vinsys IT Services India Limited,VINSYS,,VINSYS.NS,https://www.screener.in/company/VINSYS/consolidated/,2026-07-16,Saved Screener.in FII scan,676.0
1635,1574,Linc Limited,LINC,,LINC.NS,https://www.screener.in/company/LINC/consolidated/,2026-07-16,Saved Screener.in FII scan,675.0
1636,2370,Zim Laboratories Limited,ZIMLAB,,ZIMLAB.NS,https://www.screener.in/company/ZIMLAB/consolidated/,2026-07-16,Saved Screener.in FII scan,675.0
1637,1420,Innovision Limited,INNOVISION,,INNOVISION.NS,https://www.screener.in/company/INNOVISION/consolidated/,2026-07-16,Saved Screener.in FII scan,674.0
1638,1998,Satia Industries Limited,SATIA,,SATIA.NS,https://www.screener.in/company/SATIA/consolidated/,2026-09-23,Yahoo Finance,672.4
1639,2510,Chandan Healthcare Limited,CHANDAN,,CHANDAN.NS,https://www.screener.in/company/CHANDAN/consolidated/,2026-07-16,Saved Screener.in FII scan,672.0
1640,2788,Vasa Denticity Limited,DENTALKART,,DENTALKART.NS,https://www.screener.in/company/DENTALKART/consolidated/,2026-07-16,Saved Screener.in FII scan,667.0
1641,1238,Ganesh Consumer Products Limited,GANESHCP,,GANESHCP.NS,https://www.screener.in/company/GANESHCP/consolidated/,2026-09-23,Yahoo Finance,664.71
1642,2105,South West Pinnacle Exploration Limited,SOUTHWEST,,SOUTHWEST.NS,https://www.screener.in/company/SOUTHWEST/consolidated/,2026-07-16,Saved Screener.in FII scan,663.0
1643,1670,Modis Navnirman Limited,MODIS,,MODIS.NS,https://www.screener.in/company/MODIS/consolidated/,2026-07-16,Saved Screener.in FII scan,662.0
1644,1871,Prozone Realty Limited,PROZONER,,PROZONER.NS,https://www.screener.in/company/PROZONER/consolidated/,2026-07-16,Saved Screener.in FII scan,662.0
1645,1507,Kilitch Drugs (India) Limited,KILITCH,,KILITCH.NS,https://www.screener.in/company/KILITCH/consolidated/,2026-07-16,Saved Screener.in FII scan,661.0
1646,1564,Laxmi India Finance Limited,LAXMIINDIA,,LAXMIINDIA.NS,https://www.screener.in/company/LAXMIINDIA/consolidated/,2026-09-23,Yahoo Finance,660.78
1647,2478,Influx Healthtech Limited,INFLUX,,INFLUX.NS,https://www.screener.in/company/INFLUX/consolidated/,2026-07-16,Saved Screener.in FII scan,660.0
1648,2281,Vakrangee Limited,VAKRANGEE,,VAKRANGEE.NS,https://www.screener.in/company/VAKRANGEE/consolidated/,2026-07-16,Saved Screener.in FII scan,658.0
1649,1063,Commercial Syn Bags Limited,COMSYN,,COMSYN.NS,https://www.screener.in/company/COMSYN/consolidated/,2026-07-16,Saved Screener.in FII scan,654.0
1650,823,Asian Hotels (West) Limited,AHLWEST,,AHLWEST.NS,https://www.screener.in/company/AHLWEST/consolidated/,2026-07-16,Saved Screener.in FII scan,653.0
1651,1658,Mindteck (India) Limited,MINDTECK,,MINDTECK.NS,https://www.screener.in/company/MINDTECK/consolidated/,2026-07-16,Saved Screener.in FII scan,653.0
1652,1878,Popular Vehicles and Services Limited,PVSL,,PVSL.NS,https://www.screener.in/company/PVSL/consolidated/,2026-07-16,Saved Screener.in FII scan,652.0
1653,1849,Prakash Pipes Limited,PPL,,PPL.NS,https://www.screener.in/company/PPL/consolidated/,2026-09-23,Yahoo Finance,651.28
1654,1604,Mallcom (India) Limited,MALLCOM,,MALLCOM.NS,https://www.screener.in/company/MALLCOM/consolidated/,2026-07-16,Saved Screener.in FII scan,651.0
1655,2605,RNFI Services Limited,RNFI,,RNFI.NS,https://www.screener.in/company/RNFI/consolidated/,2026-07-16,Saved Screener.in FII scan,649.0
1656,1048,Cheviot Company Limited,CHEVIOT,,CHEVIOT.NS,https://www.screener.in/company/CHEVIOT/consolidated/,2026-07-16,Saved Screener.in FII scan,648.0
1657,1163,Euro India Fresh Foods Limited,EIFFL,,EIFFL.NS,https://www.screener.in/company/EIFFL/consolidated/,2026-09-23,Yahoo Finance,647.9
1658,1777,OnMobile Global Limited,ONMOBILE,,ONMOBILE.NS,https://www.screener.in/company/ONMOBILE/consolidated/,2026-07-16,Saved Screener.in FII scan,644.0
1659,2139,Subex Limited,SUBEXLTD,,SUBEXLTD.NS,https://www.screener.in/company/SUBEXLTD/consolidated/,2026-07-16,Saved Screener.in FII scan,643.0
1660,2236,Transindia Real Estate Limited,TREL,,TREL.NS,https://www.screener.in/company/TREL/consolidated/,2026-07-16,Saved Screener.in FII scan,640.0
1661,1135,DMCC SPECIALITY CHEMICALS LIMITED,DMCC,,DMCC.NS,https://www.screener.in/company/DMCC/consolidated/,2026-07-16,Saved Screener.in FII scan,639.0
1662,2369,ZF Steering Gear (India) Limited,ZFSTEERING,,ZFSTEERING.NS,https://www.screener.in/company/ZFSTEERING/consolidated/,2026-07-16,Saved Screener.in FII scan,638.0
1663,910,Allcargo Terminals Limited,ATL,,ATL.NS,https://www.screener.in/company/ATL/consolidated/,2026-07-16,Saved Screener.in FII scan,637.0
1664,1778,Onward Technologies Limited,ONWARDTEC,,ONWARDTEC.NS,https://www.screener.in/company/ONWARDTEC/consolidated/,2026-07-16,Saved Screener.in FII scan,637.0
1665,1098,DCM Shriram International Limited,DCMSIL,,DCMSIL.NS,https://www.screener.in/company/DCMSIL/consolidated/,2026-07-16,Saved Screener.in FII scan,636.0
1666,2000,Saurashtra Cement Limited,SAURASHCEM,,SAURASHCEM.NS,https://www.screener.in/company/SAURASHCEM/consolidated/,2026-07-16,Saved Screener.in FII scan,635.0
1667,1367,Hindustan Media Ventures Limited,HMVL,,HMVL.NS,https://www.screener.in/company/HMVL/consolidated/,2026-07-16,Saved Screener.in FII scan,633.0
1668,1855,Praveg Limited,PRAVEG,,PRAVEG.NS,https://www.screener.in/company/PRAVEG/consolidated/,2026-07-16,Saved Screener.in FII scan,627.0
1669,2109,Speciality Restaurants Limited,SPECIALITY,,SPECIALITY.NS,https://www.screener.in/company/SPECIALITY/consolidated/,2026-07-16,Saved Screener.in FII scan,627.0
1670,1640,Mcleod Russel India Limited,MCLEODRUSS,,MCLEODRUSS.NS,https://www.screener.in/company/MCLEODRUSS/consolidated/,2026-07-16,Saved Screener.in FII scan,626.0
1671,2165,Sutlej Textiles and Industries Limited,SUTLEJTEX,,SUTLEJTEX.NS,https://www.screener.in/company/SUTLEJTEX/consolidated/,2026-07-16,Saved Screener.in FII scan,624.0
1672,2702,Supreme Power Equipment Limited,SUPREMEPWR,,SUPREMEPWR.NS,https://www.screener.in/company/SUPREMEPWR/consolidated/,2026-07-16,Saved Screener.in FII scan,619.0
1673,986,Birla Cable Limited,BIRLACABLE,,BIRLACABLE.NS,https://www.screener.in/company/BIRLACABLE/consolidated/,2026-07-16,Saved Screener.in FII scan,616.0
1674,1277,Glottis Limited,GLOTTIS,,GLOTTIS.NS,https://www.screener.in/company/GLOTTIS/consolidated/,2026-07-16,Saved Screener.in FII scan,615.0
1675,1707,Nahar Poly Films Limited,NAHARPOLY,,NAHARPOLY.NS,https://www.screener.in/company/NAHARPOLY/consolidated/,2026-07-16,Saved Screener.in FII scan,615.0
1676,1448,Jayant Agro Organics Limited,JAYAGROGN,,JAYAGROGN.NS,https://www.screener.in/company/JAYAGROGN/consolidated/,2026-07-16,Saved Screener.in FII scan,614.0
1677,2057,Shree Rama Multi-Tech Limited,SHREERAMA,,SHREERAMA.NS,https://www.screener.in/company/SHREERAMA/consolidated/,2026-09-23,Yahoo Finance,611.15
1678,1327,Haldyn Glass Limited,HALDYNGL,,HALDYNGL.NS,https://www.screener.in/company/HALDYNGL/consolidated/,2026-07-16,Saved Screener.in FII scan,607.0
1679,1354,Hindustan Composites Limited,HINDCOMPOS,,HINDCOMPOS.NS,https://www.screener.in/company/HINDCOMPOS/consolidated/,2026-07-16,Saved Screener.in FII scan,606.0
1680,872,Aptech Limited,APTECHT,,APTECHT.NS,https://www.screener.in/company/APTECHT/consolidated/,2026-07-16,Saved Screener.in FII scan,603.0
1681,2095,Softtech Engineers Limited,SOFTTECH,,SOFTTECH.NS,https://www.screener.in/company/SOFTTECH/consolidated/,2026-07-16,Saved Screener.in FII scan,603.0
1682,2318,VISA Chrome Limited,VISACHROME,,VISACHROME.NS,https://www.screener.in/company/VISACHROME/consolidated/,2026-07-16,Saved Screener.in FII scan,603.0
1683,1044,Chembond Chemicals Limited,CHEMBONDCH,,CHEMBONDCH.NS,https://www.screener.in/company/CHEMBONDCH/consolidated/,2026-07-16,Saved Screener.in FII scan,600.0
1684,1226,Focus Lighting and Fixtures Limited,FOCUS,,FOCUS.NS,https://www.screener.in/company/FOCUS/consolidated/,2026-07-16,Saved Screener.in FII scan,600.0
1685,2694,Australian Premium Solar (India) Limited,APS,,APS.NS,https://www.screener.in/company/APS/consolidated/,2026-07-16,Saved Screener.in FII scan,599.0
1686,1779,Orbit Exports Limited,ORBTEXP,,ORBTEXP.NS,https://www.screener.in/company/ORBTEXP/consolidated/,2026-07-16,Saved Screener.in FII scan,596.0
1687,2619,Petro Carbon and Chemicals Limited,PCCL,,PCCL.NS,https://www.screener.in/company/PCCL/consolidated/,2026-07-16,Saved Screener.in FII scan,593.0
1688,1865,Primo Chemicals Limited,PRIMO,,PRIMO.NS,https://www.screener.in/company/PRIMO/consolidated/,2026-07-16,Saved Screener.in FII scan,591.0
1689,1485,Kanoria Chemicals & Industries Limited,KANORICHEM,,KANORICHEM.NS,https://www.screener.in/company/KANORICHEM/consolidated/,2026-07-16,Saved Screener.in FII scan,590.0
1690,2094,Snowman Logistics Limited,SNOWMAN,,SNOWMAN.NS,https://www.screener.in/company/SNOWMAN/consolidated/,2026-09-23,Yahoo Finance,588.25
1691,2588,Sunlite Recycling Industries Limited,SUNLITE,,SUNLITE.NS,https://www.screener.in/company/SUNLITE/consolidated/,2026-07-16,Saved Screener.in FII scan,588.0
1692,1879,Pyramid Technoplast Limited,PYRAMID,,PYRAMID.NS,https://www.screener.in/company/PYRAMID/consolidated/,2026-09-23,Yahoo Finance,587.61
1693,1668,Modi Naturals Limited,MODINATUR,,MODINATUR.NS,https://www.screener.in/company/MODINATUR/consolidated/,2026-07-16,Saved Screener.in FII scan,586.0
1694,1796,Oswal Greentech Limited,OSWALGREEN,,OSWALGREEN.NS,https://www.screener.in/company/OSWALGREEN/consolidated/,2026-07-16,Saved Screener.in FII scan,584.0
1695,2290,Veljan Denison Limited,VELJAN,,VELJAN.NS,https://www.screener.in/company/VELJAN/consolidated/,2026-07-16,Saved Screener.in FII scan,583.0
1696,990,Black Rose Inds. Limited,BLACKROSE,,BLACKROSE.NS,https://www.screener.in/company/BLACKROSE/consolidated/,2026-07-16,Saved Screener.in FII scan,581.0
1697,1760,Nupur Recyclers Limited,NRL,,NRL.NS,https://www.screener.in/company/NRL/consolidated/,2026-07-16,Saved Screener.in FII scan,577.0
1698,2045,Sharat Industries Limited,SHINDL,,SHINDL.NS,https://www.screener.in/company/SHINDL/consolidated/,2026-07-16,Saved Screener.in FII scan,573.0
1699,2001,Sayaji Hotels Limited,SAYAJIHOTL,,SAYAJIHOTL.NS,https://www.screener.in/company/SAYAJIHOTL/consolidated/,2026-07-16,Saved Screener.in FII scan,568.0
1700,2640,ABS Marine Services Limited,ABSMARINE,,ABSMARINE.NS,https://www.screener.in/company/ABSMARINE/consolidated/,2026-07-16,Saved Screener.in FII scan,567.0
1701,1131,Dish TV India Limited,DISHTV,,DISHTV.NS,https://www.screener.in/company/DISHTV/consolidated/,2026-07-16,Saved Screener.in FII scan,567.0
1702,2543,Freshara Agro Exports Limited,FRESHARA,,FRESHARA.NS,https://www.screener.in/company/FRESHARA/consolidated/,2026-07-16,Saved Screener.in FII scan,564.0
1703,2230,TPL Plastech Limited,TPLPLASTEH,,TPLPLASTEH.NS,https://www.screener.in/company/TPLPLASTEH/consolidated/,2026-07-16,Saved Screener.in FII scan,562.0
1704,1691,Credo Brands Marketing Limited,MUFTI,,MUFTI.NS,https://www.screener.in/company/MUFTI/consolidated/,2026-07-16,Saved Screener.in FII scan,560.0
1705,1875,PTL Enterprises Limited,PTL,,PTL.NS,https://www.screener.in/company/PTL/consolidated/,2026-07-16,Saved Screener.in FII scan,560.0
1706,1716,N. B. I. Industrial Finance Company Limited,NBIFIN,,NBIFIN.NS,https://www.screener.in/company/NBIFIN/consolidated/,2026-07-16,Saved Screener.in FII scan,557.0
1707,1795,Oswal Agro Mills Limited,OSWALAGRO,,OSWALAGRO.NS,https://www.screener.in/company/OSWALAGRO/consolidated/,2026-07-16,Saved Screener.in FII scan,557.0
1708,967,Best Agrolife Limited,BESTAGRO,,BESTAGRO.NS,https://www.screener.in/company/BESTAGRO/consolidated/,2026-07-16,Saved Screener.in FII scan,553.0
1709,2787,Proventus Agrocom Limited,PROV,,PROV.NS,https://www.screener.in/company/PROV/consolidated/,2026-07-16,Saved Screener.in FII scan,553.0
1710,1430,IRIS RegTech Solutions Limited,IRIS,,IRIS.NS,https://www.screener.in/company/IRIS/consolidated/,2026-07-16,Saved Screener.in FII scan,549.0
1711,2232,Transpek Industry Limited,TRANSPEK,,TRANSPEK.NS,https://www.screener.in/company/TRANSPEK/consolidated/,2026-07-16,Saved Screener.in FII scan,547.0
1712,2141,Sukhjit Starch & Chemicals Limited,SUKHJITS,,SUKHJITS.NS,https://www.screener.in/company/SUKHJITS/consolidated/,2026-07-16,Saved Screener.in FII scan,546.0
1713,1046,Chemfab Alkalis Limited,CHEMFAB,,CHEMFAB.NS,https://www.screener.in/company/CHEMFAB/consolidated/,2026-07-16,Saved Screener.in FII scan,545.0
1714,2050,Shiv Aum Steels Limited,SHIVAUM,,SHIVAUM.NS,https://www.screener.in/company/SHIVAUM/consolidated/,2026-07-16,Saved Screener.in FII scan,544.0
1715,1361,Hitech Corporation Limited,HITECHCORP,,HITECHCORP.NS,https://www.screener.in/company/HITECHCORP/consolidated/,2026-07-16,Saved Screener.in FII scan,539.0
1716,1917,Repro India Limited,REPRO,,REPRO.NS,https://www.screener.in/company/REPRO/consolidated/,2026-07-16,Saved Screener.in FII scan,536.0
1717,1696,Munjal Showa Limited,MUNJALSHOW,,MUNJALSHOW.NS,https://www.screener.in/company/MUNJALSHOW/consolidated/,2026-09-23,Yahoo Finance,533.69
1718,1653,Mangalam Global Enterprise Limited,MGEL,,MGEL.NS,https://www.screener.in/company/MGEL/consolidated/,2026-07-16,Saved Screener.in FII scan,533.0
1719,1510,Kiran Vyapar Limited,KIRANVYPAR,,KIRANVYPAR.NS,https://www.screener.in/company/KIRANVYPAR/consolidated/,2026-07-16,Saved Screener.in FII scan,532.0
1720,1270,Global Education Limited,GLOBAL,,GLOBAL.NS,https://www.screener.in/company/GLOBAL/consolidated/,2026-07-16,Saved Screener.in FII scan,529.0
1721,1480,Kamat Hotels (I) Limited,KAMATHOTEL,,KAMATHOTEL.NS,https://www.screener.in/company/KAMATHOTEL/consolidated/,2026-07-16,Saved Screener.in FII scan,528.0
1722,1519,KN Agri Resources Limited,KNAGRI,,KNAGRI.NS,https://www.screener.in/company/KNAGRI/consolidated/,2026-07-16,Saved Screener.in FII scan,525.0
1723,2366,Zee Media Corporation Limited,ZEEMEDIA,,ZEEMEDIA.NS,https://www.screener.in/company/ZEEMEDIA/consolidated/,2026-07-16,Saved Screener.in FII scan,524.0
1724,2208,The Investment Trust Of India Limited,THEINVEST,,THEINVEST.NS,https://www.screener.in/company/THEINVEST/consolidated/,2026-07-16,Saved Screener.in FII scan,523.0
1725,2006,S Chand And Company Limited,SCHAND,,SCHAND.NS,https://www.screener.in/company/SCHAND/consolidated/,2026-07-16,Saved Screener.in FII scan,521.0
1726,1737,Nila Spaces Limited,NILASPACES,,NILASPACES.NS,https://www.screener.in/company/NILASPACES/consolidated/,2026-07-16,Saved Screener.in FII scan,520.0
1727,2757,Basilic Fly Studio Limited,BASILIC,,BASILIC.NS,https://www.screener.in/company/BASILIC/consolidated/,2026-07-16,Saved Screener.in FII scan,518.0
1728,1121,Dhunseri Investments Limited,DHUNINV,,DHUNINV.NS,https://www.screener.in/company/DHUNINV/consolidated/,2026-07-16,Saved Screener.in FII scan,517.0
1729,1373,HT Media Limited,HTMEDIA,,HTMEDIA.NS,https://www.screener.in/company/HTMEDIA/consolidated/,2026-07-16,Saved Screener.in FII scan,517.0
1730,2908,Shree Tirupati Balajee FIBC Limited,TIRUPATI,,TIRUPATI.NS,https://www.screener.in/company/TIRUPATI/consolidated/,2026-07-16,Saved Screener.in FII scan,517.0
1731,1613,Mangal Credit and Fincorp Limited,MANCREDIT,,MANCREDIT.NS,https://www.screener.in/company/MANCREDIT/consolidated/,2026-07-16,Saved Screener.in FII scan,516.0
1732,1425,International Conveyors Limited,INTLCONV,,INTLCONV.NS,https://www.screener.in/company/INTLCONV/consolidated/,2026-07-16,Saved Screener.in FII scan,514.0
1733,1738,Nile Limited,NILE,,NILE.NS,https://www.screener.in/company/NILE/consolidated/,2026-07-16,Saved Screener.in FII scan,514.0
1734,2274,Urja Global Limited,URJA,,URJA.NS,https://www.screener.in/company/URJA/consolidated/,2026-07-16,Saved Screener.in FII scan,514.0
1735,931,Bafna Pharmaceuticals Limited,BAFNAPH,,BAFNAPH.NS,https://www.screener.in/company/BAFNAPH/consolidated/,2026-07-16,Saved Screener.in FII scan,513.0
1736,1364,HLV LIMITED,HLVLTD,,HLVLTD.NS,https://www.screener.in/company/HLVLTD/consolidated/,2026-07-16,Saved Screener.in FII scan,513.0
1737,1930,R K Swamy Limited,RKSWAMY,,RKSWAMY.NS,https://www.screener.in/company/RKSWAMY/consolidated/,2026-07-16,Saved Screener.in FII scan,513.0
1738,1706,Nahar Industrial Enterprises Limited,NAHARINDUS,,NAHARINDUS.NS,https://www.screener.in/company/NAHARINDUS/consolidated/,2026-07-16,Saved Screener.in FII scan,511.0
1739,2200,Tera Software Limited,TERASOFT,,TERASOFT.NS,https://www.screener.in/company/TERASOFT/consolidated/,2026-07-16,Saved Screener.in FII scan,511.0
1740,1634,Mazda Limited,MAZDA,,MAZDA.NS,https://www.screener.in/company/MAZDA/consolidated/,2026-09-23,Yahoo Finance,510.34
1741,2752,Chavda Infra Limited,CHAVDA,,CHAVDA.NS,https://www.screener.in/company/CHAVDA/consolidated/,2026-09-23,Yahoo Finance,509.11
1742,1172,Elin Electronics Limited,ELIN,,ELIN.NS,https://www.screener.in/company/ELIN/consolidated/,2026-07-16,Saved Screener.in FII scan,508.0
1743,1824,Peninsula Land Limited,PENINLAND,,PENINLAND.NS,https://www.screener.in/company/PENINLAND/consolidated/,2026-07-16,Saved Screener.in FII scan,508.0
1744,1183,Entertainment Network (India) Limited,ENIL,,ENIL.NS,https://www.screener.in/company/ENIL/consolidated/,2026-07-16,Saved Screener.in FII scan,507.0
1745,2613,Effwa Infra & Research Limited,EFFWA,,EFFWA.NS,https://www.screener.in/company/EFFWA/consolidated/,2026-09-23,Yahoo Finance,506.92
1746,1259,GFL Limited,GFLLIMITED,,GFLLIMITED.NS,https://www.screener.in/company/GFLLIMITED/consolidated/,2026-07-16,Saved Screener.in FII scan,505.0
1747,2356,W S Industries (I) Limited,WSI,,WSI.NS,https://www.screener.in/company/WSI/consolidated/,2026-07-16,Saved Screener.in FII scan,504.0
1748,837,Albert David Limited,ALBERTDAVD,,ALBERTDAVD.NS,https://www.screener.in/company/ALBERTDAVD/consolidated/,2026-09-23,Yahoo Finance,501.4
1749,2628,GP Eco Solutions India Limited,GPECO,,GPECO.NS,https://www.screener.in/company/GPECO/consolidated/,2026-07-16,Saved Screener.in FII scan,499.0
1750,1960,Rushil Decor Limited,RUSHIL,,RUSHIL.NS,https://www.screener.in/company/RUSHIL/consolidated/,2026-07-16,Saved Screener.in FII scan,499.0
1751,2706,S J Logistics (India) Limited,SJLOGISTIC,,SJLOGISTIC.NS,https://www.screener.in/company/SJLOGISTIC/consolidated/,2026-07-16,Saved Screener.in FII scan,499.0
1752,1099,DCM Shriram Industries Limited,DCMSRIND,,DCMSRIND.NS,https://www.screener.in/company/DCMSRIND/consolidated/,2026-07-16,Saved Screener.in FII scan,495.0
1753,806,Advani Hotels & Resorts (India) Limited,ADVANIHOTR,,ADVANIHOTR.NS,https://www.screener.in/company/ADVANIHOTR/consolidated/,2026-07-16,Saved Screener.in FII scan,493.0
1754,1806,Pansari Developers Limited,PANSARI,,PANSARI.NS,https://www.screener.in/company/PANSARI/consolidated/,2026-07-16,Saved Screener.in FII scan,492.0
1755,790,A B Cotspin India Limited,ABCOTS,,ABCOTS.NS,https://www.screener.in/company/ABCOTS/consolidated/,2026-07-16,Saved Screener.in FII scan,490.0
1756,1076,CSL Finance Limited,CSLFINANCE,,CSLFINANCE.NS,https://www.screener.in/company/CSLFINANCE/consolidated/,2026-09-23,Yahoo Finance,487.87
1757,1835,Plastiblends India Limited,PLASTIBLEN,,PLASTIBLEN.NS,https://www.screener.in/company/PLASTIBLEN/consolidated/,2026-09-23,Yahoo Finance,487.3
1758,1503,Khaitan Chemicals & Fertilizers Limited,KHAICHEM,,KHAICHEM.NS,https://www.screener.in/company/KHAICHEM/consolidated/,2026-09-23,Yahoo Finance,486.21
1759,1660,Mirza International Limited,MIRZAINT,,MIRZAINT.NS,https://www.screener.in/company/MIRZAINT/consolidated/,2026-07-16,Saved Screener.in FII scan,483.0
1760,1190,Essar Shipping Limited,ESSARSHPNG,,ESSARSHPNG.NS,https://www.screener.in/company/ESSARSHPNG/consolidated/,2026-07-16,Saved Screener.in FII scan,480.0
1761,2743,Saakshi Medtech and Panels Limited,SAAKSHI,,SAAKSHI.NS,https://www.screener.in/company/SAAKSHI/consolidated/,2026-09-23,Yahoo Finance,479.45
1762,1784,Orient Bell Limited,ORIENTBELL,,ORIENTBELL.NS,https://www.screener.in/company/ORIENTBELL/consolidated/,2026-07-16,Saved Screener.in FII scan,479.0
1763,1897,Shree Rama Newsprint Limited,RAMANEWS,,RAMANEWS.NS,https://www.screener.in/company/RAMANEWS/consolidated/,2026-09-23,Yahoo Finance,478.73
1764,1068,Cords Cable Industries Limited,CORDSCABLE,,CORDSCABLE.NS,https://www.screener.in/company/CORDSCABLE/consolidated/,2026-09-23,Yahoo Finance,477.88
1765,1124,DIC India Limited,DICIND,,DICIND.NS,https://www.screener.in/company/DICIND/consolidated/,2026-07-16,Saved Screener.in FII scan,474.0
1766,2403,E To E Transportation Infrastructure Limited,E2ERAIL,,E2ERAIL.NS,https://www.screener.in/company/E2ERAIL/consolidated/,2026-07-16,Saved Screener.in FII scan,474.0
1767,1785,ORIENT CERATECH LIMITED,ORIENTCER,,ORIENTCER.NS,https://www.screener.in/company/ORIENTCER/consolidated/,2026-07-16,Saved Screener.in FII scan,474.0
1768,1486,Kanpur Plastipack Limited,KANPRPLA,,KANPRPLA.NS,https://www.screener.in/company/KANPRPLA/consolidated/,2026-07-16,Saved Screener.in FII scan,471.0
1769,1317,Gujarat Apollo Industries Limited,GUJAPOLLO,,GUJAPOLLO.NS,https://www.screener.in/company/GUJAPOLLO/consolidated/,2026-07-16,Saved Screener.in FII scan,467.0
1770,1619,Mangalam Organics Limited,MANORG,,MANORG.NS,https://www.screener.in/company/MANORG/consolidated/,2026-07-16,Saved Screener.in FII scan,465.0
1771,1996,Sarveshwar Foods Limited,SARVESHWAR,,SARVESHWAR.NS,https://www.screener.in/company/SARVESHWAR/consolidated/,2026-07-16,Saved Screener.in FII scan,465.0
1772,1127,DiGiSPICE Technologies Limited,DIGISPICE,,DIGISPICE.NS,https://www.screener.in/company/DIGISPICE/consolidated/,2026-07-16,Saved Screener.in FII scan,464.0
1773,1528,Kotyark Industries Limited,KOTYARK,,KOTYARK.NS,https://www.screener.in/company/KOTYARK/consolidated/,2026-07-16,Saved Screener.in FII scan,464.0
1774,1769,Omax Autos Limited,OMAXAUTO,,OMAXAUTO.NS,https://www.screener.in/company/OMAXAUTO/consolidated/,2026-07-16,Saved Screener.in FII scan,464.0
1775,1610,Manaksia Steels Limited,MANAKSTEEL,,MANAKSTEEL.NS,https://www.screener.in/company/MANAKSTEEL/consolidated/,2026-07-16,Saved Screener.in FII scan,463.0
1776,2480,Patil Automation Limited,PATILAUTOM,,PATILAUTOM.NS,https://www.screener.in/company/PATILAUTOM/consolidated/,2026-07-16,Saved Screener.in FII scan,463.0
1777,2254,The Ugar Sugar Works Limited,UGARSUGAR,,UGARSUGAR.NS,https://www.screener.in/company/UGARSUGAR/consolidated/,2026-07-16,Saved Screener.in FII scan,461.0
1778,1141,Donear Industries Limited,DONEAR,,DONEAR.NS,https://www.screener.in/company/DONEAR/consolidated/,2026-07-16,Saved Screener.in FII scan,460.0
1779,1572,Liberty Shoes Limited,LIBERTSHOE,,LIBERTSHOE.NS,https://www.screener.in/company/LIBERTSHOE/consolidated/,2026-07-16,Saved Screener.in FII scan,460.0
1780,951,Banswara Syntex Limited,BANSWRAS,,BANSWRAS.NS,https://www.screener.in/company/BANSWRAS/consolidated/,2026-07-16,Saved Screener.in FII scan,459.0
1781,1081,Cybertech Systems And Software Limited,CYBERTECH,,CYBERTECH.NS,https://www.screener.in/company/CYBERTECH/consolidated/,2026-07-16,Saved Screener.in FII scan,458.0
1782,956,B&B Triplewall Containers Limited,BBTCL,,BBTCL.NS,https://www.screener.in/company/BBTCL/consolidated/,2026-07-16,Saved Screener.in FII scan,455.0
1783,1964,S&S Power Switchgears Limited,S&SPOWER,,S&SPOWER.NS,https://www.screener.in/company/S&SPOWER/consolidated/,2026-07-16,Saved Screener.in FII scan,453.0
1784,1094,Dc Infotech And Communication Limited,DCI,,DCI.NS,https://www.screener.in/company/DCI/consolidated/,2026-07-16,Saved Screener.in FII scan,446.0
1785,878,Aries Agro Limited,ARIES,,ARIES.NS,https://www.screener.in/company/ARIES/consolidated/,2026-07-16,Saved Screener.in FII scan,444.0
1786,2082,Singer India Limited,SINGERIND,,SINGERIND.NS,https://www.screener.in/company/SINGERIND/consolidated/,2026-07-16,Saved Screener.in FII scan,444.0
1787,1000,BMW Ventures Limited,BMWVENTLTD,,BMWVENTLTD.NS,https://www.screener.in/company/BMWVENTLTD/consolidated/,2026-09-23,Yahoo Finance,443.98
1788,2076,SIL Investments Limited,SILINV,,SILINV.NS,https://www.screener.in/company/SILINV/consolidated/,2026-07-16,Saved Screener.in FII scan,443.0
1789,1176,Emami Realty Limited,EMAMIREAL,,EMAMIREAL.NS,https://www.screener.in/company/EMAMIREAL/consolidated/,2026-07-16,Saved Screener.in FII scan,442.0
1790,2183,Tara Chand InfraLogistic Solutions Limited,TARACHAND,,TARACHAND.NS,https://www.screener.in/company/TARACHAND/consolidated/,2026-07-16,Saved Screener.in FII scan,442.0
1791,2261,United Drilling Tools Limited,UNIDT,,UNIDT.NS,https://www.screener.in/company/UNIDT/consolidated/,2026-07-16,Saved Screener.in FII scan,439.0
1792,1720,NDL Ventures Limited,NDLVENTURE,,NDLVENTURE.NS,https://www.screener.in/company/NDLVENTURE/consolidated/,2026-07-16,Saved Screener.in FII scan,438.0
1793,2739,Newjaisa Technologies Limited,NEWJAISA,,NEWJAISA.NS,https://www.screener.in/company/NEWJAISA/consolidated/,2026-09-23,Yahoo Finance,437.79
1794,1898,Rama Phosphates Limited,RAMAPHO,,RAMAPHO.NS,https://www.screener.in/company/RAMAPHO/consolidated/,2026-09-23,Yahoo Finance,436.0
1795,2509,Maxvolt Energy Industries Limited,MAXVOLT,,MAXVOLT.NS,https://www.screener.in/company/MAXVOLT/consolidated/,2026-07-16,Saved Screener.in FII scan,429.0
1796,2004,Suratwwala Business Group Limited,SBGLP,,SBGLP.NS,https://www.screener.in/company/SBGLP/consolidated/,2026-07-16,Saved Screener.in FII scan,429.0
1797,2528,Ganesh Infraworld Limited,GANESHIN,,GANESHIN.NS,https://www.screener.in/company/GANESHIN/consolidated/,2026-07-16,Saved Screener.in FII scan,427.0
1798,1422,Inspirisys Solutions Limited,INSPIRISYS,,INSPIRISYS.NS,https://www.screener.in/company/INSPIRISYS/consolidated/,2026-07-16,Saved Screener.in FII scan,425.0
1799,1526,Kothari Products Limited,KOTHARIPRO,,KOTHARIPRO.NS,https://www.screener.in/company/KOTHARIPRO/consolidated/,2026-07-16,Saved Screener.in FII scan,424.0
1800,1323,GVK Power & Infrastructure Limited,GVKPIL,,GVKPIL.NS,https://www.screener.in/company/GVKPIL/consolidated/,2026-07-16,Saved Screener.in FII scan,423.0
1801,2034,Shalimar Paints Limited,SHALPAINTS,,SHALPAINTS.NS,https://www.screener.in/company/SHALPAINTS/consolidated/,2026-07-16,Saved Screener.in FII scan,423.0
1802,1111,De Nora India Limited,DENORA,,DENORA.NS,https://www.screener.in/company/DENORA/consolidated/,2026-09-23,Yahoo Finance,422.38
1803,2158,Suraj Limited,SURAJLTD,,SURAJLTD.NS,https://www.screener.in/company/SURAJLTD/consolidated/,2026-07-16,Saved Screener.in FII scan,422.0
1804,2487,Neptune Petrochemicals Limited,NEPTUNE,,NEPTUNE.NS,https://www.screener.in/company/NEPTUNE/consolidated/,2026-07-16,Saved Screener.in FII scan,421.0
1805,1328,HALEOS LABS LIMITED,HALEOSLABS,,HALEOSLABS.NS,https://www.screener.in/company/HALEOSLABS/consolidated/,2026-07-16,Saved Screener.in FII scan,420.0
1806,2431,Ecoline Exim Limited,ECOLINE,,ECOLINE.NS,https://www.screener.in/company/ECOLINE/consolidated/,2026-07-16,Saved Screener.in FII scan,419.0
1807,1194,Euro Panel Products Limited,EUROBOND,,EUROBOND.NS,https://www.screener.in/company/EUROBOND/consolidated/,2026-07-16,Saved Screener.in FII scan,418.0
1808,1887,Radiant Cash Management Services Limited,RADIANTCMS,,RADIANTCMS.NS,https://www.screener.in/company/RADIANTCMS/consolidated/,2026-07-16,Saved Screener.in FII scan,418.0
1809,2734,Vishnusurya Projects and Infra Limited,VISHNUINFR,,VISHNUINFR.NS,https://www.screener.in/company/VISHNUINFR/consolidated/,2026-07-16,Saved Screener.in FII scan,418.0
1810,1539,Kriti Nutrients Limited,KRITINUT,,KRITINUT.NS,https://www.screener.in/company/KRITINUT/consolidated/,2026-07-16,Saved Screener.in FII scan,417.0
1811,1705,Nahar Capital and Financial Services Limited,NAHARCAP,,NAHARCAP.NS,https://www.screener.in/company/NAHARCAP/consolidated/,2026-07-16,Saved Screener.in FII scan,413.0
1812,2031,Shah Metacorp Limited,SHAH,,SHAH.NS,https://www.screener.in/company/SHAH/consolidated/,2026-07-16,Saved Screener.in FII scan,413.0
1813,2226,Tolins Tyres Limited,TOLINS,,TOLINS.NS,https://www.screener.in/company/TOLINS/consolidated/,2026-07-16,Saved Screener.in FII scan,413.0
1814,2371,Zodiac Energy Limited,ZODIAC,,ZODIAC.NS,https://www.screener.in/company/ZODIAC/consolidated/,2026-07-16,Saved Screener.in FII scan,412.0
1815,2681,Atmastco Limited,ATMASTCO,,ATMASTCO.NS,https://www.screener.in/company/ATMASTCO/consolidated/,2026-07-16,Saved Screener.in FII scan,411.0
1816,2920,Gretex Industries Limited,GRETEX,,GRETEX.NS,https://www.screener.in/company/GRETEX/consolidated/,2026-07-16,Saved Screener.in FII scan,411.0
1817,2328,Vishnu Prakash R Punglia Limited,VPRPL,,VPRPL.NS,https://www.screener.in/company/VPRPL/consolidated/,2026-09-23,Yahoo Finance,410.84
1818,1285,Gokul Refoils and Solvent Limited,GOKUL,,GOKUL.NS,https://www.screener.in/company/GOKUL/consolidated/,2026-07-16,Saved Screener.in FII scan,409.0
1819,1645,Megastar Foods Limited,MEGASTAR,,MEGASTAR.NS,https://www.screener.in/company/MEGASTAR/consolidated/,2026-07-16,Saved Screener.in FII scan,408.0
1820,1463,Jinkushal Industries Limited,JKIPL,,JKIPL.NS,https://www.screener.in/company/JKIPL/consolidated/,2026-07-16,Saved Screener.in FII scan,407.0
1821,2314,Vinyl Chemicals (India) Limited,VINYLINDIA,,VINYLINDIA.NS,https://www.screener.in/company/VINYLINDIA/consolidated/,2026-09-23,Yahoo Finance,406.24
1822,1618,Manomay Tex India Limited,MANOMAY,,MANOMAY.NS,https://www.screener.in/company/MANOMAY/consolidated/,2026-09-23,Yahoo Finance,405.16
1823,1971,Sahyadri Industries Limited,SAHYADRI,,SAHYADRI.NS,https://www.screener.in/company/SAHYADRI/consolidated/,2026-09-23,Yahoo Finance,404.58
1824,1133,DJ Mediaprint & Logistics Limited,DJML,,DJML.NS,https://www.screener.in/company/DJML/consolidated/,2026-07-16,Saved Screener.in FII scan,404.0
1825,808,Artemis Electricals and Projects Limited,AEPL,,AEPL.NS,https://www.screener.in/company/AEPL/consolidated/,2026-07-16,Saved Screener.in FII scan,403.0
1826,2348,Wim Plast Limited,WIMPLAST,,WIMPLAST.NS,https://www.screener.in/company/WIMPLAST/consolidated/,2026-07-16,Saved Screener.in FII scan,402.0
1827,1227,Foods & Inns Limited,FOODSIN,,FOODSIN.NS,https://www.screener.in/company/FOODSIN/consolidated/,2026-07-16,Saved Screener.in FII scan,401.0
1828,1637,MBL Infrastructure Limited,MBLINFRA,,MBLINFRA.NS,https://www.screener.in/company/MBLINFRA/consolidated/,2026-07-16,Saved Screener.in FII scan,401.0
1829,793,ABM Knowledgeware Limited,ABMKNO,,ABMKNO.NS,https://www.screener.in/company/ABMKNO/consolidated/,2026-07-16,Saved Screener.in FII scan,400.0
1830,1624,Markolines Pavement Technologies Limited,MARKOLINES,,MARKOLINES.NS,https://www.screener.in/company/MARKOLINES/consolidated/,2026-07-16,Saved Screener.in FII scan,398.0
1831,1719,Nandan Denim Limited,NDL,,NDL.NS,https://www.screener.in/company/NDL/consolidated/,2026-09-23,Yahoo Finance,397.85
1832,2810,Shera Energy Limited,SHERA,,SHERA.NS,https://www.screener.in/company/SHERA/consolidated/,2026-07-16,Saved Screener.in FII scan,397.0
1833,954,Batliboi Limited,BATLIBOI,,BATLIBOI.NS,https://www.screener.in/company/BATLIBOI/consolidated/,2026-07-16,Saved Screener.in FII scan,394.0
1834,1339,HCL Infosystems Limited,HCL-INSYS,,HCL-INSYS.NS,https://www.screener.in/company/HCL-INSYS/consolidated/,2026-07-16,Saved Screener.in FII scan,394.0
1835,1578,Lords Chloro Alkali Limited,LORDSCHLO,,LORDSCHLO.NS,https://www.screener.in/company/LORDSCHLO/consolidated/,2026-09-23,Yahoo Finance,393.65
1836,1954,Rubfila International Limited,RUBFILA,,RUBFILA.NS,https://www.screener.in/company/RUBFILA/consolidated/,2026-07-16,Saved Screener.in FII scan,393.0
1837,2069,Sigma Solve Limited,SIGMA,,SIGMA.NS,https://www.screener.in/company/SIGMA/consolidated/,2026-07-16,Saved Screener.in FII scan,393.0
1838,797,Andhra Cements Limited,ACL,,ACL.NS,https://www.screener.in/company/ACL/consolidated/,2026-09-23,Yahoo Finance,392.47
1839,1768,Oil Country Tubular Limited,OILCOUNTUB,,OILCOUNTUB.NS,https://www.screener.in/company/OILCOUNTUB/consolidated/,2026-09-23,Yahoo Finance,390.48
1840,1389,IL&FS Engineering and Construction Company Limited,IL&FSENGG,,IL&FSENGG.NS,https://www.screener.in/company/IL&FSENGG/consolidated/,2026-07-16,Saved Screener.in FII scan,390.0
1841,1630,Mawana Sugars Limited,MAWANASUG,,MAWANASUG.NS,https://www.screener.in/company/MAWANASUG/consolidated/,2026-07-16,Saved Screener.in FII scan,390.0
1842,1740,Nimbus Projects Limited,NIMBSPROJ,,NIMBSPROJ.NS,https://www.screener.in/company/NIMBSPROJ/consolidated/,2026-07-16,Saved Screener.in FII scan,390.0
1843,2361,Xtglobal Infotech Limited,XTGLOBAL,,XTGLOBAL.NS,https://www.screener.in/company/XTGLOBAL/consolidated/,2026-07-16,Saved Screener.in FII scan,390.0
1844,1676,Mold-Tek Technologies Limited,MOLDTECH,,MOLDTECH.NS,https://www.screener.in/company/MOLDTECH/consolidated/,2026-07-16,Saved Screener.in FII scan,389.0
1845,1490,Kavveri Defence & Wireless Technologies Limited,KAVDEFENCE,,KAVDEFENCE.NS,https://www.screener.in/company/KAVDEFENCE/consolidated/,2026-07-16,Saved Screener.in FII scan,387.0
1846,2080,Sinclairs Hotels Limited,SINCLAIR,,SINCLAIR.NS,https://www.screener.in/company/SINCLAIR/consolidated/,2026-07-16,Saved Screener.in FII scan,387.0
1847,1609,Manaksia Limited,MANAKSIA,,MANAKSIA.NS,https://www.screener.in/company/MANAKSIA/consolidated/,2026-07-16,Saved Screener.in FII scan,386.0
1848,1800,PAKKA LIMITED,PAKKA,,PAKKA.NS,https://www.screener.in/company/PAKKA/consolidated/,2026-07-16,Saved Screener.in FII scan,384.0
1849,2329,Vraj Iron and Steel Limited,VRAJ,,VRAJ.NS,https://www.screener.in/company/VRAJ/consolidated/,2026-07-16,Saved Screener.in FII scan,384.0
1850,1679,Moneyboxx Finance Limited,MONEYBOXX,,MONEYBOXX.NS,https://www.screener.in/company/MONEYBOXX/consolidated/,2026-09-23,Yahoo Finance,383.67
1851,1385,Indogulf Cropsciences Limited,IGCL,,IGCL.NS,https://www.screener.in/company/IGCL/consolidated/,2026-07-16,Saved Screener.in FII scan,383.0
1852,964,Bella Casa Fashion & Retail Limited,BELLACASA,,BELLACASA.NS,https://www.screener.in/company/BELLACASA/consolidated/,2026-09-23,Yahoo Finance,380.37
1853,1491,Kaya Limited,KAYA,,KAYA.NS,https://www.screener.in/company/KAYA/consolidated/,2026-07-16,Saved Screener.in FII scan,380.0
1854,2180,Take Solutions Limited,TAKE,,TAKE.NS,https://www.screener.in/company/TAKE/consolidated/,2026-07-16,Saved Screener.in FII scan,378.0
1855,2272,Universus Photo Imagings Limited,UNIVPHOTO,,UNIVPHOTO.NS,https://www.screener.in/company/UNIVPHOTO/consolidated/,2026-07-16,Saved Screener.in FII scan,378.0
1856,922,AVG Logistics Limited,AVG,,AVG.NS,https://www.screener.in/company/AVG/consolidated/,2026-07-16,Saved Screener.in FII scan,377.0
1857,2043,Shemaroo Entertainment Limited,SHEMAROO,,SHEMAROO.NS,https://www.screener.in/company/SHEMAROO/consolidated/,2026-07-16,Saved Screener.in FII scan,377.0
1858,1698,Muthoot Capital Services Limited,MUTHOOTCAP,,MUTHOOTCAP.NS,https://www.screener.in/company/MUTHOOTCAP/consolidated/,2026-09-23,Yahoo Finance,374.53
1859,2213,Tiger Logistics (India) Limited,TIGERLOGS,,TIGERLOGS.NS,https://www.screener.in/company/TIGERLOGS/consolidated/,2026-07-16,Saved Screener.in FII scan,374.0
1860,1088,Davangere Sugar Company Limited,DAVANGERE,,DAVANGERE.NS,https://www.screener.in/company/DAVANGERE/consolidated/,2026-09-23,Yahoo Finance,373.1
1861,2046,Shivalik Rasayan Limited,SHIVALIK,,SHIVALIK.NS,https://www.screener.in/company/SHIVALIK/consolidated/,2026-07-16,Saved Screener.in FII scan,373.0
1862,2727,Committed Cargo Care Limited,COMMITTED,,COMMITTED.NS,https://www.screener.in/company/COMMITTED/consolidated/,2026-07-16,Saved Screener.in FII scan,370.0
1863,1332,Harrisons Malayalam Limited,HARRMALAYA,,HARRMALAYA.NS,https://www.screener.in/company/HARRMALAYA/consolidated/,2026-07-16,Saved Screener.in FII scan,369.0
1864,918,Autoline Industries Limited,AUTOIND,,AUTOIND.NS,https://www.screener.in/company/AUTOIND/consolidated/,2026-07-16,Saved Screener.in FII scan,368.0
1865,1072,Career Point Edutech Limited,CPEDU,,CPEDU.NS,https://www.screener.in/company/CPEDU/consolidated/,2026-07-16,Saved Screener.in FII scan,368.0
1866,1264,Ginni Filaments Limited,GINNIFILA,,GINNIFILA.NS,https://www.screener.in/company/GINNIFILA/consolidated/,2026-09-23,Yahoo Finance,367.87
1867,1537,Kriti Industries (India) Limited,KRITI,,KRITI.NS,https://www.screener.in/company/KRITI/consolidated/,2026-07-16,Saved Screener.in FII scan,364.0
1868,1281,Goa Carbon Limited,GOACARBON,,GOACARBON.NS,https://www.screener.in/company/GOACARBON/consolidated/,2026-07-16,Saved Screener.in FII scan,360.0
1869,1500,Kesoram Industries Limited,KESORAMIND,,KESORAMIND.NS,https://www.screener.in/company/KESORAMIND/consolidated/,2026-07-16,Saved Screener.in FII scan,360.0
1870,1147,Dreamfolks Services Limited,DREAMFOLKS,,DREAMFOLKS.NS,https://www.screener.in/company/DREAMFOLKS/consolidated/,2026-07-16,Saved Screener.in FII scan,358.0
1871,2282,Valiant Laboratories Limited,VALIANTLAB,,VALIANTLAB.NS,https://www.screener.in/company/VALIANTLAB/consolidated/,2026-07-16,Saved Screener.in FII scan,358.0
1872,2391,Yaap Digital Limited,YAAP,,YAAP.NS,https://www.screener.in/company/YAAP/consolidated/,2026-07-16,Saved Screener.in FII scan,358.0
1873,2284,Vardhman Acrylics Limited,VARDHACRLC,,VARDHACRLC.NS,https://www.screener.in/company/VARDHACRLC/consolidated/,2026-09-23,Yahoo Finance,357.46
1874,776,3i Infotech Limited,3IINFOLTD,,3IINFOLTD.NS,https://www.screener.in/company/3IINFOLTD/consolidated/,2026-07-16,Saved Screener.in FII scan,356.0
1875,2653,Creative Graphics Solutions India Limited,CGRAPHICS,,CGRAPHICS.NS,https://www.screener.in/company/CGRAPHICS/consolidated/,2026-07-16,Saved Screener.in FII scan,355.0
1876,1789,Orient Paper & Industries Limited,ORIENTPPR,,ORIENTPPR.NS,https://www.screener.in/company/ORIENTPPR/consolidated/,2026-07-16,Saved Screener.in FII scan,355.0
1877,2231,Tracxn Technologies Limited,TRACXN,,TRACXN.NS,https://www.screener.in/company/TRACXN/consolidated/,2026-09-23,Yahoo Finance,352.42
1878,2233,TRANSWORLD SHIPPING LINES LIMITED,TRANSWORLD,,TRANSWORLD.NS,https://www.screener.in/company/TRANSWORLD/consolidated/,2026-07-16,Saved Screener.in FII scan,351.0
1879,813,Akme Fintrade (India) Limited,AFIL,,AFIL.NS,https://www.screener.in/company/AFIL/consolidated/,2026-09-23,Yahoo Finance,350.79
1880,2745,Hi-Green Carbon Limited,HIGREEN,,HIGREEN.NS,https://www.screener.in/company/HIGREEN/consolidated/,2026-07-16,Saved Screener.in FII scan,350.0
1881,1603,Majestic Auto Limited,MAJESAUT,,MAJESAUT.NS,https://www.screener.in/company/MAJESAUT/consolidated/,2026-07-16,Saved Screener.in FII scan,350.0
1882,2211,Thomas Scott (India) Limited,THOMASCOTT,,THOMASCOTT.NS,https://www.screener.in/company/THOMASCOTT/consolidated/,2026-09-23,Yahoo Finance,349.28
1883,1478,Kalyani Forge Limited,KALYANIFRG,,KALYANIFRG.NS,https://www.screener.in/company/KALYANIFRG/consolidated/,2026-09-23,Yahoo Finance,348.37
1884,1252,Geekay Wires Limited,GEEKAYWIRE,,GEEKAYWIRE.NS,https://www.screener.in/company/GEEKAYWIRE/consolidated/,2026-09-23,Yahoo Finance,347.53
1885,962,Bedmutha Industries Limited,BEDMUTHA,,BEDMUTHA.NS,https://www.screener.in/company/BEDMUTHA/consolidated/,2026-07-16,Saved Screener.in FII scan,347.0
1886,1643,Medicamen Biotech Limited,MEDICAMEQ,,MEDICAMEQ.NS,https://www.screener.in/company/MEDICAMEQ/consolidated/,2026-07-16,Saved Screener.in FII scan,347.0
1887,2235,TREJHARA SOLUTIONS LIMITED,TREJHARA,,TREJHARA.NS,https://www.screener.in/company/TREJHARA/consolidated/,2026-07-16,Saved Screener.in FII scan,346.0
1888,1114,Dev Accelerator Limited,DEVX,,DEVX.NS,https://www.screener.in/company/DEVX/consolidated/,2026-07-16,Saved Screener.in FII scan,344.0
1889,1848,PPAP Automotive Limited,PPAP,,PPAP.NS,https://www.screener.in/company/PPAP/consolidated/,2026-07-16,Saved Screener.in FII scan,344.0
1890,908,Atal Realtech Limited,ATALREAL,,ATALREAL.NS,https://www.screener.in/company/ATALREAL/consolidated/,2026-07-16,Saved Screener.in FII scan,343.0
1891,2493,Virtual Galaxy Infotech Limited,VGINFOTECH,,VGINFOTECH.NS,https://www.screener.in/company/VGINFOTECH/consolidated/,2026-07-16,Saved Screener.in FII scan,343.0
1892,783,Aarey Drugs & Pharmaceuticals Limited,AAREYDRUGS,,AAREYDRUGS.NS,https://www.screener.in/company/AAREYDRUGS/consolidated/,2026-09-23,Yahoo Finance,342.32
1893,2592,Dhariwalcorp Limited,DHARIWAL,,DHARIWAL.NS,https://www.screener.in/company/DHARIWAL/consolidated/,2026-07-16,Saved Screener.in FII scan,338.0
1894,1647,Menon Pistons Limited,MENNPIS,,MENNPIS.NS,https://www.screener.in/company/MENNPIS/consolidated/,2026-07-16,Saved Screener.in FII scan,338.0
1895,2710,Sheetal Universal Limited,SHEETAL,,SHEETAL.NS,https://www.screener.in/company/SHEETAL/consolidated/,2026-07-16,Saved Screener.in FII scan,338.0
1896,2299,VARVEE GLOBAL LIMITED,VGL,,VGL.NS,https://www.screener.in/company/VGL/consolidated/,2026-07-16,Saved Screener.in FII scan,337.0
1897,1351,Highway Infrastructure Limited,HILINFRA,,HILINFRA.NS,https://www.screener.in/company/HILINFRA/consolidated/,2026-07-16,Saved Screener.in FII scan,335.0
1898,2797,Mos Utility Limited,MOS,,MOS.NS,https://www.screener.in/company/MOS/consolidated/,2026-07-16,Saved Screener.in FII scan,335.0
1899,2296,Vertoz Limited,VERTOZ,,VERTOZ.NS,https://www.screener.in/company/VERTOZ/consolidated/,2026-07-16,Saved Screener.in FII scan,335.0
1900,1598,Mahindra EPC Irrigation Limited,MAHEPC,,MAHEPC.NS,https://www.screener.in/company/MAHEPC/consolidated/,2026-07-16,Saved Screener.in FII scan,334.0
1901,2800,Nirman Agri Genetics Limited,NIRMAN,,NIRMAN.NS,https://www.screener.in/company/NIRMAN/consolidated/,2026-09-23,Yahoo Finance,333.0
1902,1931,RMC Switchgears Limited,RMC,,RMC.NS,https://www.screener.in/company/RMC/consolidated/,2026-07-16,Saved Screener.in FII scan,333.0
1903,1057,Coastal Corporation Limited,COASTCORP,,COASTCORP.NS,https://www.screener.in/company/COASTCORP/consolidated/,2026-07-16,Saved Screener.in FII scan,332.0
1904,2458,Cash Ur Drive Marketing Limited,CUDML,,CUDML.NS,https://www.screener.in/company/CUDML/consolidated/,2026-07-16,Saved Screener.in FII scan,331.0
1905,871,Apollo Sindoori Hotels Limited,APOLSINHOT,,APOLSINHOT.NS,https://www.screener.in/company/APOLSINHOT/consolidated/,2026-07-16,Saved Screener.in FII scan,328.0
1906,2750,Madhusudan Masala Limited,MADHUSUDAN,,MADHUSUDAN.NS,https://www.screener.in/company/MADHUSUDAN/consolidated/,2026-07-16,Saved Screener.in FII scan,328.0
1907,2285,Vardhman Polytex Limited,VARDMNPOLY,,VARDMNPOLY.NS,https://www.screener.in/company/VARDMNPOLY/consolidated/,2026-07-16,Saved Screener.in FII scan,328.0
1908,2805,Systango Technologies Limited,SYSTANGO,,SYSTANGO.NS,https://www.screener.in/company/SYSTANGO/consolidated/,2026-07-16,Saved Screener.in FII scan,327.0
1909,1370,HP Adhesives Limited,HPAL,,HPAL.NS,https://www.screener.in/company/HPAL/consolidated/,2026-07-16,Saved Screener.in FII scan,326.0
1910,1669,Modi Rubber Limited,MODIRUBBER,,MODIRUBBER.NS,https://www.screener.in/company/MODIRUBBER/consolidated/,2026-07-16,Saved Screener.in FII scan,326.0
1911,2669,Shree Karni Fabcom Limited,SHREEKARNI,,SHREEKARNI.NS,https://www.screener.in/company/SHREEKARNI/consolidated/,2026-07-16,Saved Screener.in FII scan,326.0
1912,2270,Univastu India Limited,UNIVASTU,,UNIVASTU.NS,https://www.screener.in/company/UNIVASTU/consolidated/,2026-07-16,Saved Screener.in FII scan,326.0
1913,2902,Felix Industries Limited,FELIX,,FELIX.NS,https://www.screener.in/company/FELIX/consolidated/,2026-07-16,Saved Screener.in FII scan,323.0
1914,1846,Ponni Sugars (Erode) Limited,PONNIERODE,,PONNIERODE.NS,https://www.screener.in/company/PONNIERODE/consolidated/,2026-09-23,Yahoo Finance,322.66
1915,1771,Om Freight Forwarders Limited,OMFREIGHT,,OMFREIGHT.NS,https://www.screener.in/company/OMFREIGHT/consolidated/,2026-07-16,Saved Screener.in FII scan,322.0
1916,1945,R.P.P. Infra Projects Limited,RPPINFRA,,RPPINFRA.NS,https://www.screener.in/company/RPPINFRA/consolidated/,2026-07-16,Saved Screener.in FII scan,320.0
1917,2782,Urban Enviro Waste Management Limited,URBAN,,URBAN.NS,https://www.screener.in/company/URBAN/consolidated/,2026-09-23,Yahoo Finance,319.77
1918,911,ATLANTAA LIMITED,ATLANTAA,,ATLANTAA.NS,https://www.screener.in/company/ATLANTAA/consolidated/,2026-07-16,Saved Screener.in FII scan,319.0
1919,867,Anjani Portland Cement Limited,APCL,,APCL.NS,https://www.screener.in/company/APCL/consolidated/,2026-07-16,Saved Screener.in FII scan,318.0
1920,2111,Spencer's Retail Limited,SPENCERS,,SPENCERS.NS,https://www.screener.in/company/SPENCERS/consolidated/,2026-07-16,Saved Screener.in FII scan,318.0
1921,1090,Deepak Builders & Engineers India Limited,DBEIL,,DBEIL.NS,https://www.screener.in/company/DBEIL/consolidated/,2026-09-23,Yahoo Finance,316.75
1922,2815,Anlon Technology Solutions Limited,ANLON,,ANLON.NS,https://www.screener.in/company/ANLON/consolidated/,2026-09-23,Yahoo Finance,316.52
1923,2501,Grand Continent Hotels Limited,GCHOTELS,,GCHOTELS.NS,https://www.screener.in/company/GCHOTELS/consolidated/,2026-07-16,Saved Screener.in FII scan,316.0
1924,1957,Ruchira Papers Limited,RUCHIRA,,RUCHIRA.NS,https://www.screener.in/company/RUCHIRA/consolidated/,2026-09-23,Yahoo Finance,315.67
1925,2385,Adisoft Technologies Limited,ADISOFT,,ADISOFT.NS,https://www.screener.in/company/ADISOFT/consolidated/,2026-07-16,Saved Screener.in FII scan,314.0
1926,2397,Brandman Retail Limited,BRANDMAN,,BRANDMAN.NS,https://www.screener.in/company/BRANDMAN/consolidated/,2026-07-16,Saved Screener.in FII scan,314.0
1927,1711,Nath Bio-Genes (India) Limited,NATHBIOGEN,,NATHBIOGEN.NS,https://www.screener.in/company/NATHBIOGEN/consolidated/,2026-07-16,Saved Screener.in FII scan,314.0
1928,787,Aarti Surfactants Limited,AARTISURF,,AARTISURF.NS,https://www.screener.in/company/AARTISURF/consolidated/,2026-07-16,Saved Screener.in FII scan,313.0
1929,2732,Goyal Salt Limited,GOYALSALT,,GOYALSALT.NS,https://www.screener.in/company/GOYALSALT/consolidated/,2026-09-23,Yahoo Finance,312.54
1930,2798,Infinium Pharmachem Limited,INFINIUM,,INFINIUM.NS,https://www.screener.in/company/INFINIUM/consolidated/,2026-07-16,Saved Screener.in FII scan,312.0
1931,1387,Industrial Investment Trust Limited,IITL,,IITL.NS,https://www.screener.in/company/IITL/consolidated/,2026-07-16,Saved Screener.in FII scan,311.0
1932,2617,Akiko Global Services Limited,AKIKO,,AKIKO.NS,https://www.screener.in/company/AKIKO/consolidated/,2026-07-16,Saved Screener.in FII scan,308.0
1933,2896,Giriraj Civil Developers Limited,GIRIRAJ,,GIRIRAJ.NS,https://www.screener.in/company/GIRIRAJ/consolidated/,2026-07-16,Saved Screener.in FII scan,307.0
1934,2823,Arham Technologies Limited,ARHAM,,ARHAM.NS,https://www.screener.in/company/ARHAM/consolidated/,2026-07-16,Saved Screener.in FII scan,305.0
1935,1256,Genus Paper & Boards Limited,GENUSPAPER,,GENUSPAPER.NS,https://www.screener.in/company/GENUSPAPER/consolidated/,2026-07-16,Saved Screener.in FII scan,305.0
1936,2636,Hoac Foods India Limited,HOACFOODS,,HOACFOODS.NS,https://www.screener.in/company/HOACFOODS/consolidated/,2026-07-16,Saved Screener.in FII scan,304.0
1937,2035,Shankara Building Products Limited,SHANKARA,,SHANKARA.NS,https://www.screener.in/company/SHANKARA/consolidated/,2026-07-16,Saved Screener.in FII scan,304.0
1938,2620,Mason Infratech Limited,MASON,,MASON.NS,https://www.screener.in/company/MASON/consolidated/,2026-07-16,Saved Screener.in FII scan,302.0
1939,2100,Soma Textiles & Industries Limited,SOMATEX,,SOMATEX.NS,https://www.screener.in/company/SOMATEX/consolidated/,2026-07-16,Saved Screener.in FII scan,301.0
1940,1923,Robust Hotels Limited,RHL,,RHL.NS,https://www.screener.in/company/RHL/consolidated/,2026-09-23,Yahoo Finance,299.32
1941,1843,Poddar Pigments Limited,PODDARMENT,,PODDARMENT.NS,https://www.screener.in/company/PODDARMENT/consolidated/,2026-09-23,Yahoo Finance,298.99
1942,1203,Exxaro Tiles Limited,EXXARO,,EXXARO.NS,https://www.screener.in/company/EXXARO/consolidated/,2026-07-16,Saved Screener.in FII scan,298.0
1943,2824,Baheti Recycling Industries Limited,BAHETI,,BAHETI.NS,https://www.screener.in/company/BAHETI/consolidated/,2026-09-23,Yahoo Finance,296.69
1944,893,Asahi Songwon Colors Limited,ASAHISONG,,ASAHISONG.NS,https://www.screener.in/company/ASAHISONG/consolidated/,2026-07-16,Saved Screener.in FII scan,296.0
1945,1736,Nila Infrastructures Limited,NILAINFRA,,NILAINFRA.NS,https://www.screener.in/company/NILAINFRA/consolidated/,2026-07-16,Saved Screener.in FII scan,295.0
1946,1934,R&B Denims Limited,RNBDENIMS,,RNBDENIMS.NS,https://www.screener.in/company/RNBDENIMS/consolidated/,2026-07-16,Saved Screener.in FII scan,295.0
1947,2871,Jainam Ferro Alloys (I) Limited,JAINAM,,JAINAM.NS,https://www.screener.in/company/JAINAM/consolidated/,2026-07-16,Saved Screener.in FII scan,293.0
1948,1566,Le Merite Exports Limited,LEMERITE,,LEMERITE.NS,https://www.screener.in/company/LEMERITE/consolidated/,2026-07-16,Saved Screener.in FII scan,293.0
1949,2816,Rbm Infracon Limited,RBMINFRA,,RBMINFRA.NS,https://www.screener.in/company/RBMINFRA/consolidated/,2026-07-16,Saved Screener.in FII scan,292.0
1950,1326,Halder Venture Limited,HALDER,,HALDER.NS,https://www.screener.in/company/HALDER/consolidated/,2026-07-16,Saved Screener.in FII scan,291.0
1951,1156,Dynemic Products Limited,DYNPRO,,DYNPRO.NS,https://www.screener.in/company/DYNPRO/consolidated/,2026-07-16,Saved Screener.in FII scan,290.0
1952,2611,Sahaj Solar Limited,SAHAJSOLAR,,SAHAJSOLAR.NS,https://www.screener.in/company/SAHAJSOLAR/consolidated/,2026-07-16,Saved Screener.in FII scan,290.0
1953,1976,Sakuma Exports Limited,SAKUMA,,SAKUMA.NS,https://www.screener.in/company/SAKUMA/consolidated/,2026-07-16,Saved Screener.in FII scan,290.0
1954,924,Avonmore Capital & Management Services Limited,AVONMORE,,AVONMORE.NS,https://www.screener.in/company/AVONMORE/consolidated/,2026-07-16,Saved Screener.in FII scan,289.0
1955,928,Axita Cotton Limited,AXITA,,AXITA.NS,https://www.screener.in/company/AXITA/consolidated/,2026-07-16,Saved Screener.in FII scan,289.0
1956,2869,Dynamic Services & Security Limited,DYNAMIC,,DYNAMIC.NS,https://www.screener.in/company/DYNAMIC/consolidated/,2026-07-16,Saved Screener.in FII scan,289.0
1957,2777,Essen Speciality Films Limited,ESFL,,ESFL.NS,https://www.screener.in/company/ESFL/consolidated/,2026-07-16,Saved Screener.in FII scan,289.0
1958,2563,Pelatro Limited,PELATRO,,PELATRO.NS,https://www.screener.in/company/PELATRO/consolidated/,2026-07-16,Saved Screener.in FII scan,289.0
1959,2365,Zee Learn Limited,ZEELEARN,,ZEELEARN.NS,https://www.screener.in/company/ZEELEARN/consolidated/,2026-07-16,Saved Screener.in FII scan,288.0
1960,2601,Aprameya Engineering Limited,APRAMEYA,,APRAMEYA.NS,https://www.screener.in/company/APRAMEYA/consolidated/,2026-07-16,Saved Screener.in FII scan,287.0
1961,1288,AION-TECH SOLUTIONS LIMITED,GOLDTECH,,GOLDTECH.NS,https://www.screener.in/company/GOLDTECH/consolidated/,2026-07-16,Saved Screener.in FII scan,287.0
1962,898,Ashima Limited,ASHIMASYN,,ASHIMASYN.NS,https://www.screener.in/company/ASHIMASYN/consolidated/,2026-07-16,Saved Screener.in FII scan,286.0
1963,1179,Empower India Limited,EMPOWER,,EMPOWER.NS,https://www.screener.in/company/EMPOWER/consolidated/,2026-07-16,Saved Screener.in FII scan,286.0
1964,2819,Arihant Academy Limited,ARIHANTACA,,ARIHANTACA.NS,https://www.screener.in/company/ARIHANTACA/consolidated/,2026-07-16,Saved Screener.in FII scan,284.0
1965,2837,Annapurna Swadisht Limited,ANNAPURNA,,ANNAPURNA.NS,https://www.screener.in/company/ANNAPURNA/consolidated/,2026-07-16,Saved Screener.in FII scan,283.0
1966,2733,Oneclick Logistics India Limited,OLIL,,OLIL.NS,https://www.screener.in/company/OLIL/consolidated/,2026-07-16,Saved Screener.in FII scan,282.0
1967,2127,Starteck Finance Limited,STARTECK,,STARTECK.NS,https://www.screener.in/company/STARTECK/consolidated/,2026-07-16,Saved Screener.in FII scan,282.0
1968,2847,Upsurge Seeds Of Agriculture Limited,USASEEDS,,USASEEDS.NS,https://www.screener.in/company/USASEEDS/consolidated/,2026-09-23,Yahoo Finance,281.43
1969,2822,All E Technologies Limited,ALLETEC,,ALLETEC.NS,https://www.screener.in/company/ALLETEC/consolidated/,2026-07-16,Saved Screener.in FII scan,281.0
1970,2427,Suba Hotels Limited,SUBAHOTELS,,SUBAHOTELS.NS,https://www.screener.in/company/SUBAHOTELS/consolidated/,2026-07-16,Saved Screener.in FII scan,281.0
1971,2857,Cool Caps Industries Limited,COOLCAPS,,COOLCAPS.NS,https://www.screener.in/company/COOLCAPS/consolidated/,2026-07-16,Saved Screener.in FII scan,280.0
1972,1650,Mercantile Ventures Limited,MERCANTILE,,MERCANTILE.NS,https://www.screener.in/company/MERCANTILE/consolidated/,2026-07-16,Saved Screener.in FII scan,280.0
1973,1962,Ravinder Heights Limited,RVHL,,RVHL.NS,https://www.screener.in/company/RVHL/consolidated/,2026-07-16,Saved Screener.in FII scan,280.0
1974,2829,Phantom Digital Effects Limited,PHANTOMFX,,PHANTOMFX.NS,https://www.screener.in/company/PHANTOMFX/consolidated/,2026-07-16,Saved Screener.in FII scan,279.0
1975,1914,Remsons Industries Limited,REMSONSIND,,REMSONSIND.NS,https://www.screener.in/company/REMSONSIND/consolidated/,2026-07-16,Saved Screener.in FII scan,278.0
1976,1097,DCM Nouvelle Limited,DCMNVL,,DCMNVL.NS,https://www.screener.in/company/DCMNVL/consolidated/,2026-07-16,Saved Screener.in FII scan,276.0
1977,2053,Shradha Realty Limited,SHRADHA,,SHRADHA.NS,https://www.screener.in/company/SHRADHA/consolidated/,2026-07-16,Saved Screener.in FII scan,275.0
1978,1837,Plaza Wires Limited,PLAZACABLE,,PLAZACABLE.NS,https://www.screener.in/company/PLAZACABLE/consolidated/,2026-09-23,Yahoo Finance,274.94
1979,2253,UFO Moviez India Limited,UFO,,UFO.NS,https://www.screener.in/company/UFO/consolidated/,2026-07-16,Saved Screener.in FII scan,274.0
1980,2680,Interiors & More Limited,INM,,INM.NS,https://www.screener.in/company/INM/consolidated/,2026-07-16,Saved Screener.in FII scan,273.0
1981,2103,SONAM LIMITED,SONAMLTD,,SONAMLTD.NS,https://www.screener.in/company/SONAMLTD/consolidated/,2026-09-23,Yahoo Finance,272.3
1982,798,ACS Technologies Limited,ACSTECH,,ACSTECH.NS,https://www.screener.in/company/ACSTECH/consolidated/,2026-07-16,Saved Screener.in FII scan,271.0
1983,1050,Cineline India Limited,CINELINE,,CINELINE.NS,https://www.screener.in/company/CINELINE/consolidated/,2026-07-16,Saved Screener.in FII scan,271.0
1984,2248,UCAL LIMITED,UCAL,,UCAL.NS,https://www.screener.in/company/UCAL/consolidated/,2026-07-16,Saved Screener.in FII scan,271.0
1985,1644,Medico Remedies Limited,MEDICO,,MEDICO.NS,https://www.screener.in/company/MEDICO/consolidated/,2026-09-23,Yahoo Finance,270.94
1986,2723,On Door Concepts Limited,ONDOOR,,ONDOOR.NS,https://www.screener.in/company/ONDOOR/consolidated/,2026-09-23,Yahoo Finance,270.79
1987,1011,BPL Limited,BPL,,BPL.NS,https://www.screener.in/company/BPL/consolidated/,2026-07-16,Saved Screener.in FII scan,270.0
1988,2306,Vikas Lifecare Limited,VIKASLIFE,,VIKASLIFE.NS,https://www.screener.in/company/VIKASLIFE/consolidated/,2026-07-16,Saved Screener.in FII scan,269.0
1989,2500,Active Infrastructures Limited,ACTIVEINFR,,ACTIVEINFR.NS,https://www.screener.in/company/ACTIVEINFR/consolidated/,2026-07-16,Saved Screener.in FII scan,268.0
1990,811,Aeroflex Neu Limited,AERONEU,,AERONEU.NS,https://www.screener.in/company/AERONEU/consolidated/,2026-07-16,Saved Screener.in FII scan,267.0
1991,1053,CL Educate Limited,CLEDUCATE,,CLEDUCATE.NS,https://www.screener.in/company/CLEDUCATE/consolidated/,2026-07-16,Saved Screener.in FII scan,267.0
1992,2161,Surana Telecom and Power Limited,SURANAT&P,,SURANAT&P.NS,https://www.screener.in/company/SURANAT&P/consolidated/,2026-07-16,Saved Screener.in FII scan,267.0
1993,891,Arvee Laboratories (India) Limited,ARVEE,,ARVEE.NS,https://www.screener.in/company/ARVEE/consolidated/,2026-09-23,Yahoo Finance,266.88
1994,2148,Sundaram Brake Linings Limited,SUNDRMBRAK,,SUNDRMBRAK.NS,https://www.screener.in/company/SUNDRMBRAK/consolidated/,2026-09-23,Yahoo Finance,266.19
1995,2722,Paragon Fine and Speciality Chemical Limited,PARAGON,,PARAGON.NS,https://www.screener.in/company/PARAGON/consolidated/,2026-09-23,Yahoo Finance,266.1
1996,1585,Lyka Labs Limited,LYKALABS,,LYKALABS.NS,https://www.screener.in/company/LYKALABS/consolidated/,2026-07-16,Saved Screener.in FII scan,266.0
1997,2463,Spunweb Nonwoven Limited,SPUNWEB,,SPUNWEB.NS,https://www.screener.in/company/SPUNWEB/consolidated/,2026-07-16,Saved Screener.in FII scan,266.0
1998,2553,TechEra Engineering (India) Limited,TECHERA,,TECHERA.NS,https://www.screener.in/company/TECHERA/consolidated/,2026-07-16,Saved Screener.in FII scan,266.0
1999,2278,U. Y. Fincorp Limited,UYFINCORP,,UYFINCORP.NS,https://www.screener.in/company/UYFINCORP/consolidated/,2026-07-16,Saved Screener.in FII scan,266.0
2000,2670,Sona Machinery Limited,SONAMAC,,SONAMAC.NS,https://www.screener.in/company/SONAMAC/consolidated/,2026-09-23,Yahoo Finance,265.7
