input_row,company,ticker,industry,status,reason,probability_up,probability_down,rank,issuer_isin,basis,last_report_period,last_net_profit_cr,last_xbrl_available_ist,history_quarters,missing_financial_features,recent_profit_up_share,target_period_end,as_of_ist
181,F A C T,FACT.NS,Fertilizers,Scored,,0.888213580479628,0.11178641952037205,1,INE188A01015,STANDALONE,2026-06-30,-61.94,2026-08-14T17:51:05+05:30,6,4,0.0,2026-09-30,2026-10-02T00:00:00+05:30
1828,Pilani Investment and Industries Corporation Limited,PILANIINVS.NS,Unspecified,Scored,,0.8870041939818082,0.11299580601819181,2,INE417C01014,CONSOLIDATED,2026-06-30,-47.2549,2026-08-14T16:44:06+05:30,26,0,0.5,2026-09-30,2026-10-02T00:00:00+05:30
1101,DCX Systems Limited,DCXINDIA.NS,Unspecified,Scored,,0.8848561234773072,0.11514387652269276,3,INE0KL801015,CONSOLIDATED,2026-06-30,-8.657,2026-08-12T18:21:11+05:30,16,0,0.5,2026-09-30,2026-10-02T00:00:00+05:30
779,63 moons technologies limited,63MOONS.NS,Unspecified,Scored,,0.8802206626226364,0.11977933737736357,4,INE111B01023,CONSOLIDATED,2026-06-30,-47.5598,2026-08-12T17:19:19+05:30,24,1,0.0,2026-09-30,2026-10-02T00:00:00+05:30
173,Adani Enterp.,ADANIENT.NS,Diversified,Scored,,0.8783378499129048,0.12166215008709524,5,INE423A01024,CONSOLIDATED,2026-06-30,-1461.54,2026-07-29T19:44:05+05:30,29,0,0.5,2026-09-30,2026-10-02T00:00:00+05:30
2027,Synergy Green Industries Limited,SGIL.NS,Unspecified,Scored,,0.8744033129604001,0.12559668703959992,6,INE00QT01015,CONSOLIDATED,2026-06-30,-10.1098,2026-08-13T14:21:15+05:30,2,4,0.0,2026-09-30,2026-10-02T00:00:00+05:30
440,Piramal Pharma Ltd.,PPLPHARMA.NS,Healthcare,Scored,,0.866480832536065,0.133519167463935,7,INE0DK501011,CONSOLIDATED,2026-06-30,-69.39,2026-07-29T20:56:09+05:30,16,0,0.25,2026-09-30,2026-10-02T00:00:00+05:30
1732,NIBE Limited,NIBE.NS,Unspecified,Scored,,0.8591991326605288,0.14080086733947117,8,INE149O01018,CONSOLIDATED,2026-06-30,-11.9974,2026-08-14T20:11:14+05:30,7,0,0.25,2026-09-30,2026-10-02T00:00:00+05:30
2224,Tamilnadu Telecommunication Limited,TNTELE.NS,Unspecified,Scored,,0.856530826962317,0.14346917303768303,9,INE141D01018,STANDALONE,2026-06-30,-3413.36,2026-08-17T05:54:09+05:30,22,2,0.5,2026-09-30,2026-10-02T00:00:00+05:30
1349,Hinduja Global Solutions Limited,HGS.NS,Unspecified,Scored,,0.8537976973697514,0.14620230263024858,10,INE170I01016,CONSOLIDATED,2026-06-30,-66.26,2026-08-07T19:38:22+05:30,29,0,0.25,2026-09-30,2026-10-02T00:00:00+05:30
228,Eternal,ETERNAL.NS,Unspecified,Scored,,0.8442126482363829,0.15578735176361713,11,INE758T01015,CONSOLIDATED,2026-06-30,92.0,2026-07-22T19:17:12+05:30,21,0,0.75,2026-09-30,2026-10-02T00:00:00+05:30
511,AXISCADES Technologies Ltd.,AXISCADES.NS,Capital Goods,Scored,,0.8399091255161216,0.16009087448387838,12,INE555B01013,CONSOLIDATED,2026-06-30,-14.7596,2026-08-13T18:16:11+05:30,30,0,0.5,2026-09-30,2026-10-02T00:00:00+05:30
870,Apollo Pipes Limited,APOLLOPIPE.NS,Unspecified,Scored,,0.8376348528956585,0.16236514710434147,13,INE126J01016,CONSOLIDATED,2026-06-30,-11.1149,2026-07-30T18:00:42+05:30,9,0,0.0,2026-09-30,2026-10-02T00:00:00+05:30
302,Cohance Lifesciences Ltd.,COHANCE.NS,Healthcare,Scored,,0.8348564734330478,0.1651435265669522,14,INE03QK01018,CONSOLIDATED,2026-06-30,-45.19,2026-08-05T20:15:07+05:30,24,0,0.0,2026-09-30,2026-10-02T00:00:00+05:30
1680,Monte Carlo Fashions Limited,MONTECARLO.NS,Unspecified,Scored,,0.834780761745613,0.165219238254387,15,INE950M01013,CONSOLIDATED,2026-06-30,-23.42,2026-08-05T14:12:27+05:30,15,0,0.5,2026-09-30,2026-10-02T00:00:00+05:30
1172,Elin Electronics Limited,ELIN.NS,Unspecified,Scored,,0.8315586574607557,0.16844134253924425,16,INE050401020,CONSOLIDATED,2026-06-30,-21.414,2026-08-06T17:08:02+05:30,14,0,0.25,2026-09-30,2026-10-02T00:00:00+05:30
1408,Indo Thai Securities Limited,INDOTHAI.NS,Unspecified,Scored,,0.8314365616821195,0.16856343831788045,17,INE337M01021,CONSOLIDATED,2026-06-30,11.0261,2026-07-20T19:26:04+05:30,26,0,0.75,2026-09-30,2026-10-02T00:00:00+05:30
709,Sri Lotus Developers and Realty Ltd.,LOTUSDEV.NS,Realty,Scored,,0.8241874824277621,0.17581251757223793,18,INE0V9Q01010,CONSOLIDATED,2026-06-30,45.722,2026-08-03T14:35:05+05:30,5,0,0.75,2026-09-30,2026-10-02T00:00:00+05:30
687,Religare Enterprises Ltd.,RELIGARE.NS,Financial Services,Scored,,0.8153613279631778,0.18463867203682216,19,INE621H01010,CONSOLIDATED,2026-06-30,-46.9825,2026-08-12T20:31:12+05:30,26,0,0.5,2026-09-30,2026-10-02T00:00:00+05:30
376,International Gemmological Institute (India) Ltd.,IGIL.NS,Services,Scored,,0.8131189800179079,0.18688101998209206,20,INE0Q9301021,CONSOLIDATED,2026-06-30,16.5736,2026-07-23T17:41:01+05:30,6,3,0.6666666666666666,2026-09-30,2026-10-02T00:00:00+05:30
683,Raymond Realty Ltd.,RAYMONDREL.NS,Realty,Scored,,0.8129249392373049,0.1870750607626951,21,INE1SY401010,CONSOLIDATED,2026-06-30,13.43,2026-08-07T19:12:15+05:30,5,0,0.75,2026-09-30,2026-10-02T00:00:00+05:30
1253,Gem Aromatics Limited,GEMAROMA.NS,Unspecified,Scored,,0.8100888115914435,0.18991118840855647,22,INE06XZ01023,CONSOLIDATED,2026-06-30,-7.874,2026-08-13T18:20:12+05:30,5,0,0.25,2026-09-30,2026-10-02T00:00:00+05:30
867,Anjani Portland Cement Limited,APCL.NS,Unspecified,Scored,,0.8089467260811822,0.19105327391881777,23,INE071F01012,CONSOLIDATED,2026-06-30,-9.8,2026-08-12T19:15:53+05:30,21,0,0.25,2026-09-30,2026-10-02T00:00:00+05:30
1606,Mamata Machinery Limited,MAMATA.NS,Unspecified,Scored,,0.8067086608835977,0.19329133911640228,24,INE0TO701015,CONSOLIDATED,2026-06-30,-3.4658,2026-08-14T17:19:20+05:30,7,0,0.0,2026-09-30,2026-10-02T00:00:00+05:30
482,Tega Industries Ltd.,TEGA.NS,Capital Goods,Scored,,0.8051637784621597,0.1948362215378403,25,INE011K01018,CONSOLIDATED,2026-06-30,-108.252,2026-08-13T19:24:25+05:30,19,0,0.5,2026-09-30,2026-10-02T00:00:00+05:30
2307,Vikran Engineering Limited,VIKRAN.NS,Unspecified,Scored,,0.8026119505121941,0.19738804948780586,26,INE01R501028,CONSOLIDATED,2026-06-30,3.99,2026-08-11T19:13:16+05:30,2,4,0.0,2026-09-30,2026-10-02T00:00:00+05:30
1093,Dishman Carbogen Amcis Limited,DCAL.NS,Unspecified,Scored,,0.8019363609550952,0.19806363904490476,27,INE385W01011,CONSOLIDATED,2026-06-30,-57.88,2026-08-14T20:37:17+05:30,32,0,0.5,2026-09-30,2026-10-02T00:00:00+05:30
908,Atal Realtech Limited,ATALREAL.NS,Unspecified,Scored,,0.8005680046526261,0.19943199534737388,28,INE0ALR01029,CONSOLIDATED,2026-06-30,1.0008,2026-08-12T21:00:22+05:30,5,0,0.75,2026-09-30,2026-10-02T00:00:00+05:30
242,Acutaas Chemicals Ltd.,ACUTAAS.NS,Healthcare,Scored,,0.7991861217625652,0.2008138782374348,29,INE00FF01025,CONSOLIDATED,2026-06-30,74.9927,2026-07-24T16:30:14+05:30,19,0,0.75,2026-09-30,2026-10-02T00:00:00+05:30
157,H P C L,HINDPETRO.NS,Oil & Gas,Scored,,0.7982707248796995,0.20172927512030048,30,INE094A01015,CONSOLIDATED,2026-06-30,-12264.67,2026-07-22T20:14:13+05:30,29,0,0.5,2026-09-30,2026-10-02T00:00:00+05:30
1281,Goa Carbon Limited,GOACARBON.NS,Unspecified,Scored,,0.7970938662946885,0.20290613370531152,31,INE426D01013,STANDALONE,2026-06-30,-6.5836,2026-07-15T16:08:04+05:30,33,0,0.25,2026-09-30,2026-10-02T00:00:00+05:30
220,PB Fintech.,POLICYBZR.NS,Financial Services,Scored,,0.796542760504401,0.20345723949559902,32,INE417T01026,CONSOLIDATED,2026-06-30,162.91,2026-08-05T19:19:52+05:30,18,0,0.75,2026-09-30,2026-10-02T00:00:00+05:30
812,Affordable Robotic & Automation Limited,AFFORDABLE.NS,Unspecified,Scored,,0.7951831404312829,0.2048168595687171,33,INE692Z01013,CONSOLIDATED,2026-06-30,-4.8014,2026-08-13T18:38:15+05:30,8,0,0.5,2026-09-30,2026-10-02T00:00:00+05:30
1798,Pace Digitek Limited,PACEDIGITK.NS,Unspecified,Scored,,0.7941526180385876,0.2058473819614124,34,INE0S3G01027,CONSOLIDATED,2026-06-30,62.505,2026-08-05T18:10:11+05:30,5,0,0.75,2026-09-30,2026-10-02T00:00:00+05:30
1931,RMC Switchgears Limited,RMC.NS,Unspecified,Scored,,0.7919797812441626,0.20802021875583743,35,INE655V01019,CONSOLIDATED,2026-06-30,2.0824,2026-08-12T17:29:03+05:30,2,4,0.0,2026-09-30,2026-10-02T00:00:00+05:30
2120,SRM Contractors Limited,SRM.NS,Unspecified,Scored,,0.7907131544475918,0.20928684555240817,36,INE0R6Z01013,CONSOLIDATED,2026-06-30,19.706,2026-08-13T17:51:14+05:30,10,0,0.75,2026-09-30,2026-10-02T00:00:00+05:30
2004,Suratwwala Business Group Limited,SBGLP.NS,Unspecified,Scored,,0.7905112562450248,0.20948874375497517,37,INE05ST01028,CONSOLIDATED,2026-06-30,9.3397,2026-08-13T20:04:09+05:30,13,0,0.5,2026-09-30,2026-10-02T00:00:00+05:30
1594,Magadh Sugar & Energy Limited,MAGADSUGAR.NS,Unspecified,Scored,,0.7902851356696288,0.20971486433037123,38,INE347W01011,STANDALONE,2026-06-30,-12.2182,2026-08-04T18:05:08+05:30,33,0,0.5,2026-09-30,2026-10-02T00:00:00+05:30
1160,GNG Electronics Limited,EBGNG.NS,Unspecified,Scored,,0.7894931404375903,0.21050685956240967,39,INE18JU01028,CONSOLIDATED,2026-06-30,28.93,2026-07-30T16:20:21+05:30,5,0,0.75,2026-09-30,2026-10-02T00:00:00+05:30
1598,Mahindra EPC Irrigation Limited,MAHEPC.NS,Unspecified,Scored,,0.7893564036091687,0.2106435963908313,40,INE215D01010,CONSOLIDATED,2026-06-30,-2.14,2026-07-16T19:47:29+05:30,24,0,0.0,2026-09-30,2026-10-02T00:00:00+05:30
2294,Venus Remedies Limited,VENUSREM.NS,Unspecified,Scored,,0.7892427494236658,0.2107572505763342,41,INE411B01019,CONSOLIDATED,2026-06-30,22.97,2026-07-20T18:43:04+05:30,25,0,0.5,2026-09-30,2026-10-02T00:00:00+05:30
2821,Dollex Agrotech Limited,DOLLEX.NS,Unspecified,Scored,,0.7886159086739302,0.21138409132606983,42,INE0JHH01011,STANDALONE,2026-06-30,1.277,2026-08-03T17:05:31+05:30,5,0,0.5,2026-09-30,2026-10-02T00:00:00+05:30
2219,Tips Films Limited,TIPSFILMS.NS,Unspecified,Scored,,0.7884306858989062,0.2115693141010938,43,INE0LQS01015,STANDALONE,2026-06-30,-29.4112,2026-08-14T13:57:17+05:30,16,0,0.25,2026-09-30,2026-10-02T00:00:00+05:30
635,MSTC Ltd.,MSTCLTD.NS,Services,Scored,,0.7883879840881889,0.2116120159118111,44,INE255X01014,CONSOLIDATED,2026-06-30,58.2196,2026-08-13T18:35:18+05:30,27,0,0.75,2026-09-30,2026-10-02T00:00:00+05:30
303,Computer Age Management Services Ltd.,CAMS.NS,Financial Services,Scored,,0.7873572054085043,0.2126427945914957,45,INE596I01020,CONSOLIDATED,2026-06-30,127.0952,2026-08-03T14:41:13+05:30,21,0,1.0,2026-09-30,2026-10-02T00:00:00+05:30
212,Bank of Baroda,BANKBARODA.NS,Banks,Scored,,0.7867726824277844,0.21322731757221558,46,INE028A01039,CONSOLIDATED,2026-06-30,1572.59,2026-07-24T19:05:14+05:30,26,0,0.75,2026-09-30,2026-10-02T00:00:00+05:30
1530,K.P. Energy Limited,KPEL.NS,Unspecified,Scored,,0.7864207805689772,0.21357921943102276,47,INE127T01021,CONSOLIDATED,2026-06-30,26.078,2026-08-11T16:53:44+05:30,7,0,0.75,2026-09-30,2026-10-02T00:00:00+05:30
947,Bannari Amman Sugars Limited,BANARISUG.NS,Unspecified,Scored,,0.785097229250995,0.214902770749005,48,INE459A01010,STANDALONE,2026-06-30,-10.9154,2026-08-14T19:55:04+05:30,33,0,0.5,2026-09-30,2026-10-02T00:00:00+05:30
1270,Global Education Limited,GLOBAL.NS,Unspecified,Scored,,0.7850217319171111,0.2149782680828889,49,INE291W01037,CONSOLIDATED,2026-06-30,3.7512,2026-08-11T14:52:58+05:30,14,0,0.5,2026-09-30,2026-10-02T00:00:00+05:30
1567,Lexus Granito (India) Limited,LEXUS.NS,Unspecified,Scored,,0.7838506762737874,0.21614932372621265,50,INE500X01013,STANDALONE,2026-06-30,-2.6721,2026-08-14T19:19:11+05:30,12,0,0.0,2026-09-30,2026-10-02T00:00:00+05:30
493,UCO Bank,UCOBANK.NS,Financial Services,Scored,,0.7834241122072756,0.2165758877927244,51,INE691A01018,STANDALONE,2026-06-30,656.33,2026-07-22T17:58:30+05:30,14,0,0.75,2026-09-30,2026-10-02T00:00:00+05:30
372,Indian Energy Exchange Ltd.,IEX.NS,Financial Services,Scored,,0.782974307995771,0.21702569200422905,52,INE022Q01020,CONSOLIDATED,2026-06-30,134.7567,2026-07-23T16:42:51+05:30,27,0,0.75,2026-09-30,2026-10-02T00:00:00+05:30
762,Crizac Ltd.,CRIZAC.NS,Consumer Services,Scored,,0.7807351487040045,0.2192648512959955,53,INE0S4R01014,CONSOLIDATED,2026-06-30,46.1656,2026-08-03T14:01:15+05:30,5,0,0.75,2026-09-30,2026-10-02T00:00:00+05:30
2298,Veto Switchgears And Cables Limited,VETO.NS,Unspecified,Scored,,0.779742787341816,0.220257212658184,54,INE918N01018,CONSOLIDATED,2026-06-30,5.8514,2026-08-13T14:01:10+05:30,31,0,0.75,2026-09-30,2026-10-02T00:00:00+05:30
100,Oberoi Realty,OBEROIRLTY.NS,Real Estate,Scored,,0.7787149366758973,0.2212850633241027,55,INE093I01010,CONSOLIDATED,2026-06-30,543.51,2026-07-17T17:04:38+05:30,30,0,0.5,2026-09-30,2026-10-02T00:00:00+05:30
304,Concord Biotech Ltd.,CONCORDBIO.NS,Healthcare,Scored,,0.7786124344059955,0.22138756559400452,56,INE338H01029,CONSOLIDATED,2026-06-30,57.6969,2026-07-31T18:37:08+05:30,13,0,0.75,2026-09-30,2026-10-02T00:00:00+05:30
2097,Solarworld Energy Solutions Limited,SOLARWORLD.NS,Unspecified,Scored,,0.7786050025537485,0.22139499744625146,57,INE0TY101024,CONSOLIDATED,2026-06-30,9.496,2026-08-14T17:37:23+05:30,5,0,0.25,2026-09-30,2026-10-02T00:00:00+05:30
123,Rail Vikas,RVNL.NS,Construction,Scored,,0.7783391769180128,0.2216608230819872,58,INE415G01027,CONSOLIDATED,2026-06-30,159.52,2026-08-11T17:19:08+05:30,29,0,0.5,2026-09-30,2026-10-02T00:00:00+05:30
126,Ashok Leyland,ASHOKLEY.NS,Automobile,Scored,,0.7783259355298443,0.2216740644701557,59,INE208A01029,CONSOLIDATED,2026-06-30,667.77,2026-08-14T18:55:17+05:30,28,0,0.75,2026-09-30,2026-10-02T00:00:00+05:30
1162,EFC (I) Limited,EFCIL.NS,Unspecified,Scored,,0.7775177110221572,0.22248228897784283,60,INE886D01026,CONSOLIDATED,2026-06-30,70.852,2026-07-29T20:01:09+05:30,4,3,1.0,2026-09-30,2026-10-02T00:00:00+05:30
1047,Chemplast Sanmar Limited,CHEMPLASTS.NS,Unspecified,Scored,,0.7765074013397033,0.2234925986602967,61,INE488A01050,CONSOLIDATED,2026-06-30,-175.58,2026-08-06T18:39:17+05:30,20,0,0.5,2026-09-30,2026-10-02T00:00:00+05:30
2034,Shalimar Paints Limited,SHALPAINTS.NS,Unspecified,Scored,,0.7763104011887255,0.22368959881127448,62,INE849C01026,CONSOLIDATED,2026-06-30,-21.26,2026-08-13T00:01:14+05:30,26,0,0.5,2026-09-30,2026-10-02T00:00:00+05:30
1981,Sambhaav Media Limited,SAMBHAAV.NS,Unspecified,Scored,,0.7758687004158079,0.2241312995841921,63,INE699B01027,CONSOLIDATED,2026-06-30,-2.1104,2026-08-06T15:12:08+05:30,27,0,0.5,2026-09-30,2026-10-02T00:00:00+05:30
620,KPI Green Energy Ltd.,KPIGREEN.NS,Power,Scored,,0.7751134380194201,0.22488656198057988,64,INE542W01025,CONSOLIDATED,2026-06-30,94.6328,2026-08-11T19:26:47+05:30,21,0,0.75,2026-09-30,2026-10-02T00:00:00+05:30
720,Sunteck Realty Ltd.,SUNTECK.NS,Realty,Scored,,0.7748617320294608,0.22513826797053915,65,INE805D01034,CONSOLIDATED,2026-06-30,41.96,2026-07-21T20:44:41+05:30,29,0,0.5,2026-09-30,2026-10-02T00:00:00+05:30
890,Art Nirman Limited,ARTNIRMAN.NS,Unspecified,Scored,,0.7736861023170531,0.22631389768294685,66,INE738V01013,STANDALONE,2026-06-30,-0.1575,2026-08-14T16:44:15+05:30,19,0,0.5,2026-09-30,2026-10-02T00:00:00+05:30
1509,KIOCL Limited,KIOCL.NS,Unspecified,Scored,,0.7732952823070229,0.22670471769297706,67,INE880L01014,STANDALONE,2026-06-30,-15.48,2026-08-14T11:30:10+05:30,31,0,0.5,2026-09-30,2026-10-02T00:00:00+05:30
452,SBFC Finance Ltd.,SBFC.NS,Financial Services,Scored,,0.7732150681790717,0.2267849318209283,68,INE423Y01016,STANDALONE,2026-06-30,130.123,2026-07-25T16:14:10+05:30,5,0,1.0,2026-09-30,2026-10-02T00:00:00+05:30
1088,Davangere Sugar Company Limited,DAVANGERE.NS,Unspecified,Scored,,0.772632653342545,0.22736734665745495,69,INE179G01029,STANDALONE,2026-06-30,0.9384,2026-08-14T18:43:11+05:30,10,0,0.25,2026-09-30,2026-10-02T00:00:00+05:30
312,Data Patterns (India) Ltd.,DATAPATTNS.NS,Capital Goods,Scored,,0.7725937863195054,0.22740621368049463,70,INE0IX101010,STANDALONE,2026-06-30,22.06,2026-07-30T19:31:17+05:30,18,0,0.5,2026-09-30,2026-10-02T00:00:00+05:30
648,NESCO Ltd.,NESCO.NS,Services,Scored,,0.7712251379682751,0.22877486203172492,71,INE317F01035,CONSOLIDATED,2026-06-30,99.96,2026-07-27T13:58:08+05:30,24,0,1.0,2026-09-30,2026-10-02T00:00:00+05:30
1105,DEE Development Engineers Limited,DEEDEV.NS,Unspecified,Scored,,0.7707961380182818,0.22920386198171816,72,INE841L01016,CONSOLIDATED,2026-06-30,16.083,2026-08-04T14:56:13+05:30,10,0,0.75,2026-09-30,2026-10-02T00:00:00+05:30
1896,Raj Television Network Limited,RAJTV.NS,Unspecified,Scored,,0.77072481824909,0.22927518175091,73,INE952H01027,STANDALONE,2026-06-30,-1.0077,2026-08-11T16:42:12+05:30,26,0,0.5,2026-09-30,2026-10-02T00:00:00+05:30
760,Zaggle Prepaid Ocean Services Ltd.,ZAGGLE.NS,Information Technology,Scored,,0.7706587222106227,0.2293412777893773,74,INE07K301024,CONSOLIDATED,2026-06-30,17.526,2026-08-14T21:20:10+05:30,13,0,0.75,2026-09-30,2026-10-02T00:00:00+05:30
1343,HEC Infra Projects Limited,HECPROJECT.NS,Unspecified,Scored,,0.7705784961990536,0.2294215038009464,75,INE558R01013,STANDALONE,2026-06-30,1.3673,2026-08-14T19:11:21+05:30,14,0,0.75,2026-09-30,2026-10-02T00:00:00+05:30
1090,Deepak Builders & Engineers India Limited,DBEIL.NS,Unspecified,Scored,,0.7704386920703111,0.22956130792968887,76,INE0OPA01027,STANDALONE,2026-06-30,2.8783,2026-08-14T18:09:14+05:30,8,0,0.5,2026-09-30,2026-10-02T00:00:00+05:30
1804,Panache Digilife Limited,PANACHE.NS,Unspecified,Scored,,0.7700767426584306,0.22992325734156938,77,INE895W01019,CONSOLIDATED,2026-06-30,3.6167,2026-08-10T20:04:36+05:30,27,0,0.75,2026-09-30,2026-10-02T00:00:00+05:30
459,Saregama India Ltd,SAREGAMA.NS,Media Entertainment & Publication,Scored,,0.7697191034358317,0.23028089656416828,78,INE979A01025,CONSOLIDATED,2026-06-30,51.88,2026-08-04T17:37:56+05:30,29,0,0.75,2026-09-30,2026-10-02T00:00:00+05:30
446,RITES Ltd.,RITES.NS,Construction,Scored,,0.7696665671374096,0.23033343286259045,79,INE320J01015,CONSOLIDATED,2026-06-30,97.78,2026-08-04T15:20:36+05:30,28,0,0.75,2026-09-30,2026-10-02T00:00:00+05:30
1219,Fino Payments Bank Limited,FINOPB.NS,Unspecified,Scored,,0.7685234135633597,0.23147658643664026,80,INE02NC01014,STANDALONE,2026-06-30,-13.72,2026-08-13T19:37:08+05:30,14,0,0.0,2026-09-30,2026-10-02T00:00:00+05:30
1482,Kamdhenu Ventures Limited,KAMOPAINTS.NS,Unspecified,Scored,,0.7684623005640927,0.2315376994359073,81,INE0BTI01037,CONSOLIDATED,2026-06-30,-4.4134,2026-08-13T19:46:14+05:30,15,0,0.25,2026-09-30,2026-10-02T00:00:00+05:30
737,Tips Music Ltd.,TIPSMUSIC.NS,Media Entertainment & Publication,Scored,,0.7682160187528623,0.23178398124713773,82,INE716B01029,STANDALONE,2026-06-30,43.6995,2026-07-22T15:38:36+05:30,30,0,0.75,2026-09-30,2026-10-02T00:00:00+05:30
753,Waaree Renewable Technologies Ltd.,WAAREERTL.NS,Capital Goods,Scored,,0.7681561030046735,0.23184389699532648,83,INE299N01021,CONSOLIDATED,2026-06-30,118.9762,2026-07-22T20:41:09+05:30,6,0,0.75,2026-09-30,2026-10-02T00:00:00+05:30
1788,Orient Press Limited,ORIENTLTD.NS,Unspecified,Scored,,0.7678323249790079,0.23216767502099211,84,INE609C01024,STANDALONE,2026-06-30,-1.2526,2026-08-11T17:26:06+05:30,29,0,0.5,2026-09-30,2026-10-02T00:00:00+05:30
1566,Le Merite Exports Limited,LEMERITE.NS,Unspecified,Scored,,0.7673268756093853,0.23267312439061472,85,INE0G1L01025,CONSOLIDATED,2026-06-30,-4.5753,2026-08-14T17:53:01+05:30,3,3,0.0,2026-09-30,2026-10-02T00:00:00+05:30
214,Axis Bank,AXISBANK.NS,Banks,Scored,,0.7669871305652829,0.2330128694347171,86,INE238A01034,CONSOLIDATED,2026-06-30,7656.51,2026-07-18T15:19:04+05:30,27,0,1.0,2026-09-30,2026-10-02T00:00:00+05:30
906,Astec LifeSciences Limited,ASTEC.NS,Unspecified,Scored,,0.7668669972755807,0.23313300272441928,87,INE563J01010,CONSOLIDATED,2026-06-30,-18.7073,2026-07-31T21:46:25+05:30,31,0,0.75,2026-09-30,2026-10-02T00:00:00+05:30
1467,Jindal Poly Investment and Finance Company Limited,JPOLYINVST.NS,Unspecified,Scored,,0.7666404983580059,0.23335950164199415,88,INE147P01019,CONSOLIDATED,2026-06-30,13.89,2026-08-13T21:52:13+05:30,19,0,0.0,2026-09-30,2026-10-02T00:00:00+05:30
1626,MAS Financial Services Limited,MASFIN.NS,Unspecified,Scored,,0.7662501226323196,0.23374987736768038,89,INE348L01012,CONSOLIDATED,2026-06-30,110.15,2026-07-29T15:08:06+05:30,23,0,1.0,2026-09-30,2026-10-02T00:00:00+05:30
2105,South West Pinnacle Exploration Limited,SOUTHWEST.NS,Unspecified,Scored,,0.7658464133356808,0.23415358666431918,90,INE980Y01015,CONSOLIDATED,2026-06-30,9.336,2026-07-20T19:32:10+05:30,24,0,0.75,2026-09-30,2026-10-02T00:00:00+05:30
1324,GE Power India Limited,GVPIL.NS,Unspecified,Scored,,0.7658003103776914,0.23419968962230864,91,INE878A01011,CONSOLIDATED,2026-06-30,53.73,2026-08-13T18:03:09+05:30,26,0,0.5,2026-09-30,2026-10-02T00:00:00+05:30
1507,Kilitch Drugs (India) Limited,KILITCH.NS,Unspecified,Scored,,0.7657284183765154,0.2342715816234846,92,INE729D01010,CONSOLIDATED,2026-06-30,1.9674,2026-08-13T21:11:12+05:30,28,0,0.5,2026-09-30,2026-10-02T00:00:00+05:30
35,Waaree Energies,WAAREEENER.NS,Renewable Energy,Scored,,0.7656363801707268,0.23436361982927323,93,INE377N01017,CONSOLIDATED,2026-06-30,891.87,2026-07-29T19:55:03+05:30,8,0,0.75,2026-09-30,2026-10-02T00:00:00+05:30
286,Caplin Point Laboratories Ltd.,CAPLIPOINT.NS,Healthcare,Scored,,0.7653504655416733,0.2346495344583267,94,INE475E01026,CONSOLIDATED,2026-06-30,179.09,2026-08-12T17:11:54+05:30,26,0,1.0,2026-09-30,2026-10-02T00:00:00+05:30
931,Bafna Pharmaceuticals Limited,BAFNAPH.NS,Unspecified,Scored,,0.764745907508938,0.235254092491062,95,INE878I01022,STANDALONE,2026-06-30,0.0751,2026-08-11T18:19:07+05:30,25,0,0.25,2026-09-30,2026-10-02T00:00:00+05:30
2018,Semac Construction Limited,SEMAC.NS,Unspecified,Scored,,0.7644178354866765,0.23558216451332348,96,INE617A01013,CONSOLIDATED,2026-06-30,0.4028,2026-08-14T16:55:08+05:30,31,0,0.5,2026-09-30,2026-10-02T00:00:00+05:30
28,Bharat Electron,BEL.NS,Capital Goods,Scored,,0.7638491767786689,0.23615082322133107,97,INE263A01024,CONSOLIDATED,2026-06-30,1054.53,2026-07-27T16:38:40+05:30,29,0,0.75,2026-09-30,2026-10-02T00:00:00+05:30
949,Banka BioLoo Limited,BANKA.NS,Unspecified,Scored,,0.7636004385658134,0.2363995614341866,98,INE862Y01015,CONSOLIDATED,2026-06-30,-0.0393,2026-08-13T20:11:19+05:30,23,0,0.5,2026-09-30,2026-10-02T00:00:00+05:30
1056,Creative Newtech Limited,CNL.NS,Unspecified,Scored,,0.7635746995520177,0.23642530044798227,99,INE985W01018,CONSOLIDATED,2026-06-30,13.5353,2026-08-04T16:28:23+05:30,26,0,0.5,2026-09-30,2026-10-02T00:00:00+05:30
1960,Rushil Decor Limited,RUSHIL.NS,Unspecified,Scored,,0.7628563634597256,0.23714363654027437,100,INE573K01025,CONSOLIDATED,2026-06-30,1.983,2026-08-08T15:47:29+05:30,9,0,0.75,2026-09-30,2026-10-02T00:00:00+05:30
2200,Tera Software Limited,TERASOFT.NS,Unspecified,Scored,,0.7628277555418769,0.23717224445812313,101,INE482B01010,CONSOLIDATED,2026-06-30,4.6476,2026-08-11T21:42:07+05:30,10,0,0.5,2026-09-30,2026-10-02T00:00:00+05:30
808,Artemis Electricals and Projects Limited,AEPL.NS,Unspecified,Scored,,0.7625275871180368,0.2374724128819632,102,INE757T01025,CONSOLIDATED,2026-06-30,1.2711,2026-08-13T18:40:59+05:30,2,4,0.0,2026-09-30,2026-10-02T00:00:00+05:30
1163,Euro India Fresh Foods Limited,EIFFL.NS,Unspecified,Scored,,0.7624333796028958,0.2375666203971042,103,INE546V01010,STANDALONE,2026-06-30,0.74,2026-08-12T19:14:48+05:30,16,1,0.0,2026-09-30,2026-10-02T00:00:00+05:30
185,Kotak Mah. Bank,KOTAKBANK.NS,Banks,Scored,,0.7624188216725118,0.23758117832748815,104,INE237A01036,CONSOLIDATED,2026-06-30,5487.06,2026-07-18T18:49:53+05:30,30,0,1.0,2026-09-30,2026-10-02T00:00:00+05:30
1959,Rupa & Company Limited,RUPA.NS,Unspecified,Scored,,0.7619811954029043,0.23801880459709568,105,INE895B01021,CONSOLIDATED,2026-06-30,8.2634,2026-08-10T20:41:01+05:30,28,0,0.75,2026-09-30,2026-10-02T00:00:00+05:30
392,Jyoti CNC Automation Ltd.,JYOTICNC.NS,Capital Goods,Scored,,0.7618187063130798,0.2381812936869202,106,INE980O01024,CONSOLIDATED,2026-06-30,57.14,2026-08-07T16:03:16+05:30,11,0,0.75,2026-09-30,2026-10-02T00:00:00+05:30
137,Bharti Airtel,BHARTIARTL.NS,Telecom,Scored,,0.7617459531799252,0.23825404682007478,107,INE397D01024,CONSOLIDATED,2026-06-30,10011.6,2026-08-04T20:21:35+05:30,31,0,0.75,2026-09-30,2026-10-02T00:00:00+05:30
257,Anant Raj Ltd.,ANANTRAJ.NS,Realty,Scored,,0.7613190596319281,0.23868094036807186,108,INE242C01024,CONSOLIDATED,2026-06-30,149.19,2026-08-08T18:49:04+05:30,31,0,1.0,2026-09-30,2026-10-02T00:00:00+05:30
1247,Gaudium IVF and Women Health Limited,GAUDIUMIVF.NS,Unspecified,Scored,,0.7613160858421887,0.23868391415781132,109,INE0P8B01020,CONSOLIDATED,2026-06-30,1.7759,2026-08-13T22:08:33+05:30,3,3,0.5,2026-09-30,2026-10-02T00:00:00+05:30
359,Home First Finance Company India Ltd.,HOMEFIRST.NS,Financial Services,Scored,,0.7604959923234934,0.2395040076765066,110,INE481N01025,STANDALONE,2026-06-30,159.851,2026-07-27T18:04:23+05:30,20,0,1.0,2026-09-30,2026-10-02T00:00:00+05:30
1369,Honda India Power Products Limited,HONDAPOWER.NS,Unspecified,Scored,,0.7600720168053355,0.23992798319466446,111,INE634A01018,STANDALONE,2026-06-30,11.1,2026-07-30T18:14:37+05:30,33,0,0.75,2026-09-30,2026-10-02T00:00:00+05:30
1628,Master Trust Limited,MASTERTR.NS,Unspecified,Scored,,0.7599548252956746,0.2400451747043254,112,INE677D01037,CONSOLIDATED,2026-06-30,34.65,2026-08-04T18:12:29+05:30,8,0,0.75,2026-09-30,2026-10-02T00:00:00+05:30
2006,S Chand And Company Limited,SCHAND.NS,Unspecified,Scored,,0.7598310223499649,0.2401689776500351,113,INE807K01035,CONSOLIDATED,2026-06-30,-18.73,2026-08-10T17:46:13+05:30,32,0,0.5,2026-09-30,2026-10-02T00:00:00+05:30
717,Sudeep Pharma Ltd.,SUDEEPPHRM.NS,Chemicals,Scored,,0.7595069532765212,0.24049304672347882,114,INE0QPI01025,CONSOLIDATED,2026-06-30,40.5869,2026-08-04T18:31:15+05:30,4,3,0.6666666666666666,2026-09-30,2026-10-02T00:00:00+05:30
429,Olectra Greentech Ltd.,OLECTRA.NS,Automobile and Auto Components,Scored,,0.7589896265657965,0.2410103734342035,115,INE260D01016,CONSOLIDATED,2026-06-30,26.6632,2026-08-13T20:45:00+05:30,27,0,0.5,2026-09-30,2026-10-02T00:00:00+05:30
1441,IZMO Limited,IZMO.NS,Unspecified,Scored,,0.7582700966385149,0.24172990336148514,116,INE848A01014,CONSOLIDATED,2026-06-30,12.195,2026-08-14T18:52:30+05:30,28,0,0.5,2026-09-30,2026-10-02T00:00:00+05:30
857,Amrutanjan Health Care Limited,AMRUTANJAN.NS,Unspecified,Scored,,0.7580360679318613,0.2419639320681387,117,INE098F01031,STANDALONE,2026-06-30,4.3657,2026-08-11T18:52:18+05:30,33,0,0.5,2026-09-30,2026-10-02T00:00:00+05:30
103,Bharti Hexacom,BHARTIHEXA.NS,Telecom,Scored,,0.757840687248659,0.24215931275134095,118,INE343G01021,STANDALONE,2026-06-30,482.4,2026-08-04T18:20:11+05:30,10,0,0.75,2026-09-30,2026-10-02T00:00:00+05:30
1506,Kalyani Investment Company Limited,KICL.NS,Unspecified,Scored,,0.7570518254745288,0.24294817452547124,119,INE029L01018,CONSOLIDATED,2026-06-30,0.684,2026-08-13T14:57:09+05:30,27,0,0.5,2026-09-30,2026-10-02T00:00:00+05:30
2078,Silver Touch Technologies Limited,SILVERTUC.NS,Unspecified,Scored,,0.7569686125895745,0.24303138741042551,120,INE625X01026,CONSOLIDATED,2026-06-30,10.0078,2026-07-30T20:45:07+05:30,15,0,0.75,2026-09-30,2026-10-02T00:00:00+05:30
379,JBM Auto Ltd.,JBMA.NS,Automobile and Auto Components,Scored,,0.75696132877648,0.24303867122351996,121,INE927D01051,CONSOLIDATED,2026-06-30,44.26,2026-07-30T17:35:06+05:30,30,0,0.75,2026-09-30,2026-10-02T00:00:00+05:30
398,Kaynes Technology India Ltd.,KAYNES.NS,Capital Goods,Scored,,0.7568804456988297,0.24311955430117027,122,INE918Z01012,CONSOLIDATED,2026-06-30,56.426,2026-08-07T19:02:07+05:30,14,0,0.5,2026-09-30,2026-10-02T00:00:00+05:30
2019,Senores Pharmaceuticals Limited,SENORES.NS,Unspecified,Scored,,0.756470026887577,0.24352997311242297,123,INE0RB801010,CONSOLIDATED,2026-06-30,30.45,2026-07-27T18:24:54+05:30,6,3,1.0,2026-09-30,2026-10-02T00:00:00+05:30
16,BSE,BSE.NS,Financial Services,Scored,,0.7563561774763411,0.2436438225236589,124,INE118H01025,CONSOLIDATED,2026-06-30,872.66,2026-08-04T19:00:32+05:30,31,0,1.0,2026-09-30,2026-10-02T00:00:00+05:30
1326,Halder Venture Limited,HALDER.NS,Unspecified,Scored,,0.7560544440684751,0.2439455559315249,125,INE115S01010,CONSOLIDATED,2026-06-30,3.4602,2026-08-13T21:09:13+05:30,3,3,0.5,2026-09-30,2026-10-02T00:00:00+05:30
240,Aavas Financiers Ltd.,AAVAS.NS,Financial Services,Scored,,0.7559821780186334,0.24401782198136657,126,INE216P01012,STANDALONE,2026-06-30,171.2681,2026-07-21T19:12:01+05:30,11,0,0.75,2026-09-30,2026-10-02T00:00:00+05:30
298,Choice International Ltd.,CHOICEIN.NS,Financial Services,Scored,,0.7559536420286087,0.2440463579713913,127,INE102B01014,CONSOLIDATED,2026-06-30,60.607,2026-08-10T20:45:06+05:30,17,0,0.75,2026-09-30,2026-10-02T00:00:00+05:30
1932,R M Drip and Sprinklers Systems Limited,RMDRIP.NS,Unspecified,Scored,,0.755853917066517,0.24414608293348306,128,INE219Y01026,CONSOLIDATED,2026-06-30,5.3125,2026-08-14T18:24:08+05:30,5,0,0.5,2026-09-30,2026-10-02T00:00:00+05:30
455,Sai Life Sciences Ltd.,SAILIFE.NS,Healthcare,Scored,,0.7558326279647466,0.2441673720352534,129,INE570L01029,CONSOLIDATED,2026-06-30,73.285,2026-08-06T23:47:31+05:30,7,0,0.75,2026-09-30,2026-10-02T00:00:00+05:30
492,Triveni Turbine Ltd.,TRITURBINE.NS,Capital Goods,Scored,,0.7548978731146885,0.24510212688531152,130,INE152M01016,CONSOLIDATED,2026-06-30,51.1,2026-08-10T19:43:21+05:30,33,0,0.75,2026-09-30,2026-10-02T00:00:00+05:30
2095,Softtech Engineers Limited,SOFTTECH.NS,Unspecified,Scored,,0.754712164892914,0.24528783510708596,131,INE728Z01015,CONSOLIDATED,2026-06-30,1.1587,2026-08-12T20:19:18+05:30,17,0,0.5,2026-09-30,2026-10-02T00:00:00+05:30
238,Aadhar Housing Finance Ltd.,AADHARHFC.NS,Financial Services,Scored,,0.7545228508427111,0.2454771491572889,132,INE883F01010,CONSOLIDATED,2026-06-30,282.36,2026-07-31T17:05:16+05:30,10,0,0.75,2026-09-30,2026-10-02T00:00:00+05:30
2199,Tembo Global Industries Limited,TEMBO.NS,Unspecified,Scored,,0.7544979285958948,0.24550207140410518,133,INE869Y01028,CONSOLIDATED,2026-06-30,31.2033,2026-08-11T16:44:35+05:30,18,0,1.0,2026-09-30,2026-10-02T00:00:00+05:30
1377,Indiabulls Limited,IBULLSLTD.NS,Unspecified,Scored,,0.7542183791946494,0.2457816208053506,134,INE126M01010,CONSOLIDATED,2026-06-30,141.02,2026-07-23T20:01:10+05:30,26,0,0.5,2026-09-30,2026-10-02T00:00:00+05:30
524,Apollo Micro Systems Ltd.,APOLLO.NS,Capital Goods,Scored,,0.75334223978099,0.24665776021900998,135,INE713T01028,CONSOLIDATED,2026-06-30,25.216,2026-08-08T17:54:12+05:30,24,0,0.5,2026-09-30,2026-10-02T00:00:00+05:30
1969,Sagar Cements Limited,SAGCEM.NS,Unspecified,Scored,,0.753276939954855,0.246723060045145,136,INE229C01021,CONSOLIDATED,2026-06-30,-28.1,2026-07-27T16:31:16+05:30,25,0,0.25,2026-09-30,2026-10-02T00:00:00+05:30
1625,Marsons Limited,MARSONS.NS,Unspecified,Scored,,0.753256736112707,0.24674326388729295,137,INE415B01044,CONSOLIDATED,2026-06-30,5.9294,2026-08-13T16:04:12+05:30,2,4,0.0,2026-09-30,2026-10-02T00:00:00+05:30
155,Phoenix Mills,PHOENIXLTD.NS,Real Estate,Scored,,0.7528647561854003,0.24713524381459973,138,INE211B01039,CONSOLIDATED,2026-06-30,394.5082,2026-07-28T19:07:07+05:30,30,0,0.5,2026-09-30,2026-10-02T00:00:00+05:30
2212,Twamev Construction and Infrastructure Limited,TICL.NS,Unspecified,Scored,,0.7518969500811642,0.2481030499188358,139,INE388G01026,CONSOLIDATED,2026-06-30,0.51,2026-08-11T18:18:09+05:30,9,0,0.0,2026-09-30,2026-10-02T00:00:00+05:30
721,Supriya Lifescience Ltd.,SUPRIYA.NS,Healthcare,Scored,,0.7518491763582162,0.24815082364178376,140,INE07RO01027,STANDALONE,2026-06-30,24.043,2026-08-13T18:59:08+05:30,19,0,0.5,2026-09-30,2026-10-02T00:00:00+05:30
911,ATLANTAA LIMITED,ATLANTAA.NS,Unspecified,Scored,,0.7517533248157525,0.24824667518424748,141,INE285H01022,CONSOLIDATED,2026-06-30,-5.0639,2026-08-12T18:49:13+05:30,27,0,0.5,2026-09-30,2026-10-02T00:00:00+05:30
2183,Tara Chand InfraLogistic Solutions Limited,TARACHAND.NS,Unspecified,Scored,,0.7517265797928936,0.2482734202071064,142,INE555Z01020,CONSOLIDATED,2026-06-30,1.6589,2026-08-06T14:29:41+05:30,2,4,0.0,2026-09-30,2026-10-02T00:00:00+05:30
4,Hindustan Zinc,HINDZINC.NS,Metals & Mining,Scored,,0.7516592702528601,0.24834072974713994,143,INE267A01025,CONSOLIDATED,2026-06-30,5469.0,2026-07-24T17:30:07+05:30,18,0,1.0,2026-09-30,2026-10-02T00:00:00+05:30
1120,Dhruv Consultancy Services Limited,DHRUV.NS,Unspecified,Scored,,0.7516277702426039,0.24837222975739615,144,INE506Z01015,CONSOLIDATED,2026-06-30,-4.76,2026-08-12T15:22:08+05:30,10,0,0.25,2026-09-30,2026-10-02T00:00:00+05:30
1757,Network People Services Technologies Limited,NPST.NS,Unspecified,Scored,,0.7514476299677939,0.2485523700322061,145,INE0FFK01017,CONSOLIDATED,2026-06-30,11.05,2026-08-11T19:44:46+05:30,6,0,0.75,2026-09-30,2026-10-02T00:00:00+05:30
139,Muthoot Finance,MUTHOOTFIN.NS,Financial Services,Scored,,0.751276718599755,0.24872328140024502,146,INE414G01012,CONSOLIDATED,2026-06-30,2824.84,2026-08-01T18:01:10+05:30,27,0,0.75,2026-09-30,2026-10-02T00:00:00+05:30
888,Anand Rathi Share and Stock Brokers Limited,ARSSBL.NS,Unspecified,Scored,,0.7508165069615755,0.24918349303842446,147,INE549H01021,CONSOLIDATED,2026-06-30,23.351,2026-07-14T19:05:04+05:30,4,0,0.5,2026-09-30,2026-10-02T00:00:00+05:30
2373,Zota Health Care LImited,ZOTA.NS,Unspecified,Scored,,0.7506308309773397,0.24936916902266026,148,INE358U01012,CONSOLIDATED,2026-06-30,-43.9447,2026-08-13T19:11:33+05:30,26,0,0.25,2026-09-30,2026-10-02T00:00:00+05:30
580,GMR Power and Urban Infra Ltd.,GMRP&UI.NS,Power,Scored,,0.7505682161766767,0.24943178382332332,149,INE0CU601026,CONSOLIDATED,2026-06-30,-35.38,2026-08-14T19:56:12+05:30,18,0,0.75,2026-09-30,2026-10-02T00:00:00+05:30
1691,Credo Brands Marketing Limited,MUFTI.NS,Unspecified,Scored,,0.7504084904000243,0.24959150959997567,150,INE220Q01020,STANDALONE,2026-06-30,2.285,2026-08-11T19:32:07+05:30,5,0,0.5,2026-09-30,2026-10-02T00:00:00+05:30
732,The Anup Engineering Ltd.,ANUP.NS,Capital Goods,Scored,,0.7495579016195734,0.25044209838042664,151,INE294Z01018,CONSOLIDATED,2026-06-30,0.5702,2026-08-06T14:18:12+05:30,22,0,0.5,2026-09-30,2026-10-02T00:00:00+05:30
2244,TVS Electronics Limited,TVSELECT.NS,Unspecified,Scored,,0.7491481872828735,0.25085181271712653,152,INE236G01019,STANDALONE,2026-06-30,-6.62,2026-08-08T16:18:42+05:30,31,0,0.5,2026-09-30,2026-10-02T00:00:00+05:30
976,Bharat Coking Coal Limited,BHARATCOAL.NS,Unspecified,Scored,,0.7488433999746772,0.2511566000253228,153,INE05XR01022,STANDALONE,2026-06-30,-68.09,2026-07-22T11:01:52+05:30,3,3,0.5,2026-09-30,2026-10-02T00:00:00+05:30
537,Awfis Space Solutions Ltd.,AWFIS.NS,Services,Scored,,0.7477749325245187,0.25222506747548135,154,INE108V01019,CONSOLIDATED,2026-06-30,23.964,2026-08-13T17:05:34+05:30,10,0,1.0,2026-09-30,2026-10-02T00:00:00+05:30
249,Aegis Vopak Terminals Ltd.,AEGISVOPAK.NS,Oil Gas & Consumable Fuels,Scored,,0.747616700007257,0.252383299992743,155,INE0INX01018,CONSOLIDATED,2026-06-30,69.4144,2026-08-05T16:39:24+05:30,4,4,1.0,2026-09-30,2026-10-02T00:00:00+05:30
538,Azad Engineering Ltd.,AZAD.NS,Capital Goods,Scored,,0.7471697235812124,0.25283027641878764,156,INE02IJ01035,CONSOLIDATED,2026-06-30,35.16,2026-08-07T17:42:04+05:30,11,0,0.75,2026-09-30,2026-10-02T00:00:00+05:30
416,NBCC (India) Ltd.,NBCC.NS,Construction,Scored,,0.7470747350468868,0.2529252649531132,157,INE095N01031,CONSOLIDATED,2026-06-30,158.0081,2026-08-11T16:13:09+05:30,30,0,0.5,2026-09-30,2026-10-02T00:00:00+05:30
1870,Protean eGov Technologies Limited,PROTEAN.NS,Unspecified,Scored,,0.7468748573666594,0.2531251426333406,158,INE004A01022,CONSOLIDATED,2026-06-30,5.86,2026-08-04T16:30:09+05:30,6,0,0.5,2026-09-30,2026-10-02T00:00:00+05:30
258,Angel One Ltd.,ANGELONE.NS,Financial Services,Scored,,0.7468627537128837,0.2531372462871163,159,INE732I01021,CONSOLIDATED,2026-06-30,231.398,2026-07-15T18:08:13+05:30,23,0,0.75,2026-09-30,2026-10-02T00:00:00+05:30
530,Astra Microwave Products Ltd.,ASTRAMICRO.NS,Capital Goods,Scored,,0.7464692111683284,0.25353078883167157,160,INE386C01029,CONSOLIDATED,2026-06-30,12.3483,2026-08-10T17:23:08+05:30,29,0,0.75,2026-09-30,2026-10-02T00:00:00+05:30
1181,eMudhra Limited,EMUDHRA.NS,Unspecified,Scored,,0.7464342320518709,0.25356576794812913,161,INE01QM01018,CONSOLIDATED,2026-06-30,31.997,2026-07-29T18:14:04+05:30,16,0,1.0,2026-09-30,2026-10-02T00:00:00+05:30
1468,Jtekt India Limited,JTEKTINDIA.NS,Unspecified,Scored,,0.7464272088437032,0.25357279115629683,162,INE643A01035,STANDALONE,2026-06-30,6.2219,2026-08-13T14:21:17+05:30,13,0,0.75,2026-09-30,2026-10-02T00:00:00+05:30
589,Gujarat Pipavav Port Ltd.,GPPL.NS,Services,Scored,,0.7463921594837849,0.2536078405162151,163,INE517F01014,CONSOLIDATED,2026-06-30,147.9,2026-08-12T17:54:49+05:30,25,0,0.75,2026-09-30,2026-10-02T00:00:00+05:30
1436,India Tourism Development Corporation Limited,ITDC.NS,Unspecified,Scored,,0.7463446341985243,0.25365536580147574,164,INE353K01014,CONSOLIDATED,2026-06-30,9.3923,2026-08-10T19:08:00+05:30,26,0,0.5,2026-09-30,2026-10-02T00:00:00+05:30
1013,Bharat Road Network Limited,BRNL.NS,Unspecified,Scored,,0.7458364097748839,0.25416359022511614,165,INE727S01012,CONSOLIDATED,2026-06-30,-87.2676,2026-08-14T22:20:11+05:30,27,0,0.5,2026-09-30,2026-10-02T00:00:00+05:30
1636,M & B Engineering Limited,MBEL.NS,Unspecified,Scored,,0.744740469330898,0.255259530669102,166,INE08N601015,CONSOLIDATED,2026-06-30,21.9015,2026-08-10T16:01:45+05:30,5,0,0.75,2026-09-30,2026-10-02T00:00:00+05:30
434,PTC Industries Ltd.,PTCIL.NS,Capital Goods,Scored,,0.7439324616693834,0.2560675383306166,167,INE596F01018,CONSOLIDATED,2026-06-30,29.1927,2026-08-14T20:45:04+05:30,13,0,0.75,2026-09-30,2026-10-02T00:00:00+05:30
1158,Easy Trip Planners Limited,EASEMYTRIP.NS,Unspecified,Scored,,0.7438308539535791,0.25616914604642094,168,INE07O001026,CONSOLIDATED,2026-06-30,-11.688,2026-08-14T20:41:16+05:30,19,0,0.5,2026-09-30,2026-10-02T00:00:00+05:30
1329,Happy Forgings Limited,HAPPYFORGE.NS,Unspecified,Scored,,0.7436586239435761,0.25634137605642393,169,INE330T01021,CONSOLIDATED,2026-06-30,91.4613,2026-08-04T16:22:07+05:30,10,0,1.0,2026-09-30,2026-10-02T00:00:00+05:30
216,Bank of Maha,MAHABANK.NS,Banks,Scored,,0.7431481595718451,0.2568518404281549,170,INE457A01014,CONSOLIDATED,2026-06-30,2020.54,2026-07-10T16:52:15+05:30,24,0,1.0,2026-09-30,2026-10-02T00:00:00+05:30
959,Brand Concepts Limited,BCONCEPTS.NS,Unspecified,Scored,,0.7427901406952296,0.25720985930477036,171,INE977Y01011,CONSOLIDATED,2026-06-30,-2.8314,2026-08-13T14:53:08+05:30,16,0,0.5,2026-09-30,2026-10-02T00:00:00+05:30
2090,Smartlink Holdings Limited,SMARTLINK.NS,Unspecified,Scored,,0.7423670978169801,0.25763290218301993,172,INE178C01020,CONSOLIDATED,2026-06-30,5.6066,2026-07-31T19:07:03+05:30,25,0,0.5,2026-09-30,2026-10-02T00:00:00+05:30
209,Indian Bank,INDIANB.NS,Banks,Scored,,0.7422633996656004,0.2577366003343996,173,INE562A01011,CONSOLIDATED,2026-06-30,3299.48,2026-07-10T20:06:49+05:30,25,0,1.0,2026-09-30,2026-10-02T00:00:00+05:30
377,Inventurus Knowledge Solutions Ltd.,IKS.NS,Information Technology,Scored,,0.7420688328501572,0.25793116714984277,174,INE115Q01022,CONSOLIDATED,2026-06-30,193.741,2026-08-05T22:49:24+05:30,7,0,0.75,2026-09-30,2026-10-02T00:00:00+05:30
49,Indus Towers,INDUSTOWER.NS,Telecom,Scored,,0.7418315429441319,0.2581684570558681,175,INE121J01017,CONSOLIDATED,2026-06-30,1745.8,2026-07-27T19:54:39+05:30,32,0,0.5,2026-09-30,2026-10-02T00:00:00+05:30
1875,PTL Enterprises Limited,PTL.NS,Unspecified,Scored,,0.7415435837613582,0.2584564162386418,176,INE034D01049,STANDALONE,2026-06-30,8.7521,2026-08-06T16:20:06+05:30,31,0,0.5,2026-09-30,2026-10-02T00:00:00+05:30
806,Advani Hotels & Resorts (India) Limited,ADVANIHOTR.NS,Unspecified,Scored,,0.7414842282159392,0.2585157717840608,177,INE199C01026,STANDALONE,2026-06-30,1.3863,2026-08-14T21:36:15+05:30,31,0,0.5,2026-09-30,2026-10-02T00:00:00+05:30
2186,Tarsons Products Limited,TARSONS.NS,Unspecified,Scored,,0.7414214616132617,0.2585785383867383,178,INE144Z01023,CONSOLIDATED,2026-06-30,-1.444,2026-08-10T21:04:23+05:30,13,0,0.5,2026-09-30,2026-10-02T00:00:00+05:30
1918,Responsive Industries Limited,RESPONIND.NS,Unspecified,Scored,,0.7409596293559857,0.2590403706440143,179,INE688D01026,CONSOLIDATED,2026-06-30,2.7394,2026-08-14T17:26:18+05:30,28,0,0.5,2026-09-30,2026-10-02T00:00:00+05:30
485,The New India Assurance Company Ltd.,NIACL.NS,Financial Services,Scored,,0.7403413281125354,0.2596586718874646,180,INE470Y01017,CONSOLIDATED,2026-06-30,-243.94,2026-07-24T21:00:07+05:30,6,0,0.5,2026-09-30,2026-10-02T00:00:00+05:30
843,Alldigi Tech Limited,ALLDIGI.NS,Unspecified,Scored,,0.7402657994958961,0.2597342005041039,181,INE835G01018,CONSOLIDATED,2026-06-30,18.12,2026-07-24T21:54:15+05:30,29,0,0.75,2026-09-30,2026-10-02T00:00:00+05:30
90,Hitachi Energy,POWERINDIA.NS,Capital Goods,Scored,,0.7402093444385626,0.25979065556143743,182,INE07Y701011,STANDALONE,2026-06-30,294.15,2026-08-07T18:38:30+05:30,19,0,0.5,2026-09-30,2026-10-02T00:00:00+05:30
1829,PIL ITALICA LIFESTYLE LIMITED,PILITA.NS,Unspecified,Scored,,0.7400301774301717,0.25996982256982826,183,INE600A01035,STANDALONE,2026-06-30,0.1883,2026-07-17T16:32:13+05:30,29,0,0.25,2026-09-30,2026-10-02T00:00:00+05:30
1874,PSP Projects Limited,PSPPROJECT.NS,Unspecified,Scored,,0.7399465443388501,0.2600534556611499,184,INE488V01015,CONSOLIDATED,2026-06-30,18.3427,2026-07-30T14:25:05+05:30,27,0,0.75,2026-09-30,2026-10-02T00:00:00+05:30
1431,Iris Clothings Limited,IRISDOREME.NS,Unspecified,Scored,,0.7398270975246524,0.26017290247534763,185,INE01GN01025,STANDALONE,2026-06-30,4.0123,2026-07-27T12:14:04+05:30,21,0,0.5,2026-09-30,2026-10-02T00:00:00+05:30
2012,SecMark Consultancy Limited,SECMARK.NS,Unspecified,Scored,,0.7397182667133864,0.26028173328661364,186,INE0BTM01013,CONSOLIDATED,2026-06-30,-0.1866,2026-08-12T20:51:14+05:30,11,0,0.5,2026-09-30,2026-10-02T00:00:00+05:30
2114,SPML Infra Limited,SPMLINFRA.NS,Unspecified,Scored,,0.7394245109391265,0.26057548906087347,187,INE937A01023,CONSOLIDATED,2026-06-30,22.6761,2026-08-12T18:56:20+05:30,27,0,0.5,2026-09-30,2026-10-02T00:00:00+05:30
1968,Sagardeep Alloys Limited,SAGARDEEP.NS,Unspecified,Scored,,0.7393227997679747,0.26067720023202534,188,INE976T01013,CONSOLIDATED,2026-06-30,0.7445,2026-08-11T18:07:36+05:30,26,0,0.5,2026-09-30,2026-10-02T00:00:00+05:30
1998,Satia Industries Limited,SATIA.NS,Unspecified,Scored,,0.7389425038762367,0.2610574961237633,189,INE170E01023,STANDALONE,2026-06-30,-17.12,2026-08-14T15:39:02+05:30,29,0,0.25,2026-09-30,2026-10-02T00:00:00+05:30
677,Rashtriya Chemicals & Fertilizers Ltd.,RCF.NS,Chemicals,Scored,,0.7386529424971208,0.26134705750287923,190,INE027A01015,CONSOLIDATED,2026-06-30,73.53,2026-08-13T16:30:30+05:30,27,0,0.5,2026-09-30,2026-10-02T00:00:00+05:30
722,Surya Roshni Ltd.,SURYAROSNI.NS,Capital Goods,Scored,,0.7382260285391715,0.2617739714608285,191,INE335A01020,CONSOLIDATED,2026-06-30,59.6,2026-08-11T17:20:08+05:30,28,0,0.75,2026-09-30,2026-10-02T00:00:00+05:30
464,Sobha Ltd.,SOBHA.NS,Realty,Scored,,0.7376333312655132,0.2623666687344868,192,INE671H01015,CONSOLIDATED,2026-06-30,50.846,2026-07-20T17:16:21+05:30,31,0,0.5,2026-09-30,2026-10-02T00:00:00+05:30
1678,Monarch Networth Capital Limited,MONARCH.NS,Unspecified,Scored,,0.7371584410236491,0.26284155897635086,193,INE903D01011,CONSOLIDATED,2026-06-30,45.1829,2026-08-10T21:43:06+05:30,18,0,0.5,2026-09-30,2026-10-02T00:00:00+05:30
2286,Vascon Engineers Limited,VASCONEQ.NS,Unspecified,Scored,,0.7371411705525884,0.26285882944741157,194,INE893I01013,CONSOLIDATED,2026-06-30,2.01,2026-08-12T13:58:14+05:30,27,0,0.0,2026-09-30,2026-10-02T00:00:00+05:30
2370,Zim Laboratories Limited,ZIMLAB.NS,Unspecified,Scored,,0.7369176834951906,0.2630823165048094,195,INE518E01015,CONSOLIDATED,2026-06-30,-4.017,2026-08-06T17:44:11+05:30,15,0,0.5,2026-09-30,2026-10-02T00:00:00+05:30
1248,Gayatri Highways Limited,GAYAHWS.NS,Unspecified,Scored,,0.736806693704108,0.263193306295892,196,INE287Z01012,CONSOLIDATED,2026-06-30,-2.8287,2026-08-13T17:34:04+05:30,23,0,0.5,2026-09-30,2026-10-02T00:00:00+05:30
1438,IL&FS Investment Managers Limited,IVC.NS,Unspecified,Scored,,0.7367113509629544,0.26328864903704563,197,INE050B01023,CONSOLIDATED,2026-06-30,1.2123,2026-08-13T15:13:12+05:30,28,0,0.5,2026-09-30,2026-10-02T00:00:00+05:30
1274,Globe Civil Projects Limited,GLOBECIVIL.NS,Unspecified,Scored,,0.7364922575114587,0.26350774248854125,198,INE0V3U01015,CONSOLIDATED,2026-06-30,7.091,2026-08-12T19:50:15+05:30,6,0,0.75,2026-09-30,2026-10-02T00:00:00+05:30
32,Billionbrains,GROWW.NS,Unspecified,Scored,,0.7364461368730804,0.26355386312691964,199,INE0HOQ01053,CONSOLIDATED,2026-06-30,735.04,2026-07-15T12:50:17+05:30,4,3,1.0,2026-09-30,2026-10-02T00:00:00+05:30
521,Alivus Life Sciences Ltd.,ALIVUS.NS,Healthcare,Scored,,0.7360204245987959,0.2639795754012041,200,INE03Q201024,STANDALONE,2026-06-30,160.076,2026-07-30T19:15:16+05:30,21,0,0.75,2026-09-30,2026-10-02T00:00:00+05:30
1071,CP Capital Limited,CPCAP.NS,Unspecified,Scored,,0.7358748047821562,0.26412519521784383,201,INE521J01018,CONSOLIDATED,2026-06-30,13.3129,2026-08-14T14:11:09+05:30,27,3,0.5,2026-09-30,2026-10-02T00:00:00+05:30
112,Thermax,THERMAX.NS,Capital Goods,Scored,,0.7355623059074741,0.26443769409252593,202,INE152A01029,CONSOLIDATED,2026-06-30,21.79,2026-07-30T17:31:08+05:30,30,0,0.5,2026-09-30,2026-10-02T00:00:00+05:30
764,Enviro Infra Engineers Ltd.,EIEL.NS,Utilities,Scored,,0.7352666128048486,0.2647333871951514,203,INE0LLY01014,CONSOLIDATED,2026-06-30,45.2125,2026-08-11T19:09:44+05:30,8,0,0.5,2026-09-30,2026-10-02T00:00:00+05:30
1923,Robust Hotels Limited,RHL.NS,Unspecified,Scored,,0.7350438980491061,0.2649561019508939,204,INE508K01013,STANDALONE,2026-06-30,6.1198,2026-08-13T16:47:05+05:30,13,0,0.5,2026-09-30,2026-10-02T00:00:00+05:30
48,NMDC,NMDC.NS,Mining,Scored,,0.7349697992926569,0.26503020070734307,205,INE584A01023,CONSOLIDATED,2026-06-30,1976.33,2026-08-15T01:56:07+05:30,28,0,0.5,2026-09-30,2026-10-02T00:00:00+05:30
1588,Macpower CNC Machines Limited,MACPOWER.NS,Unspecified,Scored,,0.734954840450568,0.265045159549432,206,INE155Z01011,STANDALONE,2026-06-30,9.5821,2026-07-29T13:49:34+05:30,24,0,0.75,2026-09-30,2026-10-02T00:00:00+05:30
1220,Fischer Medical Ventures Limited,FISCHER.NS,Unspecified,Scored,,0.7347700833725039,0.26522991662749607,207,INE771F01041,CONSOLIDATED,2026-06-30,3.7913,2026-08-14T20:43:06+05:30,4,3,1.0,2026-09-30,2026-10-02T00:00:00+05:30
1379,Ice Make Refrigeration Limited,ICEMAKE.NS,Unspecified,Scored,,0.734649879219603,0.265350120780397,208,INE520Y01019,CONSOLIDATED,2026-06-30,-1.6525,2026-08-13T18:54:57+05:30,24,0,0.5,2026-09-30,2026-10-02T00:00:00+05:30
1232,Gala Precision Engineering Limited,GALAPREC.NS,Unspecified,Scored,,0.7346395371289602,0.26536046287103976,209,INE0RE001014,CONSOLIDATED,2026-06-30,8.19,2026-08-06T19:36:10+05:30,9,0,0.5,2026-09-30,2026-10-02T00:00:00+05:30
1430,IRIS RegTech Solutions Limited,IRIS.NS,Unspecified,Scored,,0.7346055337899967,0.2653944662100033,210,INE864K01010,CONSOLIDATED,2026-06-30,-0.9712,2026-08-07T17:46:14+05:30,19,0,0.0,2026-09-30,2026-10-02T00:00:00+05:30
1799,Paisalo Digital Limited,PAISALO.NS,Unspecified,Scored,,0.7345694857021612,0.2654305142978388,211,INE420C01059,CONSOLIDATED,2026-06-30,61.314,2026-08-05T16:02:10+05:30,26,0,0.5,2026-09-30,2026-10-02T00:00:00+05:30
1632,Max India Limited,MAXIND.NS,Unspecified,Scored,,0.7345413190510549,0.2654586809489451,212,INE0CG601016,CONSOLIDATED,2026-06-30,-36.28,2026-08-11T17:40:12+05:30,23,0,0.25,2026-09-30,2026-10-02T00:00:00+05:30
1903,Ram Ratna Wires Limited,RAMRAT.NS,Unspecified,Scored,,0.7344023809859842,0.2655976190140158,213,INE207E01023,CONSOLIDATED,2026-06-30,35.1635,2026-07-31T17:23:28+05:30,16,0,0.5,2026-09-30,2026-10-02T00:00:00+05:30
799,ADF Foods Limited,ADFFOODS.NS,Unspecified,Scored,,0.7342435041077275,0.26575649589227246,214,INE982B01027,CONSOLIDATED,2026-06-30,17.2852,2026-07-29T21:42:04+05:30,30,0,0.5,2026-09-30,2026-10-02T00:00:00+05:30
1694,Mukta Arts Limited,MUKTAARTS.NS,Unspecified,Scored,,0.7340464543068382,0.26595354569316176,215,INE374B01019,CONSOLIDATED,2026-06-30,-2.1466,2026-08-12T21:29:12+05:30,30,0,0.75,2026-09-30,2026-10-02T00:00:00+05:30
645,Mishra Dhatu Nigam Ltd.,MIDHANI.NS,Capital Goods,Scored,,0.7338003699906152,0.26619963000938485,216,INE099Z01011,CONSOLIDATED,2026-06-30,16.4676,2026-08-12T16:22:32+05:30,26,0,0.5,2026-09-30,2026-10-02T00:00:00+05:30
1044,Chembond Chemicals Limited,CHEMBONDCH.NS,Unspecified,Scored,,0.7338001646510198,0.2661998353489802,217,INE0TGX01019,CONSOLIDATED,2026-06-30,9.5499,2026-07-16T18:19:17+05:30,5,0,0.75,2026-09-30,2026-10-02T00:00:00+05:30
178,HDB FINANC SER,HDBFS.NS,Financial Services,Scored,,0.7337693152030099,0.2662306847969901,218,INE756I01012,STANDALONE,2026-06-30,785.186,2026-07-15T19:14:58+05:30,5,0,1.0,2026-09-30,2026-10-02T00:00:00+05:30
447,Railtel Corporation Of India Ltd.,RAILTEL.NS,Telecommunication,Scored,,0.7333938343052402,0.2666061656947598,219,INE0DD101019,STANDALONE,2026-06-30,65.78,2026-07-30T17:51:27+05:30,10,0,0.5,2026-09-30,2026-10-02T00:00:00+05:30
671,Puravankara Ltd.,PURVA.NS,Realty,Scored,,0.7331229700236973,0.2668770299763027,220,INE323I01011,CONSOLIDATED,2026-06-30,25.23,2026-08-14T17:35:16+05:30,31,0,0.75,2026-09-30,2026-10-02T00:00:00+05:30
291,Ceat Ltd.,CEATLTD.NS,Automobile and Auto Components,Scored,,0.7330335296004954,0.2669664703995046,221,INE482A01020,CONSOLIDATED,2026-06-30,4.0,2026-07-16T19:58:11+05:30,31,0,0.5,2026-09-30,2026-10-02T00:00:00+05:30
407,Leela Palaces Hotels & Resorts Ltd.,THELEELA.NS,Consumer Services,Scored,,0.7329459328643322,0.2670540671356678,222,INE0AQ201015,CONSOLIDATED,2026-06-30,48.755,2026-07-31T19:21:07+05:30,5,0,0.75,2026-09-30,2026-10-02T00:00:00+05:30
20,Natl. Aluminium,NATIONALUM.NS,Metals,Scored,,0.7326770132854332,0.2673229867145668,223,INE139A01034,CONSOLIDATED,2026-06-30,2003.14,2026-07-31T21:23:05+05:30,29,0,1.0,2026-09-30,2026-10-02T00:00:00+05:30
1288,AION-TECH SOLUTIONS LIMITED,GOLDTECH.NS,Unspecified,Scored,,0.7326173875157304,0.26738261248426964,224,INE805A01014,CONSOLIDATED,2026-06-30,-2.603,2026-08-12T18:00:57+05:30,30,0,0.25,2026-09-30,2026-10-02T00:00:00+05:30
2071,Signpost India Limited,SIGNPOST.NS,Unspecified,Scored,,0.7324910286411793,0.2675089713588207,225,INE0KGZ01021,CONSOLIDATED,2026-06-30,18.6554,2026-08-03T21:12:14+05:30,11,0,0.75,2026-09-30,2026-10-02T00:00:00+05:30
1754,Northern Arc Capital Limited,NORTHARC.NS,Unspecified,Scored,,0.7321206625230328,0.26787933747696724,226,INE850M01015,CONSOLIDATED,2026-06-30,114.1042,2026-07-27T20:19:21+05:30,9,0,0.75,2026-09-30,2026-10-02T00:00:00+05:30
904,Aspinwall and Company Limited,ASPINWALL.NS,Unspecified,Scored,,0.7320673030829767,0.26793269691702326,227,INE991I01015,CONSOLIDATED,2026-06-30,-0.7,2026-08-05T17:28:44+05:30,26,0,0.5,2026-09-30,2026-10-02T00:00:00+05:30
1895,Rajshree Sugars & Chemicals Limited,RAJSREESUG.NS,Unspecified,Scored,,0.7320103863253395,0.26798961367466045,228,INE562B01019,STANDALONE,2026-06-30,-23.3296,2026-07-20T18:28:45+05:30,33,0,0.5,2026-09-30,2026-10-02T00:00:00+05:30
1023,California Software Company Limited,CALSOFT.NS,Unspecified,Scored,,0.731935631017446,0.26806436898255404,229,INE526B01014,CONSOLIDATED,2026-06-30,4.1939,2026-07-20T23:13:09+05:30,23,0,0.75,2026-09-30,2026-10-02T00:00:00+05:30
2278,U. Y. Fincorp Limited,UYFINCORP.NS,Unspecified,Scored,,0.7313244710149575,0.26867552898504254,230,INE152C01025,STANDALONE,2026-06-30,19.6161,2026-08-10T14:20:10+05:30,8,0,1.0,2026-09-30,2026-10-02T00:00:00+05:30
588,Gujarat Narmada Valley Fertilizers and Chemicals Ltd.,GNFC.NS,Chemicals,Scored,,0.7312837673542377,0.2687162326457623,231,INE113A01013,CONSOLIDATED,2026-06-30,312.0,2026-08-05T17:01:16+05:30,28,0,0.5,2026-09-30,2026-10-02T00:00:00+05:30
2064,Shyam Telecom Limited,SHYAMTEL.NS,Unspecified,Scored,,0.7311377105901692,0.2688622894098308,232,INE635A01023,STANDALONE,2026-06-30,-1.9935,2026-08-11T15:05:09+05:30,26,2,0.0,2026-09-30,2026-10-02T00:00:00+05:30
1381,Ideaforge Technology Limited,IDEAFORGE.NS,Unspecified,Scored,,0.7310635920657819,0.26893640793421814,233,INE349Y01013,CONSOLIDATED,2026-06-30,-2.589,2026-08-10T19:51:18+05:30,12,0,0.5,2026-09-30,2026-10-02T00:00:00+05:30
1255,Genesys International Corporation Limited,GENESYS.NS,Unspecified,Scored,,0.7308309114851766,0.26916908851482335,234,INE727B01026,CONSOLIDATED,2026-06-30,5.281,2026-08-14T20:29:16+05:30,29,0,0.5,2026-09-30,2026-10-02T00:00:00+05:30
2372,Zodiac Clothing Company Limited,ZODIACLOTH.NS,Unspecified,Scored,,0.7305113008745671,0.26948869912543294,235,INE206B01013,CONSOLIDATED,2026-06-30,-8.9314,2026-08-12T19:50:16+05:30,28,0,0.5,2026-09-30,2026-10-02T00:00:00+05:30
1476,Kalpataru Limited,KALPATARU.NS,Unspecified,Scored,,0.7304012421986682,0.2695987578013318,236,INE227J01012,CONSOLIDATED,2026-06-30,-29.04,2026-08-03T20:49:08+05:30,6,0,0.5,2026-09-30,2026-10-02T00:00:00+05:30
1668,Modi Naturals Limited,MODINATUR.NS,Unspecified,Scored,,0.730247061018348,0.269752938981652,237,INE537F01012,CONSOLIDATED,2026-06-30,12.5012,2026-08-14T19:46:15+05:30,3,3,0.5,2026-09-30,2026-10-02T00:00:00+05:30
1420,Innovision Limited,INNOVISION.NS,Unspecified,Scored,,0.7301486474781753,0.2698513525218247,238,INE0ADB01012,CONSOLIDATED,2026-06-30,-7.355,2026-08-12T18:35:13+05:30,3,3,0.5,2026-09-30,2026-10-02T00:00:00+05:30
172,Bajaj Housing,BAJAJHFL.NS,Financial Services,Scored,,0.7300015066200075,0.2699984933799925,239,INE377Y01014,STANDALONE,2026-06-30,715.28,2026-07-29T20:55:07+05:30,8,0,1.0,2026-09-30,2026-10-02T00:00:00+05:30
1034,Ceigall India Limited,CEIGALL.NS,Unspecified,Scored,,0.7299719490890514,0.2700280509109486,240,INE0AG901020,CONSOLIDATED,2026-06-30,63.747,2026-08-08T16:20:57+05:30,8,0,0.5,2026-09-30,2026-10-02T00:00:00+05:30
289,Cartrade Tech Ltd.,CARTRADE.NS,Consumer Services,Scored,,0.7298500803279162,0.2701499196720838,241,INE290S01011,CONSOLIDATED,2026-06-30,56.7529,2026-07-29T13:45:54+05:30,18,0,0.5,2026-09-30,2026-10-02T00:00:00+05:30
628,Kirloskar Pneumatic Company Ltd.,KIRLPNU.NS,Capital Goods,Scored,,0.7297441061619342,0.2702558938380658,242,INE811A01038,CONSOLIDATED,2026-06-30,33.2,2026-07-21T17:49:55+05:30,7,0,0.5,2026-09-30,2026-10-02T00:00:00+05:30
1029,CARE Ratings Limited,CARERATING.NS,Unspecified,Scored,,0.7296308667486351,0.2703691332513649,243,INE752H01013,CONSOLIDATED,2026-06-30,32.9926,2026-08-07T18:29:05+05:30,28,0,0.5,2026-09-30,2026-10-02T00:00:00+05:30
300,City Union Bank Ltd.,CUB.NS,Financial Services,Scored,,0.7295045566055586,0.2704954433944414,244,INE491A01021,STANDALONE,2026-06-30,382.5732,2026-07-28T19:17:10+05:30,25,0,1.0,2026-09-30,2026-10-02T00:00:00+05:30
1103,Deccan Cements Limited,DECCANCE.NS,Unspecified,Scored,,0.7294976794582781,0.27050232054172185,245,INE583C01021,CONSOLIDATED,2026-06-30,-7.3885,2026-08-12T17:07:13+05:30,9,0,0.25,2026-09-30,2026-10-02T00:00:00+05:30
955,Bharat Bijlee Limited,BBL.NS,Unspecified,Scored,,0.7290233337913059,0.2709766662086941,246,INE464A01036,STANDALONE,2026-06-30,19.63,2026-08-04T16:01:13+05:30,33,0,0.5,2026-09-30,2026-10-02T00:00:00+05:30
662,Piccadily Agro Industries Ltd.,PICCADIL.NS,Fast Moving Consumer Goods,Scored,,0.7287924344016126,0.27120756559838743,247,INE546C01010,CONSOLIDATED,2026-06-30,21.4357,2026-08-11T16:19:08+05:30,5,0,0.5,2026-09-30,2026-10-02T00:00:00+05:30
782,Aakash Exploration Services Limited,AAKASH.NS,Unspecified,Scored,,0.7287383880062411,0.27126161199375887,248,INE087Z01024,STANDALONE,2026-06-30,0.5248,2026-08-11T17:21:05+05:30,18,0,0.5,2026-09-30,2026-10-02T00:00:00+05:30
991,BEML Land Assets Limited,BLAL.NS,Unspecified,Scored,,0.7285849613987263,0.2714150386012737,249,INE0N7W01012,STANDALONE,2026-06-30,-0.4701,2026-07-31T14:24:33+05:30,13,3,1.0,2026-09-30,2026-10-02T00:00:00+05:30
804,Advait Energy Transitions Limited,ADVAIT.NS,Unspecified,Scored,,0.7282662767558168,0.2717337232441832,250,INE0ALI01010,CONSOLIDATED,2026-06-30,14.8015,2026-08-07T17:28:12+05:30,3,3,0.5,2026-09-30,2026-10-02T00:00:00+05:30
448,Rainbow Childrens Medicare Ltd.,RAINBOW.NS,Healthcare,Scored,,0.7281428327337534,0.27185716726624665,251,INE961O01016,CONSOLIDATED,2026-06-30,62.54,2026-07-30T16:50:12+05:30,18,0,0.5,2026-09-30,2026-10-02T00:00:00+05:30
1065,Consolidated Finvest & Holdings Limited,CONSOFINVT.NS,Unspecified,Scored,,0.7281144141716588,0.2718855858283412,252,INE025A01027,STANDALONE,2026-06-30,13.0,2026-08-12T16:48:28+05:30,17,0,0.5,2026-09-30,2026-10-02T00:00:00+05:30
2089,SKM Egg Products Export (India) Limited,SKMEGGPROD.NS,Unspecified,Scored,,0.7278023606084753,0.27219763939152475,253,INE411D01023,CONSOLIDATED,2026-06-30,23.83,2026-07-29T15:38:37+05:30,27,0,0.75,2026-09-30,2026-10-02T00:00:00+05:30
397,Karur Vysya Bank Ltd.,KARURVYSYA.NS,Financial Services,Scored,,0.7276803580422418,0.27231964195775815,254,INE036D01028,STANDALONE,2026-06-30,755.7,2026-07-20T20:02:18+05:30,22,0,1.0,2026-09-30,2026-10-02T00:00:00+05:30
841,Alkali Metals Limited,ALKALI.NS,Unspecified,Scored,,0.7276018836967658,0.2723981163032342,255,INE773I01017,STANDALONE,2026-06-30,-0.6442,2026-07-20T15:13:47+05:30,33,0,0.5,2026-09-30,2026-10-02T00:00:00+05:30
251,Affle 3i Ltd.,AFFLE.NS,Information Technology,Scored,,0.7270460210805081,0.2729539789194919,256,INE00WC01027,CONSOLIDATED,2026-06-30,128.439,2026-08-08T17:51:10+05:30,27,0,1.0,2026-09-30,2026-10-02T00:00:00+05:30
2171,Swan Defence and Heavy Industries Limited,SWANDEF.NS,Unspecified,Scored,,0.7268393968276636,0.27316060317233637,257,INE542F01020,CONSOLIDATED,2026-06-30,-41.6822,2026-08-11T18:10:04+05:30,7,0,0.5,2026-09-30,2026-10-02T00:00:00+05:30
728,Tamilnad Mercantile Bank Ltd.,TMB.NS,Financial Services,Scored,,0.726668809320539,0.273331190679461,258,INE668A01016,STANDALONE,2026-06-30,411.51,2026-07-27T17:58:40+05:30,12,0,1.0,2026-09-30,2026-10-02T00:00:00+05:30
167,Power Fin.Corpn.,PFC.NS,Financial Services,Scored,,0.7260288896742454,0.2739711103257546,259,INE134E01011,CONSOLIDATED,2026-06-30,8997.92,2026-08-07T20:20:15+05:30,25,0,0.75,2026-09-30,2026-10-02T00:00:00+05:30
784,Aarnav Fashions Limited,AARNAV.NS,Unspecified,Scored,,0.7259072718209505,0.2740927281790495,260,INE750R01016,STANDALONE,2026-06-30,1.681,2026-07-28T19:09:06+05:30,2,4,0.0,2026-09-30,2026-10-02T00:00:00+05:30
1447,Jash Engineering Limited,JASH.NS,Unspecified,Scored,,0.7256158819296,0.2743841180704,261,INE039O01029,CONSOLIDATED,2026-06-30,5.0892,2026-08-11T16:05:30+05:30,28,0,0.75,2026-09-30,2026-10-02T00:00:00+05:30
917,Automotive Axles Limited,AUTOAXLES.NS,Unspecified,Scored,,0.7255941164520135,0.27440588354798645,262,INE449A01011,STANDALONE,2026-06-30,45.596,2026-08-05T19:20:58+05:30,30,0,0.75,2026-09-30,2026-10-02T00:00:00+05:30
2142,Sula Vineyards Limited,SULA.NS,Unspecified,Scored,,0.7255675150371929,0.27443248496280714,263,INE142Q01026,CONSOLIDATED,2026-06-30,1.06,2026-08-06T19:09:12+05:30,14,0,0.0,2026-09-30,2026-10-02T00:00:00+05:30
736,Time Technoplast Ltd.,TIMETECHNO.NS,Capital Goods,Scored,,0.7254751357385436,0.2745248642614564,264,INE508G01029,CONSOLIDATED,2026-06-30,117.86,2026-08-05T21:44:09+05:30,31,0,0.75,2026-09-30,2026-10-02T00:00:00+05:30
642,Medplus Health Services Ltd.,MEDPLUS.NS,Consumer Services,Scored,,0.7253828837220323,0.2746171162779677,265,INE804L01022,CONSOLIDATED,2026-06-30,33.167,2026-07-21T19:19:00+05:30,18,0,0.75,2026-09-30,2026-10-02T00:00:00+05:30
901,Asian Hotels (North) Limited,ASIANHOTNR.NS,Unspecified,Scored,,0.7250019559758825,0.27499804402411754,266,INE363A01022,CONSOLIDATED,2026-06-30,-3.5442,2026-08-10T21:05:17+05:30,15,4,0.0,2026-09-30,2026-10-02T00:00:00+05:30
660,Paras Defence and Space Technologies Ltd.,PARAS.NS,Capital Goods,Scored,,0.7249392823607373,0.27506071763926265,267,INE045601023,CONSOLIDATED,2026-06-30,20.74,2026-08-07T16:28:29+05:30,18,0,0.5,2026-09-30,2026-10-02T00:00:00+05:30
92,Godrej Consumer,GODREJCP.NS,FMCG,Scored,,0.7247277605885108,0.27527223941148915,268,INE102D01028,CONSOLIDATED,2026-06-30,504.52,2026-08-07T16:07:15+05:30,30,3,1.0,2026-09-30,2026-10-02T00:00:00+05:30
2185,Tarmat Limited,TARMAT.NS,Unspecified,Scored,,0.7246978215238604,0.2753021784761396,269,INE924H01018,CONSOLIDATED,2026-06-30,1.5333,2026-08-14T17:22:13+05:30,24,0,0.5,2026-09-30,2026-10-02T00:00:00+05:30
1730,Nakoda Group of Industries Limited,NGIL.NS,Unspecified,Scored,,0.7245840286851815,0.27541597131481854,270,INE236Y01012,STANDALONE,2026-06-30,0.2926,2026-07-28T17:14:27+05:30,19,0,0.75,2026-09-30,2026-10-02T00:00:00+05:30
517,Aether Industries Ltd.,AETHER.NS,Chemicals,Scored,,0.7241112395853774,0.2758887604146226,271,INE0BWX01014,CONSOLIDATED,2026-06-30,62.749,2026-07-31T14:11:42+05:30,15,0,1.0,2026-09-30,2026-10-02T00:00:00+05:30
184,L&T Finance Ltd,LTF.NS,Financial Services,Scored,,0.7239147578552564,0.2760852421447436,272,INE498L01015,CONSOLIDATED,2026-06-30,915.99,2026-07-10T18:31:10+05:30,22,0,1.0,2026-09-30,2026-10-02T00:00:00+05:30
1142,D. P. Abhushan Limited,DPABHUSHAN.NS,Unspecified,Scored,,0.7234755607229443,0.2765244392770557,273,INE266Y01019,STANDALONE,2026-06-30,64.4495,2026-07-20T14:52:04+05:30,17,0,0.75,2026-09-30,2026-10-02T00:00:00+05:30
279,Brigade Enterprises Ltd.,BRIGADE.NS,Realty,Scored,,0.723189952777586,0.276810047222414,274,INE791I01019,CONSOLIDATED,2026-06-30,216.94,2026-08-13T20:10:11+05:30,33,0,0.75,2026-09-30,2026-10-02T00:00:00+05:30
1012,Brigade Hotel Ventures Limited,BRIGHOTEL.NS,Unspecified,Scored,,0.7231880657026588,0.2768119342973412,275,INE03NU01014,CONSOLIDATED,2026-06-30,17.34,2026-08-05T20:28:44+05:30,4,0,0.5,2026-09-30,2026-10-02T00:00:00+05:30
1437,Ivalue Infosolutions Limited,IVALUE.NS,Unspecified,Scored,,0.723024748663277,0.27697525133672296,276,INE056801025,CONSOLIDATED,2026-06-30,15.72,2026-07-29T17:48:05+05:30,5,0,0.5,2026-09-30,2026-10-02T00:00:00+05:30
225,B H E L,BHEL.NS,Capital Goods,Scored,,0.723007691508548,0.27699230849145196,277,INE257A01026,CONSOLIDATED,2026-06-30,376.71,2026-07-16T15:02:12+05:30,27,0,0.75,2026-09-30,2026-10-02T00:00:00+05:30
162,Cholaman.Inv.&Fn,CHOLAFIN.NS,Financial Services,Scored,,0.722984192199998,0.277015807800002,278,INE121A01024,CONSOLIDATED,2026-06-30,1656.22,2026-07-28T18:00:21+05:30,26,0,1.0,2026-09-30,2026-10-02T00:00:00+05:30
285,Canara HSBC Life Insurance Company Ltd.,CANHLIFE.NS,Financial Services,Scored,,0.7226795838213311,0.27732041617866887,279,INE01TY01017,STANDALONE,2026-06-30,28.14,2026-07-20T16:31:11+05:30,4,6,0.3333333333333333,2026-09-30,2026-10-02T00:00:00+05:30
211,Union Bank (I),UNIONBANK.NS,Banks,Scored,,0.7226713676935649,0.2773286323064351,280,INE692A01016,CONSOLIDATED,2026-06-30,5368.17,2026-07-15T18:22:44+05:30,27,0,1.0,2026-09-30,2026-10-02T00:00:00+05:30
913,Atul Auto Limited,ATULAUTO.NS,Unspecified,Scored,,0.7225724912190732,0.2774275087809268,281,INE951D01028,CONSOLIDATED,2026-06-30,8.04,2026-08-08T17:35:10+05:30,29,0,0.75,2026-09-30,2026-10-02T00:00:00+05:30
1913,Ravindra Energy Limited,RELTD.NS,Unspecified,Scored,,0.7225510078474862,0.27744899215251384,282,INE206N01018,CONSOLIDATED,2026-06-30,1.635,2026-08-14T21:57:07+05:30,9,0,0.25,2026-09-30,2026-10-02T00:00:00+05:30
1380,ICRA Limited,ICRA.NS,Unspecified,Scored,,0.7224047317988528,0.2775952682011472,283,INE725G01011,CONSOLIDATED,2026-06-30,56.4588,2026-07-30T13:56:11+05:30,30,0,0.75,2026-09-30,2026-10-02T00:00:00+05:30
1904,Rana Sugars Limited,RANASUG.NS,Unspecified,Scored,,0.7218141554515621,0.27818584454843787,284,INE625B01014,STANDALONE,2026-06-30,-20.6526,2026-08-14T18:00:41+05:30,29,3,0.5,2026-09-30,2026-10-02T00:00:00+05:30
536,AvenuesAI Ltd.,CCAVENUE.NS,Financial Services,Scored,,0.7216849261321188,0.27831507386788124,285,INE483S01020,CONSOLIDATED,2026-06-30,84.77,2026-08-11T17:05:06+05:30,26,0,0.75,2026-09-30,2026-10-02T00:00:00+05:30
454,Sagility Ltd.,SAGILITY.NS,Information Technology,Scored,,0.721656935931246,0.278343064068754,286,INE0W2G01015,CONSOLIDATED,2026-06-30,216.811,2026-07-21T18:52:14+05:30,8,0,0.5,2026-09-30,2026-10-02T00:00:00+05:30
2093,SMS Pharmaceuticals Limited,SMSPHARMA.NS,Unspecified,Scored,,0.721516979173197,0.278483020826803,287,INE812G01025,CONSOLIDATED,2026-06-30,20.909,2026-07-31T17:58:16+05:30,20,0,0.5,2026-09-30,2026-10-02T00:00:00+05:30
1907,RBZ Jewellers Limited,RBZJEWEL.NS,Unspecified,Scored,,0.721506493251507,0.27849350674849305,288,INE0PEQ01016,STANDALONE,2026-06-30,9.0932,2026-08-11T16:42:15+05:30,11,0,0.25,2026-09-30,2026-10-02T00:00:00+05:30
1643,Medicamen Biotech Limited,MEDICAMEQ.NS,Unspecified,Scored,,0.7214430289248204,0.2785569710751796,289,INE646B01010,CONSOLIDATED,2026-06-30,1.8461,2026-08-14T15:48:08+05:30,19,0,0.5,2026-09-30,2026-10-02T00:00:00+05:30
1787,Oriental Hotels Limited,ORIENTHOT.NS,Unspecified,Scored,,0.7214370941479754,0.2785629058520246,290,INE750A01020,CONSOLIDATED,2026-06-30,5.3,2026-07-15T15:07:39+05:30,28,0,0.75,2026-09-30,2026-10-02T00:00:00+05:30
366,IRCON International Ltd.,IRCON.NS,Construction,Scored,,0.7210131490906644,0.2789868509093356,291,INE962Y01021,CONSOLIDATED,2026-06-30,92.03,2026-08-12T17:44:08+05:30,26,0,0.25,2026-09-30,2026-10-02T00:00:00+05:30
1404,Indo Farm Equipment Limited,INDOFARM.NS,Unspecified,Scored,,0.7208697813546076,0.27913021864539245,292,INE622H01018,CONSOLIDATED,2026-06-30,5.6574,2026-08-08T18:30:35+05:30,8,0,0.5,2026-09-30,2026-10-02T00:00:00+05:30
1783,Oriental Trimex Limited,ORIENTALTL.NS,Unspecified,Scored,,0.7201473197841368,0.2798526802158632,293,INE998H01012,STANDALONE,2026-06-30,0.8198,2026-08-10T16:31:46+05:30,31,0,0.5,2026-09-30,2026-10-02T00:00:00+05:30
1027,Capital Small Finance Bank Limited,CAPITALSFB.NS,Unspecified,Scored,,0.7199186953654577,0.2800813046345423,294,INE646H01017,STANDALONE,2026-06-30,41.3,2026-07-23T15:56:49+05:30,9,0,1.0,2026-09-30,2026-10-02T00:00:00+05:30
2191,Transport Corporation of India Limited,TCI.NS,Unspecified,Scored,,0.7197398232521557,0.2802601767478443,295,INE688A01022,CONSOLIDATED,2026-06-30,106.6,2026-07-30T16:54:32+05:30,29,0,0.75,2026-09-30,2026-10-02T00:00:00+05:30
1842,Pondy Oxides & Chemicals Limited,POCL.NS,Unspecified,Scored,,0.7196227172920941,0.28037728270790585,296,INE063E01061,CONSOLIDATED,2026-06-30,35.8802,2026-08-04T20:35:19+05:30,14,0,0.75,2026-09-30,2026-10-02T00:00:00+05:30
3,Nestle India,NESTLEIND.NS,FMCG,Scored,,0.7194589714691083,0.2805410285308917,297,INE239A01024,CONSOLIDATED,2026-06-30,958.68,2026-07-22T16:29:12+05:30,8,0,0.75,2026-09-30,2026-10-02T00:00:00+05:30
284,Can Fin Homes Ltd.,CANFINHOME.NS,Financial Services,Scored,,0.719308885043412,0.28069111495658805,298,INE477A01020,STANDALONE,2026-06-30,267.8209,2026-07-18T19:05:42+05:30,25,0,0.75,2026-09-30,2026-10-02T00:00:00+05:30
2173,Swelect Energy Systems Limited,SWELECTES.NS,Unspecified,Scored,,0.7187604899362825,0.2812395100637175,299,INE409B01013,CONSOLIDATED,2026-06-30,7.6533,2026-08-13T21:56:31+05:30,25,0,0.25,2026-09-30,2026-10-02T00:00:00+05:30
1884,RACL Geartech Limited,RACLGEAR.NS,Unspecified,Scored,,0.7186544846243642,0.2813455153756358,300,INE704B01017,CONSOLIDATED,2026-06-30,8.9,2026-08-07T18:04:46+05:30,7,0,0.5,2026-09-30,2026-10-02T00:00:00+05:30
1066,Control Print Limited,CONTROLPR.NS,Unspecified,Scored,,0.7185292208177327,0.28147077918226726,301,INE663B01015,CONSOLIDATED,2026-06-30,3.9198,2026-07-23T18:31:10+05:30,29,0,0.5,2026-09-30,2026-10-02T00:00:00+05:30
175,Aditya Birla Cap,ABCAPITAL.NS,Financial Services,Scored,,0.7183845407690205,0.2816154592309795,302,INE674K01013,CONSOLIDATED,2026-06-30,1223.85,2026-07-31T14:49:13+05:30,27,0,1.0,2026-09-30,2026-10-02T00:00:00+05:30
2100,Soma Textiles & Industries Limited,SOMATEX.NS,Unspecified,Scored,,0.7183717631206051,0.28162823687939487,303,INE314C01013,CONSOLIDATED,2026-06-30,2.76,2026-07-31T12:36:58+05:30,27,0,0.5,2026-09-30,2026-10-02T00:00:00+05:30
1364,HLV LIMITED,HLVLTD.NS,Unspecified,Scored,,0.7182246681287875,0.2817753318712125,304,INE102A01024,STANDALONE,2026-06-30,-0.78,2026-07-28T13:32:16+05:30,26,0,0.5,2026-09-30,2026-10-02T00:00:00+05:30
1572,Liberty Shoes Limited,LIBERTSHOE.NS,Unspecified,Scored,,0.7177144072982409,0.2822855927017591,305,INE557B01019,STANDALONE,2026-06-30,0.6837,2026-08-10T15:27:12+05:30,33,0,0.25,2026-09-30,2026-10-02T00:00:00+05:30
1032,Consolidated Construction Consortium Limited,CCCL.NS,Unspecified,Scored,,0.717574089800235,0.28242591019976504,306,INE429I01024,CONSOLIDATED,2026-06-30,-5.4916,2026-07-28T19:46:16+05:30,26,0,0.0,2026-09-30,2026-10-02T00:00:00+05:30
1155,Dynamic Cables Limited,DYCL.NS,Unspecified,Scored,,0.7174041816266019,0.2825958183733981,307,INE600Y01019,STANDALONE,2026-06-30,24.9527,2026-07-20T14:50:21+05:30,17,0,1.0,2026-09-30,2026-10-02T00:00:00+05:30
1616,Man Industries (India) Limited,MANINDS.NS,Unspecified,Scored,,0.7170845715683528,0.2829154284316472,308,INE993A01026,CONSOLIDATED,2026-06-30,61.448,2026-08-11T20:07:13+05:30,28,0,0.75,2026-09-30,2026-10-02T00:00:00+05:30
1821,PDS Limited,PDSL.NS,Unspecified,Scored,,0.7170637044766766,0.28293629552332344,309,INE111Q01021,CONSOLIDATED,2026-06-30,28.5865,2026-08-07T19:38:08+05:30,31,0,0.5,2026-09-30,2026-10-02T00:00:00+05:30
1741,NINtec Systems Limited,NINSYS.NS,Unspecified,Scored,,0.7163389388723388,0.2836610611276612,310,INE395U01014,CONSOLIDATED,2026-06-30,9.196,2026-08-10T17:28:09+05:30,11,0,0.75,2026-09-30,2026-10-02T00:00:00+05:30
399,Kec International Ltd.,KEC.NS,Construction,Scored,,0.7163041095174627,0.2836958904825373,311,INE389H01022,CONSOLIDATED,2026-06-30,72.62,2026-08-10T19:02:14+05:30,31,0,0.5,2026-09-30,2026-10-02T00:00:00+05:30
1612,Manba Finance Limited,MANBA.NS,Unspecified,Scored,,0.7158842809408432,0.2841157190591568,312,INE939X01013,STANDALONE,2026-06-30,13.2628,2026-07-27T17:17:05+05:30,9,0,0.75,2026-09-30,2026-10-02T00:00:00+05:30
701,Sharda Cropchem Ltd.,SHARDACROP.NS,Chemicals,Scored,,0.715841353133942,0.28415864686605796,313,INE221J01015,CONSOLIDATED,2026-06-30,88.0165,2026-07-29T18:39:57+05:30,30,0,0.5,2026-09-30,2026-10-02T00:00:00+05:30
729,Tanla Platforms Ltd.,TANLA.NS,Information Technology,Scored,,0.7157849104187087,0.28421508958129127,314,INE483C01032,CONSOLIDATED,2026-06-30,142.1671,2026-07-22T21:21:05+05:30,30,0,1.0,2026-09-30,2026-10-02T00:00:00+05:30
2228,Touchwood Entertainment Limited,TOUCHWOOD.NS,Unspecified,Scored,,0.715726867243343,0.284273132756657,315,INE486Y01013,CONSOLIDATED,2026-06-30,0.373,2026-08-12T17:09:44+05:30,18,0,0.25,2026-09-30,2026-10-02T00:00:00+05:30
1914,Remsons Industries Limited,REMSONSIND.NS,Unspecified,Scored,,0.7156068879395628,0.28439311206043716,316,INE474C01023,CONSOLIDATED,2026-06-30,3.2248,2026-08-14T16:28:04+05:30,23,0,0.75,2026-09-30,2026-10-02T00:00:00+05:30
2320,Vishnu Chemicals Limited,VISHNU.NS,Unspecified,Scored,,0.7155259271206288,0.2844740728793712,317,INE270I01022,CONSOLIDATED,2026-06-30,39.6422,2026-08-01T17:39:05+05:30,29,0,0.75,2026-09-30,2026-10-02T00:00:00+05:30
801,Ador Welding Limited,ADOR.NS,Unspecified,Scored,,0.7155092597931136,0.28449074020688636,318,INE045A01017,CONSOLIDATED,2026-06-30,27.6,2026-07-21T15:31:06+05:30,22,0,0.75,2026-09-30,2026-10-02T00:00:00+05:30
336,Five-Star Business Finance Ltd.,FIVESTAR.NS,Financial Services,Scored,,0.7153399053855942,0.2846600946144058,319,INE128S01021,STANDALONE,2026-06-30,271.4086,2026-07-25T19:51:35+05:30,15,0,0.5,2026-09-30,2026-10-02T00:00:00+05:30
1495,Kirloskar Electric Company Limited,KECL.NS,Unspecified,Scored,,0.7152357918912929,0.28476420810870706,320,INE134B01017,CONSOLIDATED,2026-06-30,-5.99,2026-08-13T17:00:10+05:30,27,3,0.5,2026-09-30,2026-10-02T00:00:00+05:30
948,Bang Overseas Limited,BANG.NS,Unspecified,Scored,,0.7150697092135108,0.28493029078648924,321,INE863I01016,CONSOLIDATED,2026-06-30,0.3381,2026-08-14T15:34:02+05:30,27,0,0.5,2026-09-30,2026-10-02T00:00:00+05:30
900,Asian Energy Services Limited,ASIANENE.NS,Unspecified,Scored,,0.715011540658477,0.28498845934152295,322,INE276G01015,CONSOLIDATED,2026-06-30,12.7565,2026-08-13T18:21:11+05:30,16,1,0.0,2026-09-30,2026-10-02T00:00:00+05:30
650,Nazara Technologies Ltd.,NAZARA.NS,Media Entertainment & Publication,Scored,,0.7147893517851245,0.2852106482148755,323,INE418L01047,CONSOLIDATED,2026-06-30,-82.47,2026-08-03T22:49:26+05:30,19,0,0.5,2026-09-30,2026-10-02T00:00:00+05:30
97,Jindal Stain.,JSL.NS,Metals,Scored,,0.7147218327083911,0.28527816729160893,324,INE220G01021,CONSOLIDATED,2026-06-30,768.66,2026-08-03T16:34:12+05:30,25,0,0.75,2026-09-30,2026-10-02T00:00:00+05:30
261,Aptus Value Housing Finance India Ltd.,APTUS.NS,Financial Services,Scored,,0.7145906476583391,0.28540935234166087,325,INE852O01025,CONSOLIDATED,2026-06-30,260.941,2026-07-31T17:36:11+05:30,18,0,0.5,2026-09-30,2026-10-02T00:00:00+05:30
668,Privi Speciality Chemicals Ltd.,PRIVISCL.NS,Chemicals,Scored,,0.7145022196939509,0.2854977803060491,326,INE959A01019,CONSOLIDATED,2026-06-30,82.8387,2026-07-30T15:32:09+05:30,32,0,0.5,2026-09-30,2026-10-02T00:00:00+05:30
1422,Inspirisys Solutions Limited,INSPIRISYS.NS,Unspecified,Scored,,0.7143876191070738,0.2856123808929262,327,INE020G01017,CONSOLIDATED,2026-06-30,4.07,2026-08-11T17:19:39+05:30,27,0,0.5,2026-09-30,2026-10-02T00:00:00+05:30
1050,Cineline India Limited,CINELINE.NS,Unspecified,Scored,,0.7139596488878216,0.2860403511121784,328,INE704H01022,STANDALONE,2026-06-30,-1.2098,2026-07-27T14:02:14+05:30,8,0,0.5,2026-09-30,2026-10-02T00:00:00+05:30
1317,Gujarat Apollo Industries Limited,GUJAPOLLO.NS,Unspecified,Scored,,0.7136810802569288,0.2863189197430712,329,INE826C01016,CONSOLIDATED,2026-06-30,0.8068,2026-08-14T18:19:19+05:30,28,0,0.5,2026-09-30,2026-10-02T00:00:00+05:30
149,Shriram Finance,SHRIRAMFIN.NS,Financial Services,Scored,,0.7136529045451695,0.2863470954548305,330,INE721A01047,CONSOLIDATED,2026-06-30,3452.77,2026-07-24T14:54:07+05:30,26,0,1.0,2026-09-30,2026-10-02T00:00:00+05:30
2180,Take Solutions Limited,TAKE.NS,Unspecified,Scored,,0.7134865978371321,0.2865134021628679,331,INE142I01023,CONSOLIDATED,2026-06-30,1.0625,2026-08-11T18:37:13+05:30,28,0,0.5,2026-09-30,2026-10-02T00:00:00+05:30
1541,Kross Limited,KROSS.NS,Unspecified,Scored,,0.7134709919696263,0.28652900803037373,332,INE0O6601022,STANDALONE,2026-06-30,13.313,2026-07-24T20:35:12+05:30,9,0,0.5,2026-09-30,2026-10-02T00:00:00+05:30
975,Bhandari Hosiery Exports Limited,BHANDARI.NS,Unspecified,Scored,,0.7134091258236218,0.2865908741763782,333,INE474E01029,STANDALONE,2026-06-30,1.2966,2026-08-13T17:31:29+05:30,30,0,0.5,2026-09-30,2026-10-02T00:00:00+05:30
1535,Krishival Foods Limited,KRISHIVAL.NS,Unspecified,Scored,,0.7131834941342353,0.2868165058657647,334,INE0GGO01015,CONSOLIDATED,2026-06-30,5.6029,2026-08-11T17:33:12+05:30,5,0,0.5,2026-09-30,2026-10-02T00:00:00+05:30
259,Anupam Rasayan India Ltd.,ANURAS.NS,Chemicals,Scored,,0.713111870195623,0.28688812980437695,335,INE930P01018,CONSOLIDATED,2026-06-30,51.215,2026-08-14T16:24:24+05:30,20,0,0.5,2026-09-30,2026-10-02T00:00:00+05:30
67,Tech Mahindra,TECHM.NS,IT,Scored,,0.7129617170258462,0.2870382829741538,336,INE669C01036,CONSOLIDATED,2026-06-30,1486.3,2026-07-16T17:49:10+05:30,30,0,1.0,2026-09-30,2026-10-02T00:00:00+05:30
515,Advanced Enzyme Tech Ltd.,ADVENZYMES.NS,Healthcare,Scored,,0.7127708274219892,0.28722917257801084,337,INE837H01020,CONSOLIDATED,2026-06-30,38.589,2026-08-08T17:39:08+05:30,33,0,0.5,2026-09-30,2026-10-02T00:00:00+05:30
1007,Borana Weaves Limited,BORANA.NS,Unspecified,Scored,,0.7127384195271707,0.28726158047282935,338,INE16SF01016,STANDALONE,2026-06-30,16.4799,2026-08-11T17:04:02+05:30,6,0,0.5,2026-09-30,2026-10-02T00:00:00+05:30
437,Pfizer Ltd.,PFIZER.NS,Healthcare,Scored,,0.712713933228524,0.28728606677147595,339,INE182A01018,STANDALONE,2026-06-30,204.47,2026-07-28T18:56:19+05:30,32,0,1.0,2026-09-30,2026-10-02T00:00:00+05:30
1183,Entertainment Network (India) Limited,ENIL.NS,Unspecified,Scored,,0.7126799719080893,0.2873200280919107,340,INE265F01028,CONSOLIDATED,2026-06-30,-6.0098,2026-08-05T22:47:08+05:30,29,0,0.5,2026-09-30,2026-10-02T00:00:00+05:30
1721,Ndr Auto Components Limited,NDRAUTO.NS,Unspecified,Scored,,0.7126236894599478,0.2873763105400522,341,INE07OG01012,CONSOLIDATED,2026-06-30,16.4034,2026-08-10T16:22:10+05:30,24,0,0.75,2026-09-30,2026-10-02T00:00:00+05:30
2117,Sreeleathers Limited,SREEL.NS,Unspecified,Scored,,0.7124995613165589,0.2875004386834411,342,INE099F01013,STANDALONE,2026-06-30,6.9869,2026-08-14T19:04:20+05:30,32,0,0.5,2026-09-30,2026-10-02T00:00:00+05:30
408,Lemon Tree Hotels Ltd.,LEMONTREE.NS,Consumer Services,Scored,,0.712221848745343,0.287778151254657,343,INE970X01018,CONSOLIDATED,2026-06-30,57.3423,2026-08-07T21:33:33+05:30,31,0,0.5,2026-09-30,2026-10-02T00:00:00+05:30
6,Glaxosmi. Pharma,GLAXO.NS,Pharmaceuticals,Scored,,0.7120486511817887,0.2879513488182113,344,INE159A01016,CONSOLIDATED,2026-06-30,237.18,2026-08-03T20:36:08+05:30,27,0,0.5,2026-09-30,2026-10-02T00:00:00+05:30
1407,Indo Tech Transformers Limited,INDOTECH.NS,Unspecified,Scored,,0.711964879855006,0.288035120144994,345,INE332H01014,STANDALONE,2026-06-30,25.7,2026-08-11T20:36:05+05:30,33,0,0.75,2026-09-30,2026-10-02T00:00:00+05:30
2110,Spectrum Electrical Industries Limited,SPECTRUM.NS,Unspecified,Scored,,0.7118798873198827,0.2881201126801173,346,INE01EO01010,CONSOLIDATED,2026-06-30,13.0511,2026-08-13T20:44:38+05:30,5,3,1.0,2026-09-30,2026-10-02T00:00:00+05:30
1201,Exicom Tele-Systems Limited,EXICOM.NS,Unspecified,Scored,,0.7118594430224771,0.28814055697752294,347,INE777F01014,CONSOLIDATED,2026-06-30,-73.5731,2026-08-10T17:32:16+05:30,11,0,0.75,2026-09-30,2026-10-02T00:00:00+05:30
1673,Mohit Industries Limited,MOHITIND.NS,Unspecified,Scored,,0.7117690587952124,0.28823094120478765,348,INE954E01012,CONSOLIDATED,2026-06-30,-0.2918,2026-08-12T17:59:12+05:30,33,0,0.5,2026-09-30,2026-10-02T00:00:00+05:30
1746,Nitco Limited,NITCO.NS,Unspecified,Scored,,0.7117229301142898,0.2882770698857102,349,INE858F01012,CONSOLIDATED,2026-06-30,-10.3297,2026-08-12T18:52:13+05:30,27,0,0.25,2026-09-30,2026-10-02T00:00:00+05:30
1049,Capital India Finance Limited,CIFL.NS,Unspecified,Scored,,0.7116199924865644,0.2883800075134356,350,INE345H01024,CONSOLIDATED,2026-06-30,-9.6281,2026-08-14T18:25:17+05:30,4,1,0.0,2026-09-30,2026-10-02T00:00:00+05:30
2061,Shringar House of Mangalsutra Limited,SHRINGARMS.NS,Unspecified,Scored,,0.711426319092863,0.288573680907137,351,INE1B3L01017,STANDALONE,2026-06-30,34.0,2026-08-12T17:41:26+05:30,5,0,0.5,2026-09-30,2026-10-02T00:00:00+05:30
1737,Nila Spaces Limited,NILASPACES.NS,Unspecified,Scored,,0.7114157910024288,0.2885842089975712,352,INE00S901012,CONSOLIDATED,2026-06-30,8.5975,2026-08-03T15:10:13+05:30,29,0,0.5,2026-09-30,2026-10-02T00:00:00+05:30
810,Aeroflex Industries Limited,AEROFLEX.NS,Unspecified,Scored,,0.7113443833280695,0.2886556166719305,353,INE024001021,CONSOLIDATED,2026-06-30,18.7931,2026-07-27T19:35:17+05:30,13,0,1.0,2026-09-30,2026-10-02T00:00:00+05:30
771,Seshaasai Technologies Ltd.,STYL.NS,Financial Services,Scored,,0.7112860752070735,0.28871392479292646,354,INE04VU01023,CONSOLIDATED,2026-06-30,60.284,2026-07-23T20:09:12+05:30,4,0,0.5,2026-09-30,2026-10-02T00:00:00+05:30
131,JSW Infrast,JSWINFRA.NS,Infrastructure,Scored,,0.7112106095681164,0.28878939043188356,355,INE880J01026,CONSOLIDATED,2026-06-30,357.6,2026-07-21T17:11:09+05:30,12,0,0.25,2026-09-30,2026-10-02T00:00:00+05:30
768,SKY GOLD AND DIAMONDS Ltd.,SKYGOLD.NS,Consumer Durables,Scored,,0.7107429133942561,0.2892570866057439,356,INE01IU01018,CONSOLIDATED,2026-06-30,104.9019,2026-08-09T13:15:08+05:30,14,0,1.0,2026-09-30,2026-10-02T00:00:00+05:30
518,Ahluwalia Contracts (India) Ltd.,AHLUCONT.NS,Construction,Scored,,0.7106905782985635,0.2893094217014365,357,INE758C01029,CONSOLIDATED,2026-06-30,10.3883,2026-08-14T18:38:15+05:30,27,0,0.5,2026-09-30,2026-10-02T00:00:00+05:30
1536,Krishna Defence And Allied Industries Limited,KRISHNADEF.NS,Unspecified,Scored,,0.710545875279107,0.28945412472089305,358,INE0J5601015,CONSOLIDATED,2026-06-30,11.4442,2026-08-12T20:20:07+05:30,4,3,0.5,2026-09-30,2026-10-02T00:00:00+05:30
2335,Indosolar Limited,WAAREEINDO.NS,Unspecified,Scored,,0.7103108037446649,0.28968919625533507,359,INE866K01023,STANDALONE,2026-06-30,36.6193,2026-07-23T18:23:07+05:30,22,0,0.25,2026-09-30,2026-10-02T00:00:00+05:30
237,AWL Agri Business Ltd.,AWL.NS,Fast Moving Consumer Goods,Scored,,0.7100046811138553,0.2899953188861447,360,INE699H01024,CONSOLIDATED,2026-06-30,351.39,2026-07-30T18:15:11+05:30,18,0,1.0,2026-09-30,2026-10-02T00:00:00+05:30
215,Bank of India,BANKINDIA.NS,Banks,Scored,,0.7099608927832199,0.29003910721678006,361,INE084A01016,CONSOLIDATED,2026-06-30,3138.46,2026-07-24T18:27:07+05:30,28,0,1.0,2026-09-30,2026-10-02T00:00:00+05:30
1859,Precision Wires India Limited,PRECWIRE.NS,Unspecified,Scored,,0.7099352650959042,0.2900647349040958,362,INE372C01037,STANDALONE,2026-06-30,46.4534,2026-08-10T17:23:07+05:30,33,0,0.75,2026-09-30,2026-10-02T00:00:00+05:30
745,Va Tech Wabag Ltd.,WABAG.NS,Utilities,Scored,,0.7098715543927443,0.2901284456072557,363,INE956G01038,CONSOLIDATED,2026-06-30,90.1,2026-08-12T20:17:10+05:30,31,0,0.5,2026-09-30,2026-10-02T00:00:00+05:30
179,Tata Steel,TATASTEEL.NS,Metals,Scored,,0.7098479379625156,0.29015206203748445,364,INE081A01020,CONSOLIDATED,2026-06-30,2385.24,2026-07-30T19:56:08+05:30,30,0,0.5,2026-09-30,2026-10-02T00:00:00+05:30
2211,Thomas Scott (India) Limited,THOMASCOTT.NS,Unspecified,Scored,,0.7096045868381234,0.29039541316187656,365,INE480M01011,STANDALONE,2026-06-30,5.438,2026-08-14T18:22:16+05:30,29,0,0.5,2026-09-30,2026-10-02T00:00:00+05:30
481,Techno Electric & Engineering Company Ltd.,TECHNOE.NS,Construction,Scored,,0.7095570203644544,0.29044297963554555,366,INE285K01026,CONSOLIDATED,2026-06-30,93.328,2026-08-11T19:09:17+05:30,28,0,0.25,2026-09-30,2026-10-02T00:00:00+05:30
813,Akme Fintrade (India) Limited,AFIL.NS,Unspecified,Scored,,0.7094261590134521,0.2905738409865479,367,INE916Y01027,STANDALONE,2026-06-30,11.5741,2026-07-29T19:46:50+05:30,9,0,0.5,2026-09-30,2026-10-02T00:00:00+05:30
759,Yatharth Hospital & Trauma Care Services Ltd.,YATHARTH.NS,Healthcare,Scored,,0.709398565329724,0.290601434670276,368,INE0JO301016,CONSOLIDATED,2026-06-30,45.423,2026-08-10T20:50:04+05:30,12,3,0.5,2026-09-30,2026-10-02T00:00:00+05:30
927,Antony Waste Handling Cell Limited,AWHCL.NS,Unspecified,Scored,,0.7093309056966497,0.2906690943033503,369,INE01BK01022,CONSOLIDATED,2026-06-30,0.7488,2026-08-10T18:05:03+05:30,23,0,0.25,2026-09-30,2026-10-02T00:00:00+05:30
1363,HLE Glascoat Limited,HLEGLAS.NS,Unspecified,Scored,,0.7091494489323569,0.2908505510676431,370,INE461D01028,CONSOLIDATED,2026-06-30,2.0538,2026-08-10T18:23:01+05:30,13,0,0.5,2026-09-30,2026-10-02T00:00:00+05:30
1633,Mayur Uniquoters Ltd,MAYURUNIQ.NS,Unspecified,Scored,,0.7091144823450491,0.29088551765495085,371,INE040D01038,CONSOLIDATED,2026-06-30,56.1193,2026-08-05T21:57:11+05:30,28,0,0.75,2026-09-30,2026-10-02T00:00:00+05:30
1139,Dollar Industries Limited,DOLLAR.NS,Unspecified,Scored,,0.7088729471467557,0.29112705285324425,372,INE325C01035,CONSOLIDATED,2026-06-30,26.2508,2026-08-10T16:49:25+05:30,28,0,0.5,2026-09-30,2026-10-02T00:00:00+05:30
134,Adani Ports,ADANIPORTS.NS,Port,Scored,,0.7085939276463206,0.29140607235367944,373,INE742F01042,CONSOLIDATED,2026-06-30,3649.5,2026-07-29T20:24:18+05:30,28,0,0.5,2026-09-30,2026-10-02T00:00:00+05:30
1534,Krishana Phoschem Limited,KRISHANA.NS,Unspecified,Scored,,0.708367074572518,0.291632925427482,374,INE506W01020,STANDALONE,2026-06-30,47.0946,2026-07-13T12:35:28+05:30,28,0,0.75,2026-09-30,2026-10-02T00:00:00+05:30
633,Lumax Auto Technologies Ltd.,LUMAXTECH.NS,Automobile and Auto Components,Scored,,0.7082317700570645,0.2917682299429355,375,INE872H01027,CONSOLIDATED,2026-06-30,98.6365,2026-08-10T18:22:34+05:30,30,0,0.75,2026-09-30,2026-10-02T00:00:00+05:30
921,Avantel Limited,AVANTEL.NS,Unspecified,Scored,,0.7081498587745331,0.29185014122546693,376,INE005B01027,CONSOLIDATED,2026-06-30,5.3946,2026-07-11T17:26:13+05:30,7,0,1.0,2026-09-30,2026-10-02T00:00:00+05:30
1372,HPL Electric & Power Limited,HPL.NS,Unspecified,Scored,,0.7080328571939069,0.29196714280609315,377,INE495S01016,CONSOLIDATED,2026-06-30,18.6933,2026-08-10T18:28:07+05:30,30,0,0.5,2026-09-30,2026-10-02T00:00:00+05:30
1816,Patel Retail Limited,PATELRMART.NS,Unspecified,Scored,,0.7078528246626464,0.29214717533735357,378,INE0R8B01010,STANDALONE,2026-06-30,9.516,2026-08-12T12:41:19+05:30,5,0,0.5,2026-09-30,2026-10-02T00:00:00+05:30
785,Aaron Industries Limited,AARON.NS,Unspecified,Scored,,0.7076834772371255,0.29231652276287445,379,INE721Z01010,STANDALONE,2026-06-30,2.5622,2026-08-11T12:03:30+05:30,22,0,1.0,2026-09-30,2026-10-02T00:00:00+05:30
1150,Dynacons Systems & Solutions Limited,DSSL.NS,Unspecified,Scored,,0.7075528647398389,0.2924471352601611,380,INE417B01040,CONSOLIDATED,2026-06-30,19.7955,2026-08-13T20:27:13+05:30,32,0,0.75,2026-09-30,2026-10-02T00:00:00+05:30
127,Aurobindo Pharma,AUROPHARMA.NS,Pharmaceuticals,Scored,,0.7075151149052582,0.2924848850947418,381,INE406A01037,CONSOLIDATED,2026-06-30,1032.03,2026-08-05T21:13:04+05:30,30,0,1.0,2026-09-30,2026-10-02T00:00:00+05:30
527,Arvind Ltd.,ARVIND.NS,Textiles,Scored,,0.7075068752633469,0.2924931247366531,382,INE034A01011,CONSOLIDATED,2026-06-30,57.77,2026-08-12T18:01:17+05:30,30,0,0.5,2026-09-30,2026-10-02T00:00:00+05:30
1332,Harrisons Malayalam Limited,HARRMALAYA.NS,Unspecified,Scored,,0.7072615805853015,0.29273841941469847,383,INE544A01019,CONSOLIDATED,2026-06-30,3.9341,2026-08-13T19:31:07+05:30,29,0,0.75,2026-09-30,2026-10-02T00:00:00+05:30
1846,Ponni Sugars (Erode) Limited,PONNIERODE.NS,Unspecified,Scored,,0.7072541692568023,0.2927458307431977,384,INE838E01017,STANDALONE,2026-06-30,-1.23,2026-07-24T17:02:13+05:30,32,3,0.3333333333333333,2026-09-30,2026-10-02T00:00:00+05:30
87,Astral,ASTRAL.NS,Plastic Products,Scored,,0.7071945857062713,0.29280541429372875,385,INE006I01046,CONSOLIDATED,2026-06-30,120.2,2026-08-12T19:08:18+05:30,31,0,0.5,2026-09-30,2026-10-02T00:00:00+05:30
1655,Mahindra Holidays & Resorts India Limited,MHRIL.NS,Unspecified,Scored,,0.70714486837041,0.29285513162959,386,INE998I01010,CONSOLIDATED,2026-06-30,-8.559,2026-07-22T18:18:14+05:30,27,0,0.5,2026-09-30,2026-10-02T00:00:00+05:30
1826,Procter & Gamble Health Limited,PGHL.NS,Unspecified,Scored,,0.707036696584499,0.29296330341550103,387,INE199A01012,STANDALONE,2026-06-30,96.15,2026-08-06T18:15:08+05:30,21,0,0.75,2026-09-30,2026-10-02T00:00:00+05:30
526,Arvind Fashions Ltd.,ARVINDFASN.NS,Consumer Services,Scored,,0.7070308358688134,0.29296916413118657,388,INE955V01021,CONSOLIDATED,2026-06-30,27.61,2026-07-21T17:51:28+05:30,27,0,0.5,2026-09-30,2026-10-02T00:00:00+05:30
574,Fedbank Financial Services Ltd.,FEDFINA.NS,Financial Services,Scored,,0.7070103609718792,0.2929896390281208,389,INE007N01010,STANDALONE,2026-06-30,114.38,2026-07-15T16:27:29+05:30,11,0,1.0,2026-09-30,2026-10-02T00:00:00+05:30
263,Aster DM Healthcare Ltd.,ASTERDM.NS,Healthcare,Scored,,0.7069888184626814,0.29301118153731864,390,INE914M01019,CONSOLIDATED,2026-06-30,29.28,2026-08-05T19:11:12+05:30,28,0,0.5,2026-09-30,2026-10-02T00:00:00+05:30
534,Avalon Technologies Ltd.,AVALON.NS,Capital Goods,Scored,,0.7068773994058786,0.29312260059412143,391,INE0LCL01028,CONSOLIDATED,2026-06-30,34.869,2026-08-04T22:48:15+05:30,14,0,0.75,2026-09-30,2026-10-02T00:00:00+05:30
554,Cello World Ltd.,CELLO.NS,Consumer Durables,Scored,,0.7068549847372374,0.2931450152627626,392,INE0LMW01024,CONSOLIDATED,2026-06-30,73.4022,2026-08-07T20:57:21+05:30,12,0,0.5,2026-09-30,2026-10-02T00:00:00+05:30
169,Sundaram Finance,SUNDARMFIN.NS,Financial Services,Scored,,0.7068326405017729,0.29316735949822714,393,INE660A01013,CONSOLIDATED,2026-06-30,636.19,2026-08-03T15:15:54+05:30,17,0,1.0,2026-09-30,2026-10-02T00:00:00+05:30
1194,Euro Panel Products Limited,EUROBOND.NS,Unspecified,Scored,,0.7067913386003215,0.2932086613996785,394,INE505V01016,CONSOLIDATED,2026-06-30,4.7817,2026-08-14T14:37:01+05:30,4,3,0.3333333333333333,2026-09-30,2026-10-02T00:00:00+05:30
894,Automotive Stampings and Assemblies Limited,ASAL.NS,Unspecified,Scored,,0.7066881723285439,0.29331182767145614,395,INE900C01027,STANDALONE,2026-06-30,4.6864,2026-07-24T13:22:13+05:30,33,0,0.75,2026-09-30,2026-10-02T00:00:00+05:30
1549,Kuantum Papers Limited,KUANTUM.NS,Unspecified,Scored,,0.7066807208207765,0.2933192791792235,396,INE529I01021,STANDALONE,2026-06-30,6.23,2026-08-12T16:26:06+05:30,28,0,0.5,2026-09-30,2026-10-02T00:00:00+05:30
29,Lloyds Metals,LLOYDSME.NS,Metals,Scored,,0.7066700260148812,0.29332997398511884,397,INE281B01032,CONSOLIDATED,2026-06-30,1733.89,2026-08-10T19:43:22+05:30,12,0,0.75,2026-09-30,2026-10-02T00:00:00+05:30
444,RBL Bank Ltd.,RBLBANK.NS,Financial Services,Scored,,0.7065460321136289,0.2934539678863711,398,INE976G01028,CONSOLIDATED,2026-06-30,234.23,2026-07-17T18:35:04+05:30,24,0,0.5,2026-09-30,2026-10-02T00:00:00+05:30
560,Diamond Power Infrastructure Ltd.,DIACABS.NS,Capital Goods,Scored,,0.7064990616240688,0.29350093837593116,399,INE989C01038,CONSOLIDATED,2026-06-30,58.4467,2026-08-13T18:24:25+05:30,9,0,0.75,2026-09-30,2026-10-02T00:00:00+05:30
817,Agi Infra Limited,AGIIL.NS,Unspecified,Scored,,0.7064554216951705,0.2935445783048295,400,INE976R01033,CONSOLIDATED,2026-06-30,27.5391,2026-08-13T17:36:29+05:30,9,0,1.0,2026-09-30,2026-10-02T00:00:00+05:30
1125,Diffusion Engineers Limited,DIFFNKG.NS,Unspecified,Scored,,0.7063668496485911,0.2936331503514089,401,INE184O01015,CONSOLIDATED,2026-06-30,16.677,2026-08-11T15:12:16+05:30,9,0,0.75,2026-09-30,2026-10-02T00:00:00+05:30
2136,Studds Accessories Limited,STUDDS.NS,Unspecified,Scored,,0.7062163879871914,0.29378361201280856,402,INE00Q601028,CONSOLIDATED,2026-06-30,12.297,2026-08-08T21:18:10+05:30,4,3,0.6666666666666666,2026-09-30,2026-10-02T00:00:00+05:30
666,Prime Focus Ltd.,PFOCUS.NS,Media Entertainment & Publication,Scored,,0.7061558298517688,0.29384417014823117,403,INE367G01038,CONSOLIDATED,2026-06-30,-45.7775,2026-08-06T23:56:12+05:30,31,0,0.5,2026-09-30,2026-10-02T00:00:00+05:30
490,Travel Food Services Ltd.,TRAVELFOOD.NS,Consumer Services,Scored,,0.7060639361972386,0.2939360638027614,404,INE103V01028,CONSOLIDATED,2026-06-30,128.754,2026-08-13T18:22:25+05:30,5,0,0.75,2026-09-30,2026-10-02T00:00:00+05:30
849,Amanta Healthcare Limited,AMANTA.NS,Unspecified,Scored,,0.7059715105870729,0.29402848941292714,405,INE084K01015,STANDALONE,2026-06-30,3.3105,2026-08-05T18:34:14+05:30,5,0,0.5,2026-09-30,2026-10-02T00:00:00+05:30
663,Power Mech Projects Ltd.,POWERMECH.NS,Construction,Scored,,0.7059528828974688,0.2940471171025312,406,INE211R01019,CONSOLIDATED,2026-06-30,89.33,2026-08-08T19:07:08+05:30,31,0,0.5,2026-09-30,2026-10-02T00:00:00+05:30
1059,Coffee Day Enterprises Limited,COFFEEDAY.NS,Unspecified,Scored,,0.7059037419053463,0.2940962580946537,407,INE335K01011,CONSOLIDATED,2026-06-30,4.52,2026-08-06T18:22:31+05:30,24,0,0.5,2026-09-30,2026-10-02T00:00:00+05:30
14,I R C T C,IRCTC.NS,Tourism & Hospitality,Scored,,0.7057244800500796,0.2942755199499204,408,INE335Y01020,CONSOLIDATED,2026-06-30,330.1588,2026-08-12T20:43:14+05:30,10,0,0.75,2026-09-30,2026-10-02T00:00:00+05:30
827,Ajmera Realty & Infra India Limited,AJMERA.NS,Unspecified,Scored,,0.7056799597268035,0.29432004027319647,409,INE298G01035,CONSOLIDATED,2026-06-30,44.94,2026-08-04T18:11:10+05:30,24,0,0.5,2026-09-30,2026-10-02T00:00:00+05:30
176,Tata Consumer,TATACONSUM.NS,FMCG,Scored,,0.7056379230639873,0.2943620769360127,410,INE192A01025,CONSOLIDATED,2026-06-30,427.19,2026-07-24T17:27:41+05:30,31,0,0.75,2026-09-30,2026-10-02T00:00:00+05:30
1652,Mahalaxmi Fabric Mills Limited,MFML.NS,Unspecified,Scored,,0.7055879870759877,0.2944120129240123,411,INE0US801024,CONSOLIDATED,2026-06-30,0.0391,2026-08-12T18:46:15+05:30,9,0,0.5,2026-09-30,2026-10-02T00:00:00+05:30
607,Ion Exchange (India) Ltd.,IONEXCHANG.NS,Utilities,Scored,,0.7053671878375805,0.29463281216241954,412,INE570A01022,CONSOLIDATED,2026-06-30,3.06,2026-08-05T20:22:09+05:30,18,0,0.5,2026-09-30,2026-10-02T00:00:00+05:30
2318,VISA Chrome Limited,VISACHROME.NS,Unspecified,Scored,,0.705268496659095,0.29473150334090503,413,INE286H01012,CONSOLIDATED,2026-06-30,-9.56,2026-08-12T18:13:16+05:30,26,0,0.5,2026-09-30,2026-10-02T00:00:00+05:30
877,Arfin India Limited,ARFIN.NS,Unspecified,Scored,,0.7052478458035571,0.29475215419644285,414,INE784R01023,CONSOLIDATED,2026-06-30,4.0745,2026-08-11T14:07:13+05:30,5,0,0.75,2026-09-30,2026-10-02T00:00:00+05:30
508,eClerx Services Ltd.,ECLERX.NS,Services,Scored,,0.7049934747015165,0.2950065252984835,415,INE738I01010,CONSOLIDATED,2026-06-30,164.242,2026-08-05T18:24:11+05:30,33,0,0.5,2026-09-30,2026-10-02T00:00:00+05:30
463,Signatureglobal (India) Ltd.,SIGNATURE.NS,Realty,Scored,,0.7049787345770345,0.2950212654229655,416,INE903U01023,CONSOLIDATED,2026-06-30,-16.529,2026-08-06T20:04:10+05:30,12,0,0.5,2026-09-30,2026-10-02T00:00:00+05:30
174,Indian Renewable,IREDA.NS,Financial Services,Scored,,0.7048941928222276,0.29510580717777235,417,INE202E01016,CONSOLIDATED,2026-06-30,338.53,2026-08-03T20:05:13+05:30,6,0,0.5,2026-09-30,2026-10-02T00:00:00+05:30
46,Polycab India,POLYCAB.NS,Capital Goods,Scored,,0.7048745302039279,0.2951254697960721,418,INE455K01017,CONSOLIDATED,2026-06-30,796.654,2026-07-16T15:59:10+05:30,29,0,0.75,2026-09-30,2026-10-02T00:00:00+05:30
855,Amj Land Holdings Limited,AMJLAND.NS,Unspecified,Scored,,0.7048725855351617,0.29512741446483826,419,INE606A01024,CONSOLIDATED,2026-06-30,3.3727,2026-08-01T18:14:36+05:30,27,0,0.5,2026-09-30,2026-10-02T00:00:00+05:30
1424,Interarch Building Solutions Limited,INTERARCH.NS,Unspecified,Scored,,0.7047877646647603,0.29521223533523966,420,INE00M901018,STANDALONE,2026-06-30,28.246,2026-08-06T19:07:58+05:30,9,0,0.5,2026-09-30,2026-10-02T00:00:00+05:30
2257,Uma Exports Limited,UMAEXPORTS.NS,Unspecified,Scored,,0.7047159719529031,0.29528402804709686,421,INE0GIU01018,CONSOLIDATED,2026-06-30,-0.3223,2026-08-14T18:33:13+05:30,18,0,0.25,2026-09-30,2026-10-02T00:00:00+05:30
1164,EIH Associated Hotels Limited,EIHAHOTELS.NS,Unspecified,Scored,,0.7046897957288265,0.2953102042711735,422,INE276C01014,STANDALONE,2026-06-30,6.8949,2026-08-04T13:40:05+05:30,32,0,0.25,2026-09-30,2026-10-02T00:00:00+05:30
45,Eicher Motors,EICHERMOT.NS,Automobile,Scored,,0.7046299398665464,0.29537006013345357,423,INE066A01021,CONSOLIDATED,2026-06-30,1462.51,2026-07-29T19:46:06+05:30,33,0,0.75,2026-09-30,2026-10-02T00:00:00+05:30
882,Arisinfra Solutions Limited,ARIS.NS,Unspecified,Scored,,0.7044911199349551,0.29550888006504494,424,INE0H9P01028,CONSOLIDATED,2026-06-30,20.031,2026-08-05T20:32:12+05:30,6,0,0.75,2026-09-30,2026-10-02T00:00:00+05:30
2020,SEPC Limited,SEPC.NS,Unspecified,Scored,,0.7043351543409643,0.2956648456590357,425,INE964H01014,CONSOLIDATED,2026-06-30,-11.0509,2026-08-11T21:28:15+05:30,29,0,0.25,2026-09-30,2026-10-02T00:00:00+05:30
612,Jamna Auto Industries Ltd.,JAMNAAUTO.NS,Automobile and Auto Components,Scored,,0.7042863133494326,0.2957136866505674,426,INE039C01032,CONSOLIDATED,2026-06-30,48.517,2026-08-07T16:41:13+05:30,30,0,0.5,2026-09-30,2026-10-02T00:00:00+05:30
406,Latent View Analytics Ltd.,LATENTVIEW.NS,Information Technology,Scored,,0.7042834551793401,0.2957165448206599,427,INE0I7C01011,CONSOLIDATED,2026-06-30,47.103,2026-08-01T16:19:08+05:30,18,0,0.5,2026-09-30,2026-10-02T00:00:00+05:30
708,South Indian Bank Ltd.,SOUTHBANK.NS,Financial Services,Scored,,0.7039201706184055,0.2960798293815945,428,INE683A01023,CONSOLIDATED,2026-06-30,377.66,2026-07-16T16:20:52+05:30,20,0,0.75,2026-09-30,2026-10-02T00:00:00+05:30
2225,Tokyo Plast International Limited,TOKYOPLAST.NS,Unspecified,Scored,,0.7037211309223104,0.29627886907768963,429,INE932C01012,CONSOLIDATED,2026-06-30,-0.2036,2026-07-27T16:52:10+05:30,19,0,0.5,2026-09-30,2026-10-02T00:00:00+05:30
2193,TCI Finance Limited,TCIFINANCE.NS,Unspecified,Scored,,0.7032683360114618,0.29673166398853823,430,INE911B01018,STANDALONE,2026-06-30,-0.3462,2026-08-14T19:14:03+05:30,27,2,0.5,2026-09-30,2026-10-02T00:00:00+05:30
24,Premier Energies,PREMIERENE.NS,Renewable Energy,Scored,,0.7032432315102672,0.29675676848973276,431,INE0BS701011,CONSOLIDATED,2026-06-30,471.918,2026-08-06T20:40:47+05:30,8,0,1.0,2026-09-30,2026-10-02T00:00:00+05:30
1773,Omnitech Engineering Limited,OMNI.NS,Unspecified,Scored,,0.7032197156477167,0.2967802843522833,432,INE0UH301010,CONSOLIDATED,2026-06-30,29.726,2026-08-05T16:05:07+05:30,3,3,1.0,2026-09-30,2026-10-02T00:00:00+05:30
41,HCL Technologies,HCLTECH.NS,IT,Scored,,0.7031502222456671,0.29684977775433286,433,INE860A01027,CONSOLIDATED,2026-06-30,4626.0,2026-07-13T19:17:07+05:30,30,0,0.75,2026-09-30,2026-10-02T00:00:00+05:30
1623,Marine Electricals (India) Limited,MARINE.NS,Unspecified,Scored,,0.7030575407161701,0.2969424592838299,434,INE01JE01028,CONSOLIDATED,2026-06-30,17.5113,2026-08-14T20:13:22+05:30,22,0,0.5,2026-09-30,2026-10-02T00:00:00+05:30
1679,Moneyboxx Finance Limited,MONEYBOXX.NS,Unspecified,Scored,,0.7030570079919116,0.2969429920080884,435,INE296Q01012,STANDALONE,2026-06-30,0.207,2026-08-12T19:20:09+05:30,4,3,0.6666666666666666,2026-09-30,2026-10-02T00:00:00+05:30
1154,Dwarikesh Sugar Industries Limited,DWARKESH.NS,Unspecified,Scored,,0.7029255265807491,0.29707447341925086,436,INE366A01041,STANDALONE,2026-06-30,-25.7313,2026-07-28T15:55:08+05:30,33,0,0.5,2026-09-30,2026-10-02T00:00:00+05:30
50,Anthem Bioscienc,ANTHEM.NS,Unspecified,Scored,,0.7025543910528765,0.29744560894712346,437,INE0CZ201020,CONSOLIDATED,2026-06-30,119.941,2026-07-21T17:07:08+05:30,5,0,0.5,2026-09-30,2026-10-02T00:00:00+05:30
465,Sona BLW Precision Forgings Ltd.,SONACOMS.NS,Automobile and Auto Components,Scored,,0.7023998654830883,0.2976001345169117,438,INE073K01018,CONSOLIDATED,2026-06-30,178.513,2026-07-23T17:42:07+05:30,19,0,0.5,2026-09-30,2026-10-02T00:00:00+05:30
1036,Celebrity Fashions Limited,CELEBRITY.NS,Unspecified,Scored,,0.7023536262425547,0.2976463737574453,439,INE185H01016,STANDALONE,2026-06-30,-2.37,2026-08-01T13:33:06+05:30,32,0,0.75,2026-09-30,2026-10-02T00:00:00+05:30
795,Accuracy Shipping Limited,ACCURACY.NS,Unspecified,Scored,,0.7021561085442195,0.2978438914557805,440,INE648Z01023,CONSOLIDATED,2026-06-30,0.343,2026-08-13T20:02:00+05:30,22,0,0.5,2026-09-30,2026-10-02T00:00:00+05:30
190,Prestige Estates,PRESTIGE.NS,Real Estate,Scored,,0.7020676782497405,0.2979323217502595,441,INE811K01011,CONSOLIDATED,2026-06-30,271.4,2026-07-29T20:01:41+05:30,29,0,0.5,2026-09-30,2026-10-02T00:00:00+05:30
1589,Madhav Marbles and Granites Limited,MADHAV.NS,Unspecified,Scored,,0.7017293431094865,0.29827065689051346,442,INE925C01016,CONSOLIDATED,2026-06-30,-0.7952,2026-08-13T22:17:58+05:30,28,0,0.25,2026-09-30,2026-10-02T00:00:00+05:30
1909,Regaal Resources Limited,REGAAL.NS,Unspecified,Scored,,0.7017212611762905,0.2982787388237095,443,INE0MHO01029,STANDALONE,2026-06-30,13.328,2026-08-14T18:54:53+05:30,5,0,0.5,2026-09-30,2026-10-02T00:00:00+05:30
1547,Ksolves India Limited,KSOLVES.NS,Unspecified,Scored,,0.7016694920292347,0.2983305079707653,444,INE0D6I01023,CONSOLIDATED,2026-06-30,9.2066,2026-07-15T19:20:14+05:30,16,0,0.5,2026-09-30,2026-10-02T00:00:00+05:30
2087,Siyaram Silk Mills Limited,SIYSIL.NS,Unspecified,Scored,,0.7016228489122949,0.29837715108770513,445,INE076B01028,CONSOLIDATED,2026-06-30,11.011,2026-07-30T22:41:04+05:30,25,0,0.5,2026-09-30,2026-10-02T00:00:00+05:30
2308,Vimta Labs Limited,VIMTALABS.NS,Unspecified,Scored,,0.7012682390238548,0.2987317609761452,446,INE579C01029,STANDALONE,2026-06-30,21.042,2026-07-20T16:48:11+05:30,8,0,0.5,2026-09-30,2026-10-02T00:00:00+05:30
424,Newgen Software Technologies Ltd.,NEWGEN.NS,Information Technology,Scored,,0.7010894112115247,0.2989105887884753,447,INE619B01017,CONSOLIDATED,2026-06-30,62.8211,2026-07-16T15:16:12+05:30,33,0,0.5,2026-09-30,2026-10-02T00:00:00+05:30
1360,Hi-Tech Pipes Limited,HITECH.NS,Unspecified,Scored,,0.7006158829379742,0.29938411706202583,448,INE106T01025,CONSOLIDATED,2026-06-30,20.038,2026-08-12T17:54:13+05:30,30,0,0.5,2026-09-30,2026-10-02T00:00:00+05:30
2346,Wheels India Limited,WHEELS.NS,Unspecified,Scored,,0.7005084826295551,0.2994915173704449,449,INE715A01015,CONSOLIDATED,2026-06-30,38.94,2026-07-27T22:26:20+05:30,26,0,0.75,2026-09-30,2026-10-02T00:00:00+05:30
627,Kirloskar Brothers Ltd.,KIRLOSBROS.NS,Capital Goods,Scored,,0.7002972455482067,0.2997027544517933,450,INE732A01036,CONSOLIDATED,2026-06-30,67.6,2026-07-31T17:07:14+05:30,28,0,0.5,2026-09-30,2026-10-02T00:00:00+05:30
705,Shriram Pistons & Rings Ltd.,SHRIPISTON.NS,Automobile and Auto Components,Scored,,0.7002293526225458,0.2997706473774542,451,INE526E01018,CONSOLIDATED,2026-06-30,147.7,2026-08-04T19:38:07+05:30,27,0,0.5,2026-09-30,2026-10-02T00:00:00+05:30
219,I O B,IOB.NS,Banks,Scored,,0.7001315255308725,0.29986847446912746,452,INE565A01014,CONSOLIDATED,2026-06-30,1659.24,2026-07-20T16:32:53+05:30,17,0,1.0,2026-09-30,2026-10-02T00:00:00+05:30
937,Indef Manufacturing Limited,BAJAJINDEF.NS,Unspecified,Scored,,0.7000797700463711,0.2999202299536289,453,INE0O9T01021,CONSOLIDATED,2026-06-30,5.4824,2026-08-12T18:30:14+05:30,6,0,0.5,2026-09-30,2026-10-02T00:00:00+05:30
1894,Raj Rayon Industries Limited,RAJRILTD.NS,Unspecified,Scored,,0.6999588191583882,0.3000411808416118,454,INE533D01032,STANDALONE,2026-06-30,6.8588,2026-08-12T16:17:04+05:30,17,0,0.5,2026-09-30,2026-10-02T00:00:00+05:30
1750,NK Industries Limited,NKIND.NS,Unspecified,Scored,,0.6999500543180632,0.30004994568193677,455,INE542C01019,CONSOLIDATED,2026-06-30,-0.6547,2026-08-11T18:49:21+05:30,25,0,0.5,2026-09-30,2026-10-02T00:00:00+05:30
2,Colgate-Palmoliv,COLPAL.NS,FMCG,Scored,,0.69961642736379,0.30038357263620996,456,INE259A01022,STANDALONE,2026-06-30,343.08,2026-07-29T13:34:16+05:30,33,0,0.5,2026-09-30,2026-10-02T00:00:00+05:30
1836,Platinum Industries Limited,PLATIND.NS,Unspecified,Scored,,0.6995818241959876,0.3004181758040124,457,INE0PT501018,CONSOLIDATED,2026-06-30,11.129,2026-08-10T18:35:12+05:30,11,0,0.5,2026-09-30,2026-10-02T00:00:00+05:30
591,H.G. Infra Engineering Ltd.,HGINFRA.NS,Construction,Scored,,0.6995360543336976,0.3004639456663024,458,INE926X01010,CONSOLIDATED,2026-06-30,-44.518,2026-08-12T17:50:08+05:30,31,0,0.25,2026-09-30,2026-10-02T00:00:00+05:30
37,Hind.Aeronautics,HAL.NS,Aerospace & Defence,Scored,,0.6993973272447889,0.30060267275521113,459,INE066F01020,CONSOLIDATED,2026-06-30,1589.66,2026-08-12T14:19:46+05:30,28,0,0.75,2026-09-30,2026-10-02T00:00:00+05:30
1671,MODISON LIMITED,MODISONLTD.NS,Unspecified,Scored,,0.6993560734945553,0.3006439265054447,460,INE737D01021,CONSOLIDATED,2026-06-30,33.8448,2026-08-13T20:40:19+05:30,21,0,0.75,2026-09-30,2026-10-02T00:00:00+05:30
1244,GACM Technologies Limited,GATECH.NS,Unspecified,Scored,,0.69922320857989,0.30077679142011005,461,INE224E01028,CONSOLIDATED,2026-06-30,1.521,2026-08-12T16:32:11+05:30,24,0,0.25,2026-09-30,2026-10-02T00:00:00+05:30
1294,GPT Infraprojects Limited,GPTINFRA.NS,Unspecified,Scored,,0.6991617326527108,0.30083826734728925,462,INE390G01014,CONSOLIDATED,2026-06-30,24.3427,2026-08-01T16:21:08+05:30,31,0,0.25,2026-09-30,2026-10-02T00:00:00+05:30
555,Century Plyboards (India) Ltd.,CENTURYPLY.NS,Consumer Durables,Scored,,0.698691516848369,0.30130848315163095,463,INE348B01021,CONSOLIDATED,2026-06-30,83.3043,2026-07-31T16:07:02+05:30,28,0,0.75,2026-09-30,2026-10-02T00:00:00+05:30
1140,Dolphin Offshore Enterprises (India) Limited,DOLPHIN.NS,Unspecified,Scored,,0.6986173202494783,0.3013826797505217,464,INE920A01037,CONSOLIDATED,2026-06-30,14.8141,2026-07-24T17:04:14+05:30,12,0,0.5,2026-09-30,2026-10-02T00:00:00+05:30
1464,Jullundur Motor Agency (Delhi) Limited,JMA.NS,Unspecified,Scored,,0.6984756949510752,0.3015243050489248,465,INE412C01023,CONSOLIDATED,2026-06-30,7.9625,2026-08-13T15:26:31+05:30,27,0,0.75,2026-09-30,2026-10-02T00:00:00+05:30
1266,GK Energy Limited,GKENERGY.NS,Unspecified,Scored,,0.698413808737633,0.30158619126236696,466,INE1AG301022,CONSOLIDATED,2026-06-30,59.649,2026-08-07T19:05:26+05:30,5,0,0.75,2026-09-30,2026-10-02T00:00:00+05:30
247,Aditya Infotech Ltd.,CPPLUS.NS,Capital Goods,Scored,,0.6981055456861778,0.3018944543138222,467,INE819V01029,CONSOLIDATED,2026-06-30,142.2,2026-08-12T18:54:17+05:30,5,0,0.75,2026-09-30,2026-10-02T00:00:00+05:30
1146,DRC Systems India Limited,DRCSYSTEMS.NS,Unspecified,Scored,,0.6980381889146893,0.3019618110853107,468,INE03RS01027,CONSOLIDATED,2026-06-30,5.555,2026-08-06T13:15:17+05:30,16,0,0.5,2026-09-30,2026-10-02T00:00:00+05:30
210,Punjab Natl.Bank,PNB.NS,Banks,Scored,,0.6977234730614574,0.30227652693854257,469,INE160A01022,CONSOLIDATED,2026-06-30,5339.15,2026-07-18T16:24:21+05:30,27,0,1.0,2026-09-30,2026-10-02T00:00:00+05:30
1915,Repco Home Finance Limited,REPCOHOME.NS,Unspecified,Scored,,0.6976698115727746,0.30233018842722537,470,INE612J01015,CONSOLIDATED,2026-06-30,121.62,2026-08-11T18:36:11+05:30,28,0,0.5,2026-09-30,2026-10-02T00:00:00+05:30
1463,Jinkushal Industries Limited,JKIPL.NS,Unspecified,Scored,,0.697662820918121,0.30233717908187896,471,INE1FF001016,CONSOLIDATED,2026-06-30,2.2005,2026-08-14T23:33:12+05:30,5,0,0.25,2026-09-30,2026-10-02T00:00:00+05:30
1221,Flair Writing Industries Limited,FLAIR.NS,Unspecified,Scored,,0.6976092013909042,0.3023907986090958,472,INE00Y201027,CONSOLIDATED,2026-06-30,29.0828,2026-08-11T18:50:20+05:30,11,0,0.5,2026-09-30,2026-10-02T00:00:00+05:30
281,CCL Products (I) Ltd.,CCL.NS,Fast Moving Consumer Goods,Scored,,0.6975871188021155,0.30241288119788445,473,INE421D01022,CONSOLIDATED,2026-06-30,116.8805,2026-07-27T20:26:12+05:30,30,0,0.75,2026-09-30,2026-10-02T00:00:00+05:30
341,Gillette India Ltd.,GILLETTE.NS,Fast Moving Consumer Goods,Scored,,0.6974682395463455,0.3025317604536545,474,INE322A01010,STANDALONE,2026-06-30,159.45,2026-07-30T16:29:05+05:30,20,0,0.5,2026-09-30,2026-10-02T00:00:00+05:30
1955,The Ruby Mills Limited,RUBYMILLS.NS,Unspecified,Scored,,0.6973366004176249,0.3026633995823751,475,INE301D01026,CONSOLIDATED,2026-06-30,11.7009,2026-08-12T21:13:03+05:30,2,4,1.0,2026-09-30,2026-10-02T00:00:00+05:30
1185,EPack Prefab Technologies Limited,EPACKPEB.NS,Unspecified,Scored,,0.6972743887141896,0.30272561128581044,476,INE0MLS01022,CONSOLIDATED,2026-06-30,18.1737,2026-08-01T20:21:02+05:30,4,3,0.3333333333333333,2026-09-30,2026-10-02T00:00:00+05:30
1207,Fineotex Chemical Limited,FCL.NS,Unspecified,Scored,,0.6972664668474249,0.3027335331525751,477,INE045J01034,CONSOLIDATED,2026-06-30,48.2053,2026-07-23T19:06:09+05:30,31,0,1.0,2026-09-30,2026-10-02T00:00:00+05:30
348,Granules India Ltd.,GRANULES.NS,Healthcare,Scored,,0.6972479890770775,0.3027520109229225,478,INE101D01020,CONSOLIDATED,2026-06-30,179.963,2026-07-21T14:17:40+05:30,31,0,0.75,2026-09-30,2026-10-02T00:00:00+05:30
1595,Magnum Ventures Limited,MAGNUM.NS,Unspecified,Scored,,0.6971189864742585,0.3028810135257415,479,INE387I01016,CONSOLIDATED,2026-06-30,-8.2788,2026-08-14T14:45:00+05:30,3,3,0.5,2026-09-30,2026-10-02T00:00:00+05:30
544,Black Box Ltd.,BBOX.NS,Information Technology,Scored,,0.6969884282070964,0.3030115717929036,480,INE676A01027,CONSOLIDATED,2026-06-30,55.92,2026-08-12T22:27:06+05:30,31,0,0.5,2026-09-30,2026-10-02T00:00:00+05:30
1099,DCM Shriram Industries Limited,DCMSRIND.NS,Unspecified,Scored,,0.6968279177512908,0.3031720822487092,481,INE843D01027,STANDALONE,2026-06-30,1.55,2026-08-13T14:50:10+05:30,2,4,0.0,2026-09-30,2026-10-02T00:00:00+05:30
757,Welspun Enterprises Ltd.,WELENT.NS,Construction,Scored,,0.6967369993720743,0.30326300062792566,482,INE625G01013,CONSOLIDATED,2026-06-30,56.36,2026-08-04T19:45:53+05:30,32,0,0.25,2026-09-30,2026-10-02T00:00:00+05:30
640,Marksans Pharma Ltd.,MARKSANS.NS,Healthcare,Scored,,0.6963897321943344,0.3036102678056656,483,INE750C01026,CONSOLIDATED,2026-06-30,159.407,2026-08-12T14:46:17+05:30,31,0,1.0,2026-09-30,2026-10-02T00:00:00+05:30
558,DCB Bank Ltd.,DCBBANK.NS,Financial Services,Scored,,0.6963730558613936,0.30362694413860636,484,INE503A01015,STANDALONE,2026-06-30,213.2,2026-07-24T17:33:06+05:30,25,0,1.0,2026-09-30,2026-10-02T00:00:00+05:30
1613,Mangal Credit and Fincorp Limited,MANCREDIT.NS,Unspecified,Scored,,0.6962939487154832,0.3037060512845168,485,INE545L01039,STANDALONE,2026-06-30,5.6909,2026-08-06T20:01:10+05:30,8,0,0.75,2026-09-30,2026-10-02T00:00:00+05:30
197,Federal Bank,FEDERALBNK.NS,Banks,Scored,,0.6962510234402775,0.30374897655972255,486,INE171A01029,CONSOLIDATED,2026-06-30,1297.61,2026-07-17T17:44:09+05:30,26,0,0.75,2026-09-30,2026-10-02T00:00:00+05:30
1963,Revathi Equipment India Limited,RVTH.NS,Unspecified,Scored,,0.6962254297849401,0.30377457021505994,487,INE0DAB01012,CONSOLIDATED,2026-06-30,2.04,2026-08-11T12:45:09+05:30,6,0,0.0,2026-09-30,2026-10-02T00:00:00+05:30
78,KEI Industries,KEI.NS,Capital Goods,Scored,,0.6960547373727164,0.3039452626272836,488,INE878B01027,CONSOLIDATED,2026-06-30,274.14,2026-08-03T20:52:12+05:30,29,0,0.75,2026-09-30,2026-10-02T00:00:00+05:30
272,Belrise Industries Ltd.,BELRISE.NS,Automobile and Auto Components,Scored,,0.696027673397942,0.303972326602058,489,INE894V01022,CONSOLIDATED,2026-06-30,121.668,2026-08-14T19:09:16+05:30,5,0,0.5,2026-09-30,2026-10-02T00:00:00+05:30
1964,S&S Power Switchgears Limited,S&SPOWER.NS,Unspecified,Scored,,0.6958073622308905,0.30419263776910954,490,INE902B01017,CONSOLIDATED,2026-06-30,-0.2589,2026-08-14T20:41:25+05:30,31,0,0.5,2026-09-30,2026-10-02T00:00:00+05:30
2337,Wanbury Limited,WANBURY.NS,Unspecified,Scored,,0.6957470358140089,0.3042529641859911,491,INE107F01022,STANDALONE,2026-06-30,3.2429,2026-08-11T20:52:45+05:30,7,3,0.6666666666666666,2026-09-30,2026-10-02T00:00:00+05:30
1094,Dc Infotech And Communication Limited,DCI.NS,Unspecified,Scored,,0.6956396966813237,0.30436030331867625,492,INE0A1101019,CONSOLIDATED,2026-06-30,4.5338,2026-08-14T17:59:09+05:30,3,3,0.0,2026-09-30,2026-10-02T00:00:00+05:30
547,Borosil Renewables Ltd.,BORORENEW.NS,Capital Goods,Scored,,0.6954233119246834,0.30457668807531657,493,INE666D01022,CONSOLIDATED,2026-06-30,86.6404,2026-07-16T16:22:16+05:30,20,0,0.75,2026-09-30,2026-10-02T00:00:00+05:30
1276,Gloster Limited,GLOSTERLTD.NS,Unspecified,Scored,,0.6952769051898154,0.30472309481018456,494,INE350Z01018,CONSOLIDATED,2026-06-30,-2.3355,2026-08-07T19:55:11+05:30,10,0,0.5,2026-09-30,2026-10-02T00:00:00+05:30
325,Elgi Equipments Ltd.,ELGIEQUIP.NS,Capital Goods,Scored,,0.6952584497450778,0.3047415502549222,495,INE285A01027,CONSOLIDATED,2026-06-30,103.3,2026-08-13T17:49:23+05:30,31,0,0.5,2026-09-30,2026-10-02T00:00:00+05:30
2315,VIP Clothing Limited,VIPCLOTHNG.NS,Unspecified,Scored,,0.6952104032757594,0.30478959672424055,496,INE450G01024,STANDALONE,2026-06-30,1.9125,2026-08-13T19:15:20+05:30,31,0,0.5,2026-09-30,2026-10-02T00:00:00+05:30
1924,Rico Auto Industries Limited,RICOAUTO.NS,Unspecified,Scored,,0.6943343183286342,0.30566568167136576,497,INE209B01025,CONSOLIDATED,2026-06-30,-3.38,2026-08-12T15:12:54+05:30,30,0,0.25,2026-09-30,2026-10-02T00:00:00+05:30
2236,Transindia Real Estate Limited,TREL.NS,Unspecified,Scored,,0.6940727391831687,0.3059272608168313,498,INE0O3901029,CONSOLIDATED,2026-06-30,11.48,2026-08-07T17:09:07+05:30,12,0,0.75,2026-09-30,2026-10-02T00:00:00+05:30
1743,Niraj Cement Structurals Limited,NIRAJ.NS,Unspecified,Scored,,0.6940157500867272,0.3059842499132728,499,INE368I01016,CONSOLIDATED,2026-06-30,3.5664,2026-08-14T17:52:06+05:30,18,0,0.25,2026-09-30,2026-10-02T00:00:00+05:30
108,Apollo Hospitals,APOLLOHOSP.NS,Healthcare,Scored,,0.6940061808167471,0.30599381918325286,500,INE437A01024,CONSOLIDATED,2026-06-30,610.4,2026-08-12T20:20:16+05:30,28,0,1.0,2026-09-30,2026-10-02T00:00:00+05:30
998,Blue Coast Hotels Limited,BLUECOAST.NS,Unspecified,Scored,,0.693951168024919,0.30604883197508104,501,INE472B01011,CONSOLIDATED,2026-06-30,-0.2783,2026-08-07T13:54:08+05:30,28,0,0.5,2026-09-30,2026-10-02T00:00:00+05:30
1686,MPS Limited,MPSLTD.NS,Unspecified,Scored,,0.6937927037340862,0.3062072962659138,502,INE943D01017,CONSOLIDATED,2026-06-30,50.39,2026-07-21T19:06:16+05:30,30,0,0.75,2026-09-30,2026-10-02T00:00:00+05:30
111,B P C L,BPCL.NS,Oil & Gas,Scored,,0.6936051466815017,0.30639485331849825,503,INE029A01011,CONSOLIDATED,2026-06-30,-1872.7,2026-07-22T15:02:09+05:30,28,0,0.25,2026-09-30,2026-10-02T00:00:00+05:30
922,AVG Logistics Limited,AVG.NS,Unspecified,Scored,,0.6935398611309311,0.30646013886906887,504,INE680Z01018,CONSOLIDATED,2026-06-30,6.4552,2026-08-14T20:47:03+05:30,13,0,0.75,2026-09-30,2026-10-02T00:00:00+05:30
1017,Bodhi Tree Multimedia Limited,BTML.NS,Unspecified,Scored,,0.693536117136373,0.306463882863627,505,INE0EEJ01023,CONSOLIDATED,2026-06-30,0.7835,2026-08-13T19:41:11+05:30,13,0,0.0,2026-09-30,2026-10-02T00:00:00+05:30
1577,Lokesh Machines Limited,LOKESHMACH.NS,Unspecified,Scored,,0.6934448109712377,0.30655518902876233,506,INE397H01017,STANDALONE,2026-06-30,1.0101,2026-08-12T17:17:17+05:30,33,0,0.5,2026-09-30,2026-10-02T00:00:00+05:30
2367,Zenith Exports Limited,ZENITHEXPO.NS,Unspecified,Scored,,0.693439803432392,0.306560196567608,507,INE058B01018,STANDALONE,2026-06-30,-0.6,2026-08-12T16:35:07+05:30,31,0,0.0,2026-09-30,2026-10-02T00:00:00+05:30
2129,Steelcast Limited,STEELCAS.NS,Unspecified,Scored,,0.6934252850017978,0.3065747149982022,508,INE124E01038,STANDALONE,2026-06-30,23.7123,2026-07-29T19:43:03+05:30,19,0,0.75,2026-09-30,2026-10-02T00:00:00+05:30
1654,Mahalaxmi Rubtech Limited,MHLXMIRU.NS,Unspecified,Scored,,0.6933216835929523,0.3066783164070477,509,INE112D01035,STANDALONE,2026-06-30,5.7655,2026-08-11T18:53:11+05:30,9,0,0.75,2026-09-30,2026-10-02T00:00:00+05:30
2175,Syncom Formulations (India) Limited,SYNCOMF.NS,Unspecified,Scored,,0.6932118241888943,0.30678817581110573,510,INE312C01025,CONSOLIDATED,2026-06-30,24.8468,2026-08-11T18:54:15+05:30,13,0,0.75,2026-09-30,2026-10-02T00:00:00+05:30
255,Amber Enterprises India Ltd.,AMBER.NS,Consumer Durables,Scored,,0.6931940170943112,0.30680598290568883,511,INE371P01015,CONSOLIDATED,2026-06-30,3.0856,2026-08-14T01:49:05+05:30,29,0,0.5,2026-09-30,2026-10-02T00:00:00+05:30
2181,Talbros Automotive Components Limited,TALBROAUTO.NS,Unspecified,Scored,,0.6929642521564727,0.3070357478435273,512,INE187D01029,CONSOLIDATED,2026-06-30,30.015,2026-08-10T16:53:15+05:30,32,0,0.75,2026-09-30,2026-10-02T00:00:00+05:30
797,Andhra Cements Limited,ACL.NS,Unspecified,Scored,,0.6928948628817392,0.3071051371182608,513,INE666E01020,STANDALONE,2026-06-30,-35.93,2026-07-27T14:23:13+05:30,12,0,0.25,2026-09-30,2026-10-02T00:00:00+05:30
195,ICICI Bank,ICICIBANK.NS,Banks,Scored,,0.6928479656486218,0.30715203435137817,514,INE090A01021,CONSOLIDATED,2026-06-30,16209.74,2026-07-18T17:06:43+05:30,27,0,0.5,2026-09-30,2026-10-02T00:00:00+05:30
2258,Usha Martin Education & Solutions Limited,UMESLTD.NS,Unspecified,Scored,,0.6927404014909406,0.3072595985090594,515,INE240C01028,CONSOLIDATED,2026-06-30,0.0202,2026-08-13T16:03:10+05:30,28,0,0.5,2026-09-30,2026-10-02T00:00:00+05:30
1823,Pennar Industries Limited,PENIND.NS,Unspecified,Scored,,0.692507924457847,0.30749207554215297,516,INE932A01024,CONSOLIDATED,2026-06-30,35.41,2026-08-12T20:54:08+05:30,31,0,0.5,2026-09-30,2026-10-02T00:00:00+05:30
2084,Sirca Paints India Limited,SIRCA.NS,Unspecified,Scored,,0.6921090292494073,0.3078909707505927,517,INE792Z01011,CONSOLIDATED,2026-06-30,16.2058,2026-07-28T15:36:24+05:30,24,0,0.5,2026-09-30,2026-10-02T00:00:00+05:30
401,Kirloskar Oil Eng Ltd.,KIRLOSENG.NS,Capital Goods,Scored,,0.6917741854633139,0.30822581453668607,518,INE146L01010,CONSOLIDATED,2026-06-30,111.06,2026-08-06T17:37:11+05:30,28,0,0.5,2026-09-30,2026-10-02T00:00:00+05:30
750,Vikram Solar Ltd.,VIKRAMSOLR.NS,Capital Goods,Scored,,0.6917376563357158,0.3082623436642842,519,INE078V01014,CONSOLIDATED,2026-06-30,19.777,2026-08-06T21:20:34+05:30,5,0,0.25,2026-09-30,2026-10-02T00:00:00+05:30
2301,Viceroy Hotels Limited,VHLTD.NS,Unspecified,Scored,,0.6915558804757561,0.3084441195242439,520,INE048C01025,CONSOLIDATED,2026-06-30,1.4486,2026-07-31T13:02:16+05:30,8,3,0.0,2026-09-30,2026-10-02T00:00:00+05:30
2079,Simplex Infrastructures Limited,SIMPLEXINF.NS,Unspecified,Scored,,0.6913268900695904,0.30867310993040964,521,INE059B01024,CONSOLIDATED,2026-06-30,10.67,2026-08-11T19:23:04+05:30,28,0,0.5,2026-09-30,2026-10-02T00:00:00+05:30
1814,Pasupati Acrylon Limited,PASUPTAC.NS,Unspecified,Scored,,0.691305496095003,0.308694503904997,522,INE818B01023,STANDALONE,2026-06-30,27.39,2026-08-07T16:55:03+05:30,20,0,1.0,2026-09-30,2026-10-02T00:00:00+05:30
506,Zensar Technolgies Ltd.,ZENSARTECH.NS,Information Technology,Scored,,0.6912173633502235,0.30878263664977645,523,INE520A01027,CONSOLIDATED,2026-06-30,183.8,2026-07-29T20:33:02+05:30,32,0,0.75,2026-09-30,2026-10-02T00:00:00+05:30
267,BLS International Services Ltd.,BLS.NS,Consumer Services,Scored,,0.6911982256173905,0.3088017743826095,524,INE153T01027,CONSOLIDATED,2026-06-30,201.6222,2026-08-07T20:34:09+05:30,33,0,0.75,2026-09-30,2026-10-02T00:00:00+05:30
541,Balu Forge Industries Ltd.,BALUFORGE.NS,Capital Goods,Scored,,0.6910265589112772,0.3089734410887228,525,INE011E01029,CONSOLIDATED,2026-06-30,66.0882,2026-08-12T21:24:17+05:30,10,0,0.75,2026-09-30,2026-10-02T00:00:00+05:30
665,Pricol Ltd.,PRICOLLTD.NS,Automobile and Auto Components,Scored,,0.6909646131268928,0.30903538687310717,526,INE726V01018,CONSOLIDATED,2026-06-30,67.02,2026-07-30T18:16:58+05:30,26,0,0.5,2026-09-30,2026-10-02T00:00:00+05:30
73,APL Apollo Tubes,APLAPOLLO.NS,Steel Pipes,Scored,,0.6909198833597503,0.3090801166402497,527,INE702C01027,CONSOLIDATED,2026-06-30,263.11,2026-08-01T16:04:05+05:30,31,3,1.0,2026-09-30,2026-10-02T00:00:00+05:30
384,Jain Resource Recycling Ltd.,JAINREC.NS,Metals & Mining,Scored,,0.6907844662091718,0.3092155337908282,528,INE0YD401026,CONSOLIDATED,2026-06-30,69.407,2026-08-03T20:11:17+05:30,5,0,0.75,2026-09-30,2026-10-02T00:00:00+05:30
2082,Singer India Limited,SINGERIND.NS,Unspecified,Scored,,0.6904234130435585,0.3095765869564415,529,INE638A01035,STANDALONE,2026-06-30,3.0,2026-08-12T18:54:15+05:30,2,4,0.0,2026-09-30,2026-10-02T00:00:00+05:30
1187,Equippp Social Impact Technologies Limited,EQUIPPP.NS,Unspecified,Scored,,0.6903885232855832,0.3096114767144168,530,INE217G01035,CONSOLIDATED,2026-06-30,0.2956,2026-08-12T20:31:29+05:30,15,0,0.5,2026-09-30,2026-10-02T00:00:00+05:30
945,Bal Pharma Limited,BALPHARMA.NS,Unspecified,Scored,,0.6903782630885592,0.3096217369114408,531,INE083D01012,CONSOLIDATED,2026-06-30,1.1377,2026-08-12T18:38:08+05:30,27,0,0.75,2026-09-30,2026-10-02T00:00:00+05:30
1584,Lux Industries Limited,LUXIND.NS,Unspecified,Scored,,0.6902425141507339,0.3097574858492661,532,INE150G01020,CONSOLIDATED,2026-06-30,23.1,2026-08-14T18:13:15+05:30,26,0,0.25,2026-09-30,2026-10-02T00:00:00+05:30
2037,Shanthi Gears Limited,SHANTIGEAR.NS,Unspecified,Scored,,0.6902176004048611,0.30978239959513887,533,INE631A01022,STANDALONE,2026-06-30,9.85,2026-07-29T14:24:17+05:30,32,0,0.25,2026-09-30,2026-10-02T00:00:00+05:30
2028,STL Global Limited,SGL.NS,Unspecified,Scored,,0.6901724189662353,0.30982758103376473,534,INE353H01010,STANDALONE,2026-06-30,-1.2459,2026-08-13T15:07:11+05:30,31,0,0.0,2026-09-30,2026-10-02T00:00:00+05:30
532,Atlanta Electricals Ltd.,ATLANTAELE.NS,Capital Goods,Scored,,0.6900559950444596,0.3099440049555404,535,INE0Z4F01028,CONSOLIDATED,2026-06-30,46.84,2026-07-21T12:48:05+05:30,5,0,0.5,2026-09-30,2026-10-02T00:00:00+05:30
1933,Rane (Madras) Limited,RML.NS,Unspecified,Scored,,0.6898141715904323,0.31018582840956765,536,INE050H01012,CONSOLIDATED,2026-06-30,30.1,2026-08-05T14:55:08+05:30,23,0,0.75,2026-09-30,2026-10-02T00:00:00+05:30
773,20 Microns Limited,20MICRONS.NS,Unspecified,Scored,,0.6897919994745808,0.3102080005254192,537,INE144J01027,CONSOLIDATED,2026-06-30,17.744,2026-07-31T16:04:16+05:30,29,0,0.75,2026-09-30,2026-10-02T00:00:00+05:30
1460,Jain Irrigation Systems Limited,JISLJALEQS.NS,Unspecified,Scored,,0.6897542671693491,0.31024573283065093,538,INE175A01038,CONSOLIDATED,2026-06-30,-17.8,2026-08-10T16:28:07+05:30,25,0,0.75,2026-09-30,2026-10-02T00:00:00+05:30
145,Bharat Forge,BHARATFORG.NS,Auto Ancillaries,Scored,,0.6894592377037835,0.3105407622962165,539,INE465A01025,CONSOLIDATED,2026-06-30,-89.888,2026-08-10T18:31:59+05:30,28,0,0.25,2026-09-30,2026-10-02T00:00:00+05:30
828,Ajooni Biotech Limited,AJOONI.NS,Unspecified,Scored,,0.6893876447177493,0.31061235528225073,540,INE820Y01021,STANDALONE,2026-06-30,0.4318,2026-08-14T17:24:35+05:30,20,0,0.5,2026-09-30,2026-10-02T00:00:00+05:30
1739,Nilkamal Limited,NILKAMAL.NS,Unspecified,Scored,,0.6893754005105711,0.3106245994894289,541,INE310A01015,CONSOLIDATED,2026-06-30,24.3978,2026-08-01T14:29:43+05:30,26,0,0.5,2026-09-30,2026-10-02T00:00:00+05:30
367,ITC Hotels Ltd.,ITCHOTELS.NS,Consumer Services,Scored,,0.6892423200068143,0.3107576799931857,542,INE379A01028,CONSOLIDATED,2026-06-30,181.91,2026-07-16T16:57:31+05:30,6,0,0.5,2026-09-30,2026-10-02T00:00:00+05:30
1208,FCS Software Solutions Limited,FCSSOFT.NS,Unspecified,Scored,,0.6891449012817221,0.3108550987182779,543,INE512B01022,CONSOLIDATED,2026-06-30,0.6261,2026-07-25T15:42:50+05:30,27,0,0.25,2026-09-30,2026-10-02T00:00:00+05:30
974,Bhagyanagar India Limited,BHAGYANGR.NS,Unspecified,Scored,,0.688975299859377,0.311024700140623,544,INE458B01036,CONSOLIDATED,2026-06-30,20.2452,2026-07-27T16:56:14+05:30,27,0,1.0,2026-09-30,2026-10-02T00:00:00+05:30
2358,Xchanging Solutions Limited,XCHANGING.NS,Unspecified,Scored,,0.6888478851034294,0.3111521148965706,545,INE692G01013,CONSOLIDATED,2026-06-30,15.12,2026-08-13T12:19:14+05:30,29,0,0.5,2026-09-30,2026-10-02T00:00:00+05:30
421,Navin Fluorine International Ltd.,NAVINFLUOR.NS,Chemicals,Scored,,0.6888356055556477,0.3111643944443523,546,INE048G01026,CONSOLIDATED,2026-06-30,243.31,2026-08-05T17:11:10+05:30,29,0,1.0,2026-09-30,2026-10-02T00:00:00+05:30
1621,Maral Overseas Limited,MARALOVER.NS,Unspecified,Scored,,0.688811675361294,0.31118832463870605,547,INE882A01013,STANDALONE,2026-06-30,5.9802,2026-07-30T18:00:17+05:30,33,0,0.75,2026-09-30,2026-10-02T00:00:00+05:30
1134,D-Link (India) Limited,DLINKINDIA.NS,Unspecified,Scored,,0.6887955154327587,0.31120448456724126,548,INE250K01012,CONSOLIDATED,2026-06-30,27.6065,2026-08-01T14:41:04+05:30,27,0,0.75,2026-09-30,2026-10-02T00:00:00+05:30
1156,Dynemic Products Limited,DYNPRO.NS,Unspecified,Scored,,0.6887315039576785,0.31126849604232154,549,INE256H01015,CONSOLIDATED,2026-06-30,5.194,2026-08-13T15:40:17+05:30,29,0,0.5,2026-09-30,2026-10-02T00:00:00+05:30
297,Chennai Petroleum Corporation Ltd.,CHENNPETRO.NS,Oil Gas & Consumable Fuels,Scored,,0.6885733245390744,0.3114266754609256,550,INE178A01016,CONSOLIDATED,2026-06-30,1031.35,2026-07-23T16:05:08+05:30,29,0,0.75,2026-09-30,2026-10-02T00:00:00+05:30
562,Dr. Agarwal's Health Care Ltd.,AGARWALEYE.NS,Healthcare,Scored,,0.6884591722280481,0.3115408277719519,551,INE943P01029,CONSOLIDATED,2026-06-30,55.02,2026-08-04T17:20:09+05:30,7,0,0.75,2026-09-30,2026-10-02T00:00:00+05:30
1690,Mufin Green Finance Limited,MUFIN.NS,Unspecified,Scored,,0.6880860943251769,0.31191390567482313,552,INE08KJ01020,CONSOLIDATED,2026-06-30,14.0112,2026-08-11T19:32:08+05:30,10,4,1.0,2026-09-30,2026-10-02T00:00:00+05:30
706,Skipper Ltd.,SKIPPER.NS,Capital Goods,Scored,,0.6880082000631844,0.3119917999368156,553,INE439E01022,CONSOLIDATED,2026-06-30,56.814,2026-08-11T17:41:12+05:30,29,0,0.5,2026-09-30,2026-10-02T00:00:00+05:30
135,Samvardh. Mothe.,MOTHERSON.NS,Auto Ancillaries,Scored,,0.6877858621853569,0.31221413781464313,554,INE775A01035,CONSOLIDATED,2026-06-30,1075.66,2026-08-06T16:46:02+05:30,32,0,0.75,2026-09-30,2026-10-02T00:00:00+05:30
644,Metropolis Healthcare Ltd.,METROPOLIS.NS,Healthcare,Scored,,0.6876528168049453,0.3123471831950547,555,INE112L01020,CONSOLIDATED,2026-06-30,56.883,2026-08-04T19:15:18+05:30,29,0,0.75,2026-09-30,2026-10-02T00:00:00+05:30
910,Allcargo Terminals Limited,ATL.NS,Unspecified,Scored,,0.6873006306225004,0.31269936937749965,556,INE0NN701020,CONSOLIDATED,2026-06-30,6.37,2026-08-11T19:39:05+05:30,12,0,0.5,2026-09-30,2026-10-02T00:00:00+05:30
414,Motherson Sumi Wiring India Ltd.,MSUMI.NS,Automobile and Auto Components,Scored,,0.6872926083782023,0.3127073916217977,557,INE0FS801015,STANDALONE,2026-06-30,145.32,2026-08-04T11:29:14+05:30,18,0,0.5,2026-09-30,2026-10-02T00:00:00+05:30
503,ZF Commercial Vehicle Control Systems India Ltd.,ZFCVINDIA.NS,Automobile and Auto Components,Scored,,0.6871549937094215,0.31284500629057854,558,INE342J01019,CONSOLIDATED,2026-06-30,104.4781,2026-07-24T18:30:13+05:30,18,0,0.5,2026-09-30,2026-10-02T00:00:00+05:30
295,Chalet Hotels Ltd.,CHALET.NS,Consumer Services,Scored,,0.6871217381648027,0.3128782618351973,559,INE427F01016,CONSOLIDATED,2026-06-30,86.125,2026-07-29T21:02:10+05:30,29,0,0.25,2026-09-30,2026-10-02T00:00:00+05:30
182,Tata Capital,TATACAP.NS,Financial Services,Scored,,0.6870492978812619,0.3129507021187381,560,INE976I01016,CONSOLIDATED,2026-06-30,1628.18,2026-07-28T16:35:06+05:30,4,3,1.0,2026-09-30,2026-10-02T00:00:00+05:30
1246,Gateway Distriparks Limited,GATEWAY.NS,Unspecified,Scored,,0.6869157220870739,0.31308427791292615,561,INE079J01017,CONSOLIDATED,2026-06-30,51.268,2026-08-05T23:39:15+05:30,18,0,0.5,2026-09-30,2026-10-02T00:00:00+05:30
2363,Yatra Online Limited,YATRA.NS,Unspecified,Scored,,0.6867883292493145,0.31321167075068546,562,INE0JR601024,CONSOLIDATED,2026-06-30,0.339,2026-08-12T22:58:03+05:30,13,0,0.0,2026-09-30,2026-10-02T00:00:00+05:30
637,Maharashtra Scooters Ltd.,MAHSCOOTER.NS,Financial Services,Scored,,0.686778797461371,0.31322120253862895,563,INE288A01013,STANDALONE,2026-06-30,3.32,2026-07-29T20:31:02+05:30,30,0,0.0,2026-09-30,2026-10-02T00:00:00+05:30
136,MRF,MRF.NS,Auto Ancillaries,Scored,,0.6864575930351599,0.31354240696484015,564,INE883A01011,CONSOLIDATED,2026-06-30,495.35,2026-08-11T15:49:10+05:30,29,0,0.75,2026-09-30,2026-10-02T00:00:00+05:30
1388,IKIO Technologies Limited,IKIO.NS,Unspecified,Scored,,0.6863224613951471,0.3136775386048529,565,INE0LOJ01019,CONSOLIDATED,2026-06-30,11.046,2026-08-08T20:06:17+05:30,14,0,0.5,2026-09-30,2026-10-02T00:00:00+05:30
600,INOX India Ltd.,INOXINDIA.NS,Capital Goods,Scored,,0.6862900353716901,0.3137099646283099,566,INE616N01034,CONSOLIDATED,2026-06-30,58.072,2026-08-03T18:51:31+05:30,11,0,0.25,2026-09-30,2026-10-02T00:00:00+05:30
404,LIC Housing Finance Ltd.,LICHSGFIN.NS,Financial Services,Scored,,0.686212886597298,0.31378711340270204,567,INE115A01026,CONSOLIDATED,2026-06-30,1499.03,2026-07-30T20:59:05+05:30,24,0,0.75,2026-09-30,2026-10-02T00:00:00+05:30
1469,JTL INDUSTRIES LIMITED,JTLIND.NS,Unspecified,Scored,,0.6859545265527357,0.3140454734472643,568,INE391J01032,CONSOLIDATED,2026-06-30,35.3656,2026-08-05T13:40:05+05:30,13,0,0.75,2026-09-30,2026-10-02T00:00:00+05:30
987,Aditya Birla Money Limited,BIRLAMONEY.NS,Unspecified,Scored,,0.6858509454804755,0.31414905451952446,569,INE865C01022,STANDALONE,2026-06-30,11.1274,2026-07-14T19:42:10+05:30,25,0,0.5,2026-09-30,2026-10-02T00:00:00+05:30
433,PNB Housing Finance Ltd.,PNBHOUSING.NS,Financial Services,Scored,,0.68566169631871,0.31433830368129,570,INE572E01012,CONSOLIDATED,2026-06-30,557.34,2026-08-04T18:51:10+05:30,28,0,0.5,2026-09-30,2026-10-02T00:00:00+05:30
2368,Zenith Steel Pipes & Industries Limited,ZENITHSTL.NS,Unspecified,Scored,,0.6856326142452741,0.3143673857547259,571,INE318D01020,CONSOLIDATED,2026-06-30,0.4383,2026-08-14T00:41:10+05:30,25,0,0.0,2026-09-30,2026-10-02T00:00:00+05:30
1084,Dalmia Bharat Sugar and Industries Limited,DALMIASUG.NS,Unspecified,Scored,,0.685557711835001,0.314442288164999,572,INE495A01022,CONSOLIDATED,2026-06-30,6.91,2026-08-07T17:57:42+05:30,18,3,0.5,2026-09-30,2026-10-02T00:00:00+05:30
200,Canara Bank,CANBK.NS,Banks,Scored,,0.6855186380174193,0.3144813619825807,573,INE476A01022,CONSOLIDATED,2026-06-30,4864.08,2026-07-27T15:42:49+05:30,22,3,0.6666666666666666,2026-09-30,2026-10-02T00:00:00+05:30
889,Artemis Medicare Services Limited,ARTEMISMED.NS,Unspecified,Scored,,0.6853427918829517,0.31465720811704834,574,INE025R01021,CONSOLIDATED,2026-06-30,31.4427,2026-08-03T18:32:09+05:30,27,0,0.75,2026-09-30,2026-10-02T00:00:00+05:30
1597,Mahamaya Steel Industries Limited,MAHASTEEL.NS,Unspecified,Scored,,0.6849164670496319,0.31508353295036806,575,INE451L01014,CONSOLIDATED,2026-06-30,2.1284,2026-08-13T13:59:11+05:30,28,0,0.75,2026-09-30,2026-10-02T00:00:00+05:30
1546,Kalyani Steels Limited,KSL.NS,Unspecified,Scored,,0.6847763287917625,0.31522367120823747,576,INE907A01026,CONSOLIDATED,2026-06-30,68.249,2026-08-07T18:00:14+05:30,21,0,0.5,2026-09-30,2026-10-02T00:00:00+05:30
575,Fiem Industries Ltd,FIEMIND.NS,Automobile and Auto Components,Scored,,0.6842988213373854,0.3157011786626146,577,INE737H01014,CONSOLIDATED,2026-06-30,64.8829,2026-08-12T16:15:25+05:30,29,0,0.5,2026-09-30,2026-10-02T00:00:00+05:30
996,BLS E-Services Limited,BLSE.NS,Unspecified,Scored,,0.6842012252059667,0.3157987747940333,578,INE0NLT01010,CONSOLIDATED,2026-06-30,18.6265,2026-08-06T21:08:07+05:30,10,0,0.75,2026-09-30,2026-10-02T00:00:00+05:30
2098,Solex Energy Limited,SOLEX.NS,Unspecified,Scored,,0.6840697926388731,0.31593020736112687,579,INE880Y01017,CONSOLIDATED,2026-06-30,8.256,2026-08-14T15:48:55+05:30,4,3,0.6666666666666666,2026-09-30,2026-10-02T00:00:00+05:30
505,Zen Technologies Ltd.,ZENTEC.NS,Capital Goods,Scored,,0.683966468823828,0.31603353117617194,580,INE251B01027,CONSOLIDATED,2026-06-30,31.8494,2026-07-25T18:27:07+05:30,31,0,0.25,2026-09-30,2026-10-02T00:00:00+05:30
1318,Gujarat Raffia Industries Limited,GUJRAFFIA.NS,Unspecified,Scored,,0.6837980754175019,0.3162019245824981,581,INE610B01024,STANDALONE,2026-06-30,0.47,2026-08-13T16:37:29+05:30,29,0,0.5,2026-09-30,2026-10-02T00:00:00+05:30
710,Star Cement Ltd.,STARCEMENT.NS,Construction Materials,Scored,,0.6836849098897947,0.3163150901102053,582,INE460H01021,CONSOLIDATED,2026-06-30,73.909,2026-08-07T18:37:05+05:30,31,0,0.5,2026-09-30,2026-10-02T00:00:00+05:30
2016,Sejal Glass Limited,SEJALLTD.NS,Unspecified,Scored,,0.6828612320286837,0.31713876797131635,583,INE955I01044,CONSOLIDATED,2026-06-30,7.216,2026-07-31T22:29:04+05:30,14,0,0.5,2026-09-30,2026-10-02T00:00:00+05:30
1354,Hindustan Composites Limited,HINDCOMPOS.NS,Unspecified,Scored,,0.6826409602705481,0.3173590397294519,584,INE310C01029,CONSOLIDATED,2026-06-30,8.68,2026-07-23T20:38:09+05:30,29,0,0.5,2026-09-30,2026-10-02T00:00:00+05:30
77,Lupin,LUPIN.NS,Pharmaceuticals,Scored,,0.6825903733523616,0.3174096266476384,585,INE326A01037,CONSOLIDATED,2026-06-30,1416.98,2026-08-06T22:26:06+05:30,30,0,0.5,2026-09-30,2026-10-02T00:00:00+05:30
1200,Excelsoft Technologies Limited,EXCELSOFT.NS,Unspecified,Scored,,0.6825861682670381,0.3174138317329619,586,INE606N01019,CONSOLIDATED,2026-06-30,9.228,2026-08-07T23:00:17+05:30,4,3,0.3333333333333333,2026-09-30,2026-10-02T00:00:00+05:30
756,Websol Energy System Ltd.,WEBELSOLAR.NS,Capital Goods,Scored,,0.6825366479593047,0.3174633520406953,587,INE855C01023,CONSOLIDATED,2026-06-30,77.79,2026-08-10T20:21:14+05:30,3,3,0.5,2026-09-30,2026-10-02T00:00:00+05:30
2287,Vaswani Industries Limited,VASWANI.NS,Unspecified,Scored,,0.6822476864464528,0.31775231355354716,588,INE590L01019,STANDALONE,2026-06-30,1.1648,2026-08-14T19:08:15+05:30,32,0,0.25,2026-09-30,2026-10-02T00:00:00+05:30
1025,Cantabil Retail India Limited,CANTABIL.NS,Unspecified,Scored,,0.6822278413482453,0.3177721586517547,589,INE068L01024,STANDALONE,2026-06-30,16.3274,2026-08-05T17:09:06+05:30,33,0,0.25,2026-09-30,2026-10-02T00:00:00+05:30
1014,Brooks Laboratories Limited,BROOKS.NS,Unspecified,Scored,,0.6821416495718963,0.31785835042810373,590,INE650L01011,CONSOLIDATED,2026-06-30,-1.7869,2026-08-13T19:55:29+05:30,22,0,0.0,2026-09-30,2026-10-02T00:00:00+05:30
557,Cupid Ltd.,CUPID.NS,Fast Moving Consumer Goods,Scored,,0.682136196408952,0.31786380359104804,591,INE509F01029,CONSOLIDATED,2026-06-30,44.1486,2026-08-07T18:59:10+05:30,10,0,1.0,2026-09-30,2026-10-02T00:00:00+05:30
1465,JNK India Limited,JNKINDIA.NS,Unspecified,Scored,,0.6821101525184649,0.31788984748153515,592,INE0OAF01028,CONSOLIDATED,2026-06-30,9.625,2026-08-11T22:04:09+05:30,9,3,1.0,2026-09-30,2026-10-02T00:00:00+05:30
731,Thangamayil Jewellery Ltd.,THANGAMAYL.NS,Consumer Durables,Scored,,0.6819913498454884,0.31800865015451163,593,INE085J01014,STANDALONE,2026-06-30,85.09,2026-07-29T15:55:06+05:30,30,0,0.5,2026-09-30,2026-10-02T00:00:00+05:30
329,Endurance Technologies Ltd.,ENDURANCE.NS,Automobile and Auto Components,Scored,,0.681740428160851,0.318259571839149,594,INE913H01037,CONSOLIDATED,2026-06-30,244.52,2026-08-13T17:30:40+05:30,33,0,0.5,2026-09-30,2026-10-02T00:00:00+05:30
1941,Rossell Techsys Limited,ROSSTECH.NS,Unspecified,Scored,,0.6816570993327029,0.3183429006672971,595,INE0OJW01016,CONSOLIDATED,2026-06-30,7.1352,2026-07-28T12:56:25+05:30,8,0,0.5,2026-09-30,2026-10-02T00:00:00+05:30
550,CSB Bank Ltd.,CSBBANK.NS,Financial Services,Scored,,0.6815073257190261,0.31849267428097394,596,INE679A01013,STANDALONE,2026-06-30,150.04,2026-07-22T18:18:09+05:30,20,0,0.5,2026-09-30,2026-10-02T00:00:00+05:30
1726,Nelcast Limited,NELCAST.NS,Unspecified,Scored,,0.6810909796173148,0.3189090203826852,597,INE189I01024,CONSOLIDATED,2026-06-30,5.1366,2026-07-27T16:19:09+05:30,27,0,0.25,2026-09-30,2026-10-02T00:00:00+05:30
885,Aro Granite Industries Limited,AROGRANITE.NS,Unspecified,Scored,,0.6810726318973584,0.31892736810264155,598,INE210C01013,STANDALONE,2026-06-30,-7.4549,2026-08-07T14:34:07+05:30,31,0,0.0,2026-09-30,2026-10-02T00:00:00+05:30
70,Mphasis,MPHASIS.NS,IT,Scored,,0.6810724095505883,0.31892759044941166,599,INE356A01018,CONSOLIDATED,2026-06-30,489.506,2026-07-23T23:58:07+05:30,31,0,0.5,2026-09-30,2026-10-02T00:00:00+05:30
1076,CSL Finance Limited,CSLFINANCE.NS,Unspecified,Scored,,0.6808984272145444,0.3191015727854556,600,INE718F01018,STANDALONE,2026-06-30,22.147,2026-08-12T15:34:09+05:30,16,0,0.5,2026-09-30,2026-10-02T00:00:00+05:30
1293,GPT Healthcare Limited,GPTHEALTH.NS,Unspecified,Scored,,0.6808865103113588,0.31911348968864117,601,INE486R01017,STANDALONE,2026-06-30,12.7314,2026-08-03T16:54:13+05:30,11,0,0.5,2026-09-30,2026-10-02T00:00:00+05:30
800,Archidply Decor Limited,ADL.NS,Unspecified,Scored,,0.680779434546904,0.31922056545309596,602,INE0CHO01012,STANDALONE,2026-06-30,-0.2495,2026-08-14T12:42:09+05:30,23,0,0.0,2026-09-30,2026-10-02T00:00:00+05:30
1975,Saksoft Limited,SAKSOFT.NS,Unspecified,Scored,,0.6806773089717076,0.31932269102829236,603,INE667G01023,CONSOLIDATED,2026-06-30,29.292,2026-08-07T17:34:20+05:30,32,0,0.5,2026-09-30,2026-10-02T00:00:00+05:30
670,Prudent Corporate Advisory Services Ltd.,PRUDENT.NS,Financial Services,Scored,,0.6805573829307877,0.3194426170692123,604,INE00F201020,CONSOLIDATED,2026-06-30,74.757,2026-07-25T14:22:06+05:30,17,0,1.0,2026-09-30,2026-10-02T00:00:00+05:30
2255,Ugro Capital Limited,UGROCAP.NS,Unspecified,Scored,,0.6803427986677585,0.3196572013322415,605,INE583D01011,CONSOLIDATED,2026-06-30,67.8689,2026-08-04T17:14:09+05:30,3,3,1.0,2026-09-30,2026-10-02T00:00:00+05:30
678,Rategain Travel Technologies Ltd.,RATEGAIN.NS,Information Technology,Scored,,0.6800091051856246,0.31999089481437537,606,INE0CLI01024,CONSOLIDATED,2026-06-30,94.91,2026-08-06T13:51:04+05:30,19,0,0.75,2026-09-30,2026-10-02T00:00:00+05:30
1042,Concord Enviro Systems Limited,CEWATER.NS,Unspecified,Scored,,0.6799813408705272,0.3200186591294728,607,INE037Z01029,CONSOLIDATED,2026-06-30,-17.569,2026-08-11T21:37:18+05:30,7,3,0.5,2026-09-30,2026-10-02T00:00:00+05:30
1901,Ramco Systems Limited,RAMCOSYS.NS,Unspecified,Scored,,0.6799209012721826,0.32007909872781737,608,INE246B01019,CONSOLIDATED,2026-06-30,0.562,2026-07-23T22:41:50+05:30,32,0,0.5,2026-09-30,2026-10-02T00:00:00+05:30
2046,Shivalik Rasayan Limited,SHIVALIK.NS,Unspecified,Scored,,0.6799171538391586,0.32008284616084137,609,INE788J01021,CONSOLIDATED,2026-06-30,4.5013,2026-08-14T17:19:15+05:30,18,0,0.5,2026-09-30,2026-10-02T00:00:00+05:30
2856,Swaraj Suiting Limited,SWARAJ.NS,Unspecified,Scored,,0.6798415079326707,0.32015849206732927,610,INE0GMR01016,CONSOLIDATED,2026-06-30,16.4174,2026-08-07T23:40:34+05:30,4,3,0.5,2026-09-30,2026-10-02T00:00:00+05:30
287,Capri Global Capital Ltd.,CGCL.NS,Financial Services,Scored,,0.6798337285153088,0.32016627148469123,611,INE180C01042,CONSOLIDATED,2026-06-30,353.381,2026-07-27T19:26:01+05:30,26,0,1.0,2026-09-30,2026-10-02T00:00:00+05:30
2360,Xpro India Limited,XPROINDIA.NS,Unspecified,Scored,,0.6797467006070934,0.3202532993929066,612,INE445C01015,CONSOLIDATED,2026-06-30,7.6278,2026-07-31T16:59:02+05:30,28,0,0.75,2026-09-30,2026-10-02T00:00:00+05:30
1054,Chaman Lal Setia Exports Limited,CLSEL.NS,Unspecified,Scored,,0.6795374255205233,0.3204625744794767,613,INE419D01026,STANDALONE,2026-06-30,31.9873,2026-08-06T17:33:10+05:30,22,0,0.5,2026-09-30,2026-10-02T00:00:00+05:30
1533,Kridhan Infra Limited,KRIDHANINF.NS,Unspecified,Scored,,0.6794869105613448,0.3205130894386552,614,INE524L01026,CONSOLIDATED,2026-06-30,0.0382,2026-08-13T21:34:38+05:30,25,0,0.25,2026-09-30,2026-10-02T00:00:00+05:30
1939,Rossari Biotech Limited,ROSSARI.NS,Unspecified,Scored,,0.6793954993134038,0.3206045006865962,615,INE02A801020,CONSOLIDATED,2026-06-30,35.095,2026-07-18T17:32:20+05:30,24,0,0.5,2026-09-30,2026-10-02T00:00:00+05:30
423,Neuland Laboratories Ltd.,NEULANDLAB.NS,Healthcare,Scored,,0.6792572569367761,0.3207427430632239,616,INE794A01010,CONSOLIDATED,2026-06-30,147.6731,2026-08-05T18:05:08+05:30,28,0,0.5,2026-09-30,2026-10-02T00:00:00+05:30
871,Apollo Sindoori Hotels Limited,APOLSINHOT.NS,Unspecified,Scored,,0.6790728409953282,0.32092715900467184,617,INE451F01024,CONSOLIDATED,2026-06-30,1.7571,2026-08-11T20:06:40+05:30,28,0,0.25,2026-09-30,2026-10-02T00:00:00+05:30
2313,Vinny Overseas Limited,VINNY.NS,Unspecified,Scored,,0.6790697146163903,0.3209302853836097,618,INE01KI01027,STANDALONE,2026-06-30,0.2103,2026-08-14T18:05:12+05:30,14,0,0.5,2026-09-30,2026-10-02T00:00:00+05:30
1646,Mangal Electrical Industries Limited,MEIL.NS,Unspecified,Scored,,0.6790107352205105,0.3209892647794895,619,INE0PKD01011,STANDALONE,2026-06-30,7.5222,2026-07-29T19:16:11+05:30,4,0,0.0,2026-09-30,2026-10-02T00:00:00+05:30
241,Action Construction Equipment Ltd.,ACE.NS,Capital Goods,Scored,,0.6788382489161975,0.3211617510838025,620,INE731H01025,CONSOLIDATED,2026-06-30,119.49,2026-07-20T18:26:20+05:30,29,0,0.5,2026-09-30,2026-10-02T00:00:00+05:30
1599,Maheshwari Logistics Limited,MAHESHWARI.NS,Unspecified,Scored,,0.6785762606557194,0.3214237393442806,621,INE263W01010,CONSOLIDATED,2026-06-30,3.3028,2026-08-13T17:01:51+05:30,26,0,0.25,2026-09-30,2026-10-02T00:00:00+05:30
1415,InfoBeans Technologies Limited,INFOBEAN.NS,Unspecified,Scored,,0.6785746006934062,0.32142539930659375,622,INE344S01016,CONSOLIDATED,2026-06-30,21.62,2026-07-21T21:35:56+05:30,26,0,0.5,2026-09-30,2026-10-02T00:00:00+05:30
1022,The Byke Hospitality Ltd,BYKE.NS,Unspecified,Scored,,0.6785358463624834,0.32146415363751657,623,INE319B01014,STANDALONE,2026-06-30,2.2471,2026-08-10T16:45:16+05:30,31,0,0.75,2026-09-30,2026-10-02T00:00:00+05:30
1774,Om Power Transmission Limited,OMPOWER.NS,Unspecified,Scored,,0.6784662437170749,0.32153375628292513,624,INE25E901019,STANDALONE,2026-06-30,10.5192,2026-08-11T19:28:05+05:30,2,4,0.0,2026-09-30,2026-10-02T00:00:00+05:30
26,Infosys,INFY.NS,IT,Scored,,0.6784087914831491,0.32159120851685086,625,INE009A01021,CONSOLIDATED,2026-06-30,7775.0,2026-07-23T17:40:57+05:30,32,0,0.5,2026-09-30,2026-10-02T00:00:00+05:30
1429,India Pesticides Limited,IPL.NS,Unspecified,Scored,,0.6781552763481972,0.32184472365180283,626,INE0D6701023,CONSOLIDATED,2026-06-30,22.77,2026-08-01T19:41:13+05:30,19,0,0.5,2026-09-30,2026-10-02T00:00:00+05:30
1759,NRB Bearing Limited,NRBBEARING.NS,Unspecified,Scored,,0.6781511290471551,0.32184887095284487,627,INE349A01021,CONSOLIDATED,2026-06-30,37.76,2026-08-07T21:49:15+05:30,28,0,0.5,2026-09-30,2026-10-02T00:00:00+05:30
2205,TGB Banquets And Hotels Limited,TGBHOTELS.NS,Unspecified,Scored,,0.6780888533788978,0.3219111466211022,628,INE797H01018,STANDALONE,2026-06-30,0.1939,2026-07-27T18:09:12+05:30,25,0,0.5,2026-09-30,2026-10-02T00:00:00+05:30
1351,Highway Infrastructure Limited,HILINFRA.NS,Unspecified,Scored,,0.6779508546520127,0.32204914534798734,629,INE00RL01028,CONSOLIDATED,2026-06-30,1.0596,2026-08-11T17:21:05+05:30,3,1,0.0,2026-09-30,2026-10-02T00:00:00+05:30
95,Uno Minda,UNOMINDA.NS,Auto Ancillaries,Scored,,0.6778193715752397,0.32218062842476025,630,INE405E01023,CONSOLIDATED,2026-06-30,315.51,2026-08-04T17:15:08+05:30,31,0,0.5,2026-09-30,2026-10-02T00:00:00+05:30
755,WeWork India Management Ltd.,WEWORK.NS,Services,Scored,,0.6776702844103373,0.3223297155896627,631,INE085001019,CONSOLIDATED,2026-06-30,-4.061,2026-07-16T21:30:17+05:30,4,3,0.6666666666666666,2026-09-30,2026-10-02T00:00:00+05:30
2113,SPL Industries Limited,SPLIL.NS,Unspecified,Scored,,0.6775839529132767,0.32241604708672333,632,INE978G01016,STANDALONE,2026-06-30,2.1306,2026-08-12T17:21:18+05:30,33,0,0.5,2026-09-30,2026-10-02T00:00:00+05:30
472,Syngene International Ltd.,SYNGENE.NS,Healthcare,Scored,,0.6775553047581528,0.32244469524184716,633,INE398R01022,CONSOLIDATED,2026-06-30,-9.0,2026-07-29T21:32:02+05:30,31,0,0.25,2026-09-30,2026-10-02T00:00:00+05:30
730,Texmaco Rail & Eng. Ltd.,TEXRAIL.NS,Capital Goods,Scored,,0.6774521132762656,0.32254788672373436,634,INE621L01012,CONSOLIDATED,2026-06-30,50.0734,2026-08-03T19:08:01+05:30,24,0,0.5,2026-09-30,2026-10-02T00:00:00+05:30
473,Syrma SGS Technology Ltd.,SYRMA.NS,Capital Goods,Scored,,0.6774280602826006,0.3225719397173994,635,INE0DYJ01015,CONSOLIDATED,2026-06-30,105.692,2026-07-29T17:35:18+05:30,16,0,0.75,2026-09-30,2026-10-02T00:00:00+05:30
1769,Omax Autos Limited,OMAXAUTO.NS,Unspecified,Scored,,0.6773776420972173,0.3226223579027827,636,INE090B01011,STANDALONE,2026-06-30,10.6033,2026-07-24T16:52:07+05:30,30,0,0.5,2026-09-30,2026-10-02T00:00:00+05:30
1291,Gopal Snacks Limited,GOPAL.NS,Unspecified,Scored,,0.6773714147384576,0.32262858526154237,637,INE0L9R01028,STANDALONE,2026-06-30,12.847,2026-08-07T17:31:14+05:30,11,0,0.5,2026-09-30,2026-10-02T00:00:00+05:30
488,Titagarh Rail Systems Ltd.,TITAGARH.NS,Capital Goods,Scored,,0.6771538043734672,0.32284619562653283,638,INE615H01020,CONSOLIDATED,2026-06-30,52.58,2026-08-12T19:56:01+05:30,24,3,1.0,2026-09-30,2026-10-02T00:00:00+05:30
2328,Vishnu Prakash R Punglia Limited,VPRPL.NS,Unspecified,Scored,,0.6770070352125899,0.32299296478741013,639,INE0AE001013,STANDALONE,2026-06-30,-39.316,2026-08-13T21:24:17+05:30,13,0,0.25,2026-09-30,2026-10-02T00:00:00+05:30
1257,Genus Power Infrastructures Limited,GENUSPOWER.NS,Unspecified,Scored,,0.6769089714832791,0.3230910285167209,640,INE955D01029,CONSOLIDATED,2026-06-30,196.64,2026-08-13T17:21:11+05:30,27,0,0.75,2026-09-30,2026-10-02T00:00:00+05:30
564,EPL Ltd.,EPL.NS,Capital Goods,Scored,,0.6766218360109776,0.3233781639890224,641,INE255A01020,CONSOLIDATED,2026-06-30,100.6,2026-08-11T17:33:15+05:30,29,0,0.5,2026-09-30,2026-10-02T00:00:00+05:30
1701,Mangalam Worldwide Limited,MWL.NS,Unspecified,Scored,,0.6765658534919331,0.3234341465080669,642,INE0JYY01029,CONSOLIDATED,2026-06-30,12.0232,2026-07-24T18:57:59+05:30,6,0,0.75,2026-09-30,2026-10-02T00:00:00+05:30
1261,GIC Housing Finance Limited,GICHSGFIN.NS,Unspecified,Scored,,0.6765101435052822,0.32348985649471784,643,INE289B01019,CONSOLIDATED,2026-06-30,10.08,2026-08-12T17:46:08+05:30,19,0,0.5,2026-09-30,2026-10-02T00:00:00+05:30
1928,Ravi Kumar Distilleries Limited,RKDL.NS,Unspecified,Scored,,0.6764104705666807,0.3235895294333193,644,INE722J01012,STANDALONE,2026-06-30,0.0683,2026-08-14T19:39:56+05:30,32,0,0.75,2026-09-30,2026-10-02T00:00:00+05:30
1229,Fractal Analytics Limited,FRACTAL.NS,Unspecified,Scored,,0.6763349934515568,0.3236650065484432,645,INE212S01015,CONSOLIDATED,2026-06-30,72.3,2026-07-23T23:04:07+05:30,3,3,0.5,2026-09-30,2026-10-02T00:00:00+05:30
934,Bajaj Consumer Care Limited,BAJAJCON.NS,Unspecified,Scored,,0.6759861289875144,0.3240138710124856,646,INE933K01021,CONSOLIDATED,2026-06-30,70.7451,2026-07-13T18:44:13+05:30,29,0,1.0,2026-09-30,2026-10-02T00:00:00+05:30
1707,Nahar Poly Films Limited,NAHARPOLY.NS,Unspecified,Scored,,0.6757416570084683,0.32425834299153167,647,INE308A01027,CONSOLIDATED,2026-06-30,11.6825,2026-08-05T17:50:03+05:30,27,0,0.5,2026-09-30,2026-10-02T00:00:00+05:30
36,Persistent Systems,PERSISTENT.NS,IT,Scored,,0.6755167898449664,0.32448321015503356,648,INE262H01021,CONSOLIDATED,2026-06-30,483.043,2026-08-02T18:45:11+05:30,32,0,0.5,2026-09-30,2026-10-02T00:00:00+05:30
380,JK Tyre & Industries Ltd.,JKTYRE.NS,Automobile and Auto Components,Scored,,0.6747280685619291,0.32527193143807087,649,INE573A01042,CONSOLIDATED,2026-06-30,44.09,2026-08-07T16:03:14+05:30,31,0,0.25,2026-09-30,2026-10-02T00:00:00+05:30
277,Bombay Burmah Trading Corporation Ltd.,BBTC.NS,Fast Moving Consumer Goods,Scored,,0.6746427747179586,0.32535722528204136,650,INE050A01025,CONSOLIDATED,2026-06-30,582.67,2026-08-13T18:32:22+05:30,27,0,0.75,2026-09-30,2026-10-02T00:00:00+05:30
2075,Silgo Retail Limited,SILGO.NS,Unspecified,Scored,,0.6745139492152771,0.3254860507847229,651,INE01II01013,CONSOLIDATED,2026-06-30,2.1353,2026-08-13T16:41:32+05:30,4,3,0.6666666666666666,2026-09-30,2026-10-02T00:00:00+05:30
1618,Manomay Tex India Limited,MANOMAY.NS,Unspecified,Scored,,0.674382513254521,0.32561748674547897,652,INE784W01015,STANDALONE,2026-06-30,4.9518,2026-08-13T16:47:38+05:30,15,0,0.5,2026-09-30,2026-10-02T00:00:00+05:30
690,Rubicon Research Ltd.,RUBICON.NS,Healthcare,Scored,,0.6739437696202024,0.3260562303797976,653,INE506V01022,CONSOLIDATED,2026-06-30,84.781,2026-08-14T17:28:44+05:30,4,3,1.0,2026-09-30,2026-10-02T00:00:00+05:30
94,AIA Engineering,AIAENG.NS,Capital Goods,Scored,,0.6734820411211987,0.3265179588788013,654,INE212H01026,CONSOLIDATED,2026-06-30,300.994,2026-08-12T17:45:12+05:30,31,0,0.5,2026-09-30,2026-10-02T00:00:00+05:30
944,Balmer Lawrie & Company Limited,BALMLAWRIE.NS,Unspecified,Scored,,0.6734196859152136,0.3265803140847864,655,INE164A01016,CONSOLIDATED,2026-06-30,70.9326,2026-08-01T18:55:17+05:30,25,0,0.5,2026-09-30,2026-10-02T00:00:00+05:30
59,Petronet LNG,PETRONET.NS,Oil & Gas,Scored,,0.6733328309369193,0.3266671690630807,656,INE347G01014,CONSOLIDATED,2026-06-30,1137.14,2026-08-12T20:40:16+05:30,27,0,0.5,2026-09-30,2026-10-02T00:00:00+05:30
1641,Magellanic Cloud Limited,MCLOUD.NS,Unspecified,Scored,,0.6731809499606615,0.32681905003933853,657,INE613C01026,CONSOLIDATED,2026-06-30,23.7034,2026-08-15T14:52:12+05:30,6,3,0.5,2026-09-30,2026-10-02T00:00:00+05:30
1030,Carraro India Limited,CARRARO.NS,Unspecified,Scored,,0.6728621062856645,0.32713789371433555,658,INE0V7W01012,CONSOLIDATED,2026-06-30,31.394,2026-08-06T18:38:09+05:30,7,0,0.5,2026-09-30,2026-10-02T00:00:00+05:30
1645,Megastar Foods Limited,MEGASTAR.NS,Unspecified,Scored,,0.6728023254619705,0.3271976745380295,659,INE00EM01016,CONSOLIDATED,2026-06-30,2.2317,2026-08-12T18:46:13+05:30,18,0,0.5,2026-09-30,2026-10-02T00:00:00+05:30
2309,Vinati Organics Limited,VINATIORGA.NS,Unspecified,Scored,,0.6726007325699314,0.32739926743006864,660,INE410B01037,CONSOLIDATED,2026-06-30,108.86,2026-07-29T13:41:16+05:30,21,0,0.5,2026-09-30,2026-10-02T00:00:00+05:30
1331,Hariom Pipe Industries Limited,HARIOMPIPE.NS,Unspecified,Scored,,0.6725320996135338,0.3274679003864662,661,INE00EV01017,CONSOLIDATED,2026-06-30,16.5978,2026-08-12T19:33:16+05:30,6,0,0.5,2026-09-30,2026-10-02T00:00:00+05:30
1473,Kabra Extrusion Technik Limited,KABRAEXTRU.NS,Unspecified,Scored,,0.6725005902815189,0.3274994097184811,662,INE900B01029,CONSOLIDATED,2026-06-30,-1.7387,2026-07-30T16:41:10+05:30,26,0,0.5,2026-09-30,2026-10-02T00:00:00+05:30
1873,Punjab & Sind Bank,PSB.NS,Unspecified,Scored,,0.6722714461118295,0.32772855388817046,663,INE608A01012,STANDALONE,2026-06-30,331.51,2026-07-18T18:15:00+05:30,25,0,0.75,2026-09-30,2026-10-02T00:00:00+05:30
13,Britannia Inds.,BRITANNIA.NS,FMCG,Scored,,0.6719092818420143,0.32809071815798574,664,INE216A01030,CONSOLIDATED,2026-06-30,593.38,2026-08-06T21:08:09+05:30,31,0,0.5,2026-09-30,2026-10-02T00:00:00+05:30
10,GE Vernova T&D,GVT&D.NS,Capital Goods,Scored,,0.6718010332189969,0.32819896678100313,665,INE200A01026,STANDALONE,2026-06-30,362.99,2026-08-05T22:09:13+05:30,31,0,0.75,2026-09-30,2026-10-02T00:00:00+05:30
386,Jammu & Kashmir Bank Ltd.,J&KBANK.NS,Financial Services,Scored,,0.6717515483385642,0.3282484516614358,666,INE168A01041,CONSOLIDATED,2026-06-30,425.32,2026-07-29T17:11:10+05:30,22,0,0.75,2026-09-30,2026-10-02T00:00:00+05:30
340,Garden Reach Shipbuilders & Engineers Ltd.,GRSE.NS,Capital Goods,Scored,,0.6716451984817355,0.32835480151826446,667,INE382Z01011,STANDALONE,2026-06-30,172.8376,2026-07-29T14:04:22+05:30,31,0,0.75,2026-09-30,2026-10-02T00:00:00+05:30
697,Sansera Engineering Ltd.,SANSERA.NS,Automobile and Auto Components,Scored,,0.6715851912384254,0.3284148087615746,668,INE953O01021,CONSOLIDATED,2026-06-30,87.362,2026-08-12T20:02:06+05:30,20,0,0.5,2026-09-30,2026-10-02T00:00:00+05:30
390,Jubilant Pharmova Ltd.,JUBLPHARMA.NS,Healthcare,Scored,,0.6715682245296334,0.3284317754703666,669,INE700A01033,CONSOLIDATED,2026-06-30,56.4,2026-08-10T19:32:37+05:30,26,0,0.5,2026-09-30,2026-10-02T00:00:00+05:30
191,UPL,UPL.NS,Chemicals,Scored,,0.6713843135986861,0.3286156864013139,670,INE628A01036,CONSOLIDATED,2026-06-30,-73.0,2026-08-03T17:01:15+05:30,31,0,0.5,2026-09-30,2026-10-02T00:00:00+05:30
471,Swan Corp Ltd.,SWANCORP.NS,Chemicals,Scored,,0.671267759769898,0.32873224023010195,671,INE665A01038,CONSOLIDATED,2026-06-30,-35.9922,2026-08-13T18:45:50+05:30,29,0,0.5,2026-09-30,2026-10-02T00:00:00+05:30
124,Tata Comm,TATACOMM.NS,Telecom,Scored,,0.6712320874023127,0.32876791259768734,672,INE151A01013,CONSOLIDATED,2026-06-30,129.72,2026-07-22T16:59:27+05:30,31,0,0.25,2026-09-30,2026-10-02T00:00:00+05:30
1700,Manoj Vaibhav Gems N Jewellers Limited,MVGJL.NS,Unspecified,Scored,,0.6709003027885619,0.32909969721143806,673,INE0KNT01012,STANDALONE,2026-06-30,27.57,2026-08-10T17:59:14+05:30,12,0,0.5,2026-09-30,2026-10-02T00:00:00+05:30
1204,Fabtech Technologies Limited,FABTECH.NS,Unspecified,Scored,,0.670823546716984,0.32917645328301604,674,INE0HF201011,CONSOLIDATED,2026-06-30,4.2103,2026-07-24T17:46:55+05:30,4,0,0.5,2026-09-30,2026-10-02T00:00:00+05:30
161,SBI Cards,SBICARD.NS,Financial Services,Scored,,0.6707122699095939,0.3292877300904061,675,INE018E01016,STANDALONE,2026-06-30,664.44,2026-07-24T19:00:29+05:30,26,0,0.75,2026-09-30,2026-10-02T00:00:00+05:30
1653,Mangalam Global Enterprise Limited,MGEL.NS,Unspecified,Scored,,0.6706443512555409,0.3293556487444591,676,INE0APB01032,CONSOLIDATED,2026-06-30,8.4265,2026-08-01T17:07:52+05:30,21,0,0.5,2026-09-30,2026-10-02T00:00:00+05:30
651,Network18 Media & Investments Ltd.,NETWORK18.NS,Media Entertainment & Publication,Scored,,0.6704786486898413,0.3295213513101587,677,INE870H01013,CONSOLIDATED,2026-06-30,-38.36,2026-07-15T18:27:16+05:30,29,0,0.0,2026-09-30,2026-10-02T00:00:00+05:30
1269,Gujarat Lease Financing Limited,GLFL.NS,Unspecified,Scored,,0.6702759126038101,0.32972408739618986,678,INE540A01017,STANDALONE,2026-06-30,-0.0803,2026-07-30T18:21:02+05:30,33,2,0.75,2026-09-30,2026-10-02T00:00:00+05:30
980,Bharat Wire Ropes Limited,BHARATWIRE.NS,Unspecified,Scored,,0.6699377429175243,0.3300622570824757,679,INE316L01019,STANDALONE,2026-06-30,12.2291,2026-08-07T19:56:10+05:30,26,0,0.25,2026-09-30,2026-10-02T00:00:00+05:30
1333,Harsha Engineers International Limited,HARSHA.NS,Unspecified,Scored,,0.6699114651585519,0.33008853484144807,680,INE0JUS01029,CONSOLIDATED,2026-06-30,37.38,2026-08-11T14:28:07+05:30,15,0,0.25,2026-09-30,2026-10-02T00:00:00+05:30
64,Hindustan Copper,HINDCOPPER.NS,Metals,Scored,,0.6694183458378917,0.3305816541621083,681,INE531E01026,CONSOLIDATED,2026-06-30,352.37,2026-08-10T13:53:08+05:30,28,0,0.5,2026-09-30,2026-10-02T00:00:00+05:30
746,Vaibhav Global Ltd.,VAIBHAVGBL.NS,Consumer Durables,Scored,,0.6693214350473946,0.3306785649526054,682,INE884A01027,CONSOLIDATED,2026-06-30,56.3826,2026-08-05T15:44:10+05:30,32,0,0.75,2026-09-30,2026-10-02T00:00:00+05:30
1574,Linc Limited,LINC.NS,Unspecified,Scored,,0.6692782760374015,0.33072172396259847,683,INE802B01027,CONSOLIDATED,2026-06-30,6.046,2026-08-06T19:36:06+05:30,11,0,0.5,2026-09-30,2026-10-02T00:00:00+05:30
180,M & M Fin. Serv.,M&MFIN.NS,Financial Services,Scored,,0.6692094028760246,0.3307905971239754,684,INE774D01024,CONSOLIDATED,2026-06-30,927.48,2026-07-21T18:48:13+05:30,25,0,0.75,2026-09-30,2026-10-02T00:00:00+05:30
533,Aurionpro Solution Ltd.,AURIONPRO.NS,Information Technology,Scored,,0.6691563098137961,0.33084369018620385,685,INE132H01018,CONSOLIDATED,2026-06-30,45.0346,2026-07-27T21:29:54+05:30,32,0,0.5,2026-09-30,2026-10-02T00:00:00+05:30
1523,Kopran Limited,KOPRAN.NS,Unspecified,Scored,,0.6691085632799421,0.33089143672005794,686,INE082A01010,CONSOLIDATED,2026-06-30,6.7009,2026-08-07T14:30:07+05:30,30,0,0.5,2026-09-30,2026-10-02T00:00:00+05:30
1811,Apeejay Surrendra Park Hotels Limited,PARKHOTELS.NS,Unspecified,Scored,,0.6691003531131781,0.33089964688682194,687,INE988S01028,CONSOLIDATED,2026-06-30,11.49,2026-08-14T21:02:12+05:30,9,4,1.0,2026-09-30,2026-10-02T00:00:00+05:30
584,Gokul Agro Resources Ltd.,GOKULAGRO.NS,Fast Moving Consumer Goods,Scored,,0.6689224039064634,0.3310775960935366,688,INE314T01033,CONSOLIDATED,2026-06-30,122.6361,2026-07-29T17:38:15+05:30,27,0,0.75,2026-09-30,2026-10-02T00:00:00+05:30
1480,Kamat Hotels (I) Limited,KAMATHOTEL.NS,Unspecified,Scored,,0.6687942887457672,0.3312057112542328,689,INE967C01018,CONSOLIDATED,2026-06-30,9.6939,2026-08-11T18:26:07+05:30,28,0,0.0,2026-09-30,2026-10-02T00:00:00+05:30
2261,United Drilling Tools Limited,UNIDT.NS,Unspecified,Scored,,0.6686446715190458,0.33135532848095417,690,INE961D01019,CONSOLIDATED,2026-06-30,4.3048,2026-08-10T20:23:14+05:30,17,0,0.25,2026-09-30,2026-10-02T00:00:00+05:30
734,Thyrocare Technologies Ltd.,THYROCARE.NS,Healthcare,Scored,,0.6685922800992791,0.33140771990072093,691,INE594H01019,CONSOLIDATED,2026-06-30,51.33,2026-07-23T18:59:04+05:30,30,0,0.75,2026-09-30,2026-10-02T00:00:00+05:30
961,Beardsell Limited,BEARDSELL.NS,Unspecified,Scored,,0.6685883881010614,0.33141161189893864,692,INE520H01022,CONSOLIDATED,2026-06-30,2.26,2026-08-08T15:46:52+05:30,30,0,0.5,2026-09-30,2026-10-02T00:00:00+05:30
1026,Capacit'e Infraprojects Limited,CAPACITE.NS,Unspecified,Scored,,0.6679749173464646,0.33202508265353536,693,INE264T01014,CONSOLIDATED,2026-06-30,39.8421,2026-08-07T13:52:16+05:30,28,0,0.25,2026-09-30,2026-10-02T00:00:00+05:30
2198,TECIL Chemicals and Hydro Power Limited,TECILCHEM.NS,Unspecified,Scored,,0.6678941362337388,0.33210586376626117,694,INE014B01011,STANDALONE,2026-06-30,-0.2124,2026-08-12T17:01:30+05:30,33,2,0.25,2026-09-30,2026-10-02T00:00:00+05:30
1525,Kothari Petrochemicals Limited,KOTHARIPET.NS,Unspecified,Scored,,0.6676032501772513,0.3323967498227487,695,INE720A01015,STANDALONE,2026-06-30,17.0247,2026-08-14T18:06:41+05:30,29,0,0.5,2026-09-30,2026-10-02T00:00:00+05:30
1548,KSR Footwear Limited,KSR.NS,Unspecified,Scored,,0.6675870498319297,0.33241295016807026,696,INE1SPP01016,STANDALONE,2026-06-30,0.317,2026-08-05T19:11:15+05:30,5,0,0.5,2026-09-30,2026-10-02T00:00:00+05:30
335,Firstsource Solutions Ltd.,FSL.NS,Services,Scored,,0.6675268553543381,0.3324731446456619,697,INE684F01012,CONSOLIDATED,2026-06-30,165.917,2026-08-06T16:04:04+05:30,31,0,0.5,2026-09-30,2026-10-02T00:00:00+05:30
31,CG Power & Ind,CGPOWER.NS,Capital Goods,Scored,,0.667504871065365,0.33249512893463495,698,INE067A01029,CONSOLIDATED,2026-06-30,308.28,2026-07-25T09:05:08+05:30,29,0,0.5,2026-09-30,2026-10-02T00:00:00+05:30
365,IRB Infrastructure Developers Ltd.,IRB.NS,Construction,Scored,,0.6674387824083797,0.3325612175916203,699,INE821I01022,CONSOLIDATED,2026-06-30,306.27,2026-07-30T16:13:14+05:30,29,0,0.75,2026-09-30,2026-10-02T00:00:00+05:30
1890,Rajnandini Metal Limited,RAJMET.NS,Unspecified,Scored,,0.6674218223455243,0.3325781776544757,700,INE00KV01022,STANDALONE,2026-06-30,0.39,2026-08-13T17:50:26+05:30,21,0,0.75,2026-09-30,2026-10-02T00:00:00+05:30
929,Aye Finance Limited,AYE.NS,Unspecified,Scored,,0.6672762082471322,0.3327237917528678,701,INE501X01029,STANDALONE,2026-06-30,74.5,2026-07-22T16:15:10+05:30,3,3,0.5,2026-09-30,2026-10-02T00:00:00+05:30
656,P N Gadgil Jewellers Ltd.,PNGJL.NS,Consumer Durables,Scored,,0.6672569052521087,0.3327430947478913,702,INE953R01016,CONSOLIDATED,2026-06-30,105.335,2026-07-27T16:30:20+05:30,9,0,0.75,2026-09-30,2026-10-02T00:00:00+05:30
85,Sun Pharma.Inds.,SUNPHARMA.NS,Pharmaceuticals,Scored,,0.6671301902218064,0.3328698097781936,703,INE044A01036,CONSOLIDATED,2026-06-30,2901.23,2026-07-31T18:24:07+05:30,31,0,0.75,2026-09-30,2026-10-02T00:00:00+05:30
702,Sheela Foam Ltd.,SFL.NS,Consumer Durables,Scored,,0.6670834160867336,0.3329165839132664,704,INE916U01025,CONSOLIDATED,2026-06-30,62.34,2026-08-04T17:04:06+05:30,22,0,0.5,2026-09-30,2026-10-02T00:00:00+05:30
2254,The Ugar Sugar Works Limited,UGARSUGAR.NS,Unspecified,Scored,,0.6667621516045815,0.3332378483954185,705,INE071E01023,STANDALONE,2026-06-30,1.4903,2026-08-05T16:33:15+05:30,16,0,0.5,2026-09-30,2026-10-02T00:00:00+05:30
1339,HCL Infosystems Limited,HCL-INSYS.NS,Unspecified,Scored,,0.6667298276871697,0.3332701723128303,706,INE236A01020,CONSOLIDATED,2026-06-30,-16.68,2026-08-06T17:56:20+05:30,27,0,0.0,2026-09-30,2026-10-02T00:00:00+05:30
2243,T T Limited,TTL.NS,Unspecified,Scored,,0.6666256612267927,0.3333743387732073,707,INE592B01024,STANDALONE,2026-06-30,0.6561,2026-08-06T19:34:04+05:30,30,0,0.25,2026-09-30,2026-10-02T00:00:00+05:30
1161,Ecos (India) Mobility & Hospitality Limited,ECOSMOBLTY.NS,Unspecified,Scored,,0.6664454773823785,0.33355452261762153,708,INE06HJ01020,CONSOLIDATED,2026-06-30,14.55,2026-08-11T17:01:04+05:30,9,0,0.5,2026-09-30,2026-10-02T00:00:00+05:30
1930,R K Swamy Limited,RKSWAMY.NS,Unspecified,Scored,,0.6662160274451615,0.3337839725548385,709,INE0NQ801033,CONSOLIDATED,2026-06-30,3.4651,2026-08-12T17:49:14+05:30,11,0,0.5,2026-09-30,2026-10-02T00:00:00+05:30
1472,Jyoti Structures Limited,JYOTISTRUC.NS,Unspecified,Scored,,0.6662096629843637,0.3337903370156363,710,INE197A01024,CONSOLIDATED,2026-06-30,19.46,2026-08-04T16:44:18+05:30,26,0,0.75,2026-09-30,2026-10-02T00:00:00+05:30
1973,Sakar Healthcare Limited,SAKAR.NS,Unspecified,Scored,,0.6660129099498473,0.3339870900501527,711,INE732S01012,CONSOLIDATED,2026-06-30,10.2849,2026-07-24T12:32:10+05:30,24,0,0.5,2026-09-30,2026-10-02T00:00:00+05:30
1374,Hubtown Limited,HUBTOWN.NS,Unspecified,Scored,,0.6659711998367701,0.3340288001632299,712,INE703H01016,CONSOLIDATED,2026-06-30,26.58,2026-08-03T18:30:07+05:30,29,0,0.5,2026-09-30,2026-10-02T00:00:00+05:30
1117,Dhanlaxmi Bank Limited,DHANBANK.NS,Unspecified,Scored,,0.6659570240025002,0.33404297599749977,713,INE680A01011,STANDALONE,2026-06-30,24.91,2026-07-29T16:50:06+05:30,25,0,0.5,2026-09-30,2026-10-02T00:00:00+05:30
1115,Digicontent Limited,DGCONTENT.NS,Unspecified,Scored,,0.6658589262319903,0.3341410737680097,714,INE03JI01017,CONSOLIDATED,2026-06-30,-1.93,2026-08-03T17:55:13+05:30,29,0,0.5,2026-09-30,2026-10-02T00:00:00+05:30
646,Mrs. Bectors Food Specialities Ltd.,BECTORFOOD.NS,Fast Moving Consumer Goods,Scored,,0.6657328229660623,0.3342671770339377,715,INE495P01020,CONSOLIDATED,2026-06-30,38.762,2026-08-07T14:02:12+05:30,23,0,0.75,2026-09-30,2026-10-02T00:00:00+05:30
489,Transformers And Rectifiers (India) Ltd.,TARIL.NS,Capital Goods,Scored,,0.6657022117817037,0.33429778821829625,716,INE763I01026,CONSOLIDATED,2026-06-30,64.29,2026-07-20T18:20:57+05:30,27,0,0.5,2026-09-30,2026-10-02T00:00:00+05:30
1777,OnMobile Global Limited,ONMOBILE.NS,Unspecified,Scored,,0.665479264918129,0.33452073508187097,717,INE809I01019,CONSOLIDATED,2026-06-30,-28.923,2026-08-11T23:06:22+05:30,29,0,0.25,2026-09-30,2026-10-02T00:00:00+05:30
1416,Infomedia Press Limited,INFOMEDIA.NS,Unspecified,Scored,,0.6652257096426324,0.3347742903573676,718,INE669A01022,STANDALONE,2026-06-30,-0.9278,2026-07-14T17:30:00+05:30,32,2,0.5,2026-09-30,2026-10-02T00:00:00+05:30
1252,Geekay Wires Limited,GEEKAYWIRE.NS,Unspecified,Scored,,0.665089803750806,0.33491019624919405,719,INE669X01032,STANDALONE,2026-06-30,5.7679,2026-08-04T14:55:15+05:30,24,0,0.25,2026-09-30,2026-10-02T00:00:00+05:30
1459,Jain Irrigation Systems Limited,JISLDVREQS.NS,Unspecified,Scored,,0.6649458082730308,0.33505419172696915,720,IN9175A01010,CONSOLIDATED,2026-06-30,-17.8,2026-08-10T16:30:23+05:30,25,3,0.5,2026-09-30,2026-10-02T00:00:00+05:30
1251,GeeCee Ventures Limited,GEECEE.NS,Unspecified,Scored,,0.6647204993749757,0.3352795006250243,721,INE916G01016,CONSOLIDATED,2026-06-30,8.4055,2026-08-06T19:40:44+05:30,27,3,0.5,2026-09-30,2026-10-02T00:00:00+05:30
570,Entero Healthcare Solutions Ltd.,ENTERO.NS,Consumer Services,Scored,,0.664605454062315,0.33539454593768503,722,INE010601016,CONSOLIDATED,2026-06-30,52.051,2026-08-07T18:40:09+05:30,11,0,0.75,2026-09-30,2026-10-02T00:00:00+05:30
1487,Kapston Services Limited,KAPSTON.NS,Unspecified,Scored,,0.6645866209631826,0.33541337903681745,723,INE542Z01028,CONSOLIDATED,2026-06-30,8.4889,2026-08-10T19:53:08+05:30,8,0,1.0,2026-09-30,2026-10-02T00:00:00+05:30
951,Banswara Syntex Limited,BANSWRAS.NS,Unspecified,Scored,,0.6641385292595202,0.3358614707404798,724,INE629D01020,CONSOLIDATED,2026-06-30,4.6121,2026-07-31T13:22:08+05:30,24,0,0.5,2026-09-30,2026-10-02T00:00:00+05:30
486,The Ramco Cements Ltd.,RAMCOCEM.NS,Construction Materials,Scored,,0.6641092615681103,0.33589073843188966,725,INE331A01037,CONSOLIDATED,2026-06-30,31.24,2026-08-07T18:15:16+05:30,28,0,0.25,2026-09-30,2026-10-02T00:00:00+05:30
2170,SVP GLOBAL TEXTILES LIMITED,SVPGLOB.NS,Unspecified,Scored,,0.664042988758713,0.33595701124128696,726,INE308E01029,CONSOLIDATED,2026-06-30,-51.1593,2026-08-14T21:54:03+05:30,16,5,0.5,2026-09-30,2026-10-02T00:00:00+05:30
685,Refex Industries Ltd.,REFEX.NS,Utilities,Scored,,0.6638924615751265,0.3361075384248735,727,INE056I01025,CONSOLIDATED,2026-06-30,64.5548,2026-07-29T19:55:29+05:30,22,1,0.0,2026-09-30,2026-10-02T00:00:00+05:30
400,Kfin Technologies Ltd.,KFINTECH.NS,Financial Services,Scored,,0.6637642843041096,0.3362357156958904,728,INE138Y01010,CONSOLIDATED,2026-06-30,75.214,2026-07-24T20:06:16+05:30,15,0,0.25,2026-09-30,2026-10-02T00:00:00+05:30
909,Atam Valves Limited,ATAM.NS,Unspecified,Scored,,0.6632011523660692,0.33679884763393075,729,INE09KD01013,STANDALONE,2026-06-30,0.6353,2026-08-13T18:18:32+05:30,14,0,0.25,2026-09-30,2026-10-02T00:00:00+05:30
1096,DCM Financial Services Limited,DCMFINSERV.NS,Unspecified,Scored,,0.6632008076424876,0.33679919235751243,730,INE891B01012,CONSOLIDATED,2026-06-30,-0.1878,2026-08-11T18:42:10+05:30,28,2,0.5,2026-09-30,2026-10-02T00:00:00+05:30
422,Netweb Technologies India Ltd.,NETWEB.NS,Information Technology,Scored,,0.6631651355299435,0.3368348644700565,731,INE0NT901020,STANDALONE,2026-06-30,85.323,2026-07-28T15:32:17+05:30,13,0,0.75,2026-09-30,2026-10-02T00:00:00+05:30
1728,Nephrocare Health Services Limited,NEPHROPLUS.NS,Unspecified,Scored,,0.663082686497487,0.33691731350251297,732,INE428V01029,CONSOLIDATED,2026-06-30,31.974,2026-08-11T20:26:01+05:30,3,3,0.5,2026-09-30,2026-10-02T00:00:00+05:30
1350,Hikal Limited,HIKAL.NS,Unspecified,Scored,,0.6629995376484599,0.33700046235154013,733,INE475B01022,CONSOLIDATED,2026-06-30,-7.4,2026-08-06T17:19:08+05:30,26,0,0.5,2026-09-30,2026-10-02T00:00:00+05:30
1414,Indian Terrain Fashions Limited,INDTERRAIN.NS,Unspecified,Scored,,0.6628769908199649,0.3371230091800351,734,INE611L01021,STANDALONE,2026-06-30,-0.83,2026-08-01T11:23:13+05:30,31,0,0.75,2026-09-30,2026-10-02T00:00:00+05:30
1891,Rajoo Engineers Limited,RAJOOENG.NS,Unspecified,Scored,,0.662725131681237,0.33727486831876297,735,INE535F01024,CONSOLIDATED,2026-06-30,17.3478,2026-07-20T17:52:05+05:30,4,3,0.5,2026-09-30,2026-10-02T00:00:00+05:30
239,Aarti Industries Ltd.,AARTIIND.NS,Chemicals,Scored,,0.6627123882406745,0.33728761175932553,736,INE769A01020,CONSOLIDATED,2026-06-30,155.0,2026-07-30T20:07:12+05:30,25,0,1.0,2026-09-30,2026-10-02T00:00:00+05:30
327,Emcure Pharmaceuticals Ltd.,EMCURE.NS,Healthcare,Scored,,0.6623061734513119,0.33769382654868807,737,INE168P01015,CONSOLIDATED,2026-06-30,292.493,2026-08-06T14:57:04+05:30,9,0,0.75,2026-09-30,2026-10-02T00:00:00+05:30
902,Asian Granito India Limited,ASIANTILES.NS,Unspecified,Scored,,0.6622979739909963,0.3377020260090037,738,INE022I01019,CONSOLIDATED,2026-06-30,8.0706,2026-08-11T18:41:13+05:30,29,3,1.0,2026-09-30,2026-10-02T00:00:00+05:30
2296,Vertoz Limited,VERTOZ.NS,Unspecified,Scored,,0.6620102190906796,0.3379897809093204,739,INE188Y01031,CONSOLIDATED,2026-06-30,7.3645,2026-08-13T21:42:59+05:30,23,0,0.75,2026-09-30,2026-10-02T00:00:00+05:30
2293,Venus Pipes & Tubes Limited,VENUSPIPES.NS,Unspecified,Scored,,0.6619844815656176,0.3380155184343824,740,INE0JA001018,STANDALONE,2026-06-30,26.408,2026-08-10T14:14:15+05:30,17,0,0.5,2026-09-30,2026-10-02T00:00:00+05:30
1648,Menon Bearings Limited,MENONBE.NS,Unspecified,Scored,,0.6618507110651057,0.33814928893489427,741,INE071D01033,CONSOLIDATED,2026-06-30,14.1067,2026-07-16T16:22:18+05:30,13,0,0.75,2026-09-30,2026-10-02T00:00:00+05:30
1961,Keystone Realtors Limited,RUSTOMJEE.NS,Unspecified,Scored,,0.6617223331594387,0.33827766684056126,742,INE263M01029,CONSOLIDATED,2026-06-30,52.37,2026-08-04T15:28:04+05:30,14,0,0.25,2026-09-30,2026-10-02T00:00:00+05:30
1976,Sakuma Exports Limited,SAKUMA.NS,Unspecified,Scored,,0.6616740687009229,0.33832593129907707,743,INE190H01024,CONSOLIDATED,2026-06-30,2.8168,2026-08-13T17:01:20+05:30,27,0,0.25,2026-09-30,2026-10-02T00:00:00+05:30
604,Indigo Paints Ltd.,INDIGOPNTS.NS,Consumer Durables,Scored,,0.6616637881450327,0.3383362118549673,744,INE09VQ01012,CONSOLIDATED,2026-06-30,41.7032,2026-08-13T17:31:55+05:30,13,0,0.5,2026-09-30,2026-10-02T00:00:00+05:30
2168,Suyog Telematics Limited,SUYOG.NS,Unspecified,Scored,,0.6616246018621854,0.3383753981378146,745,INE442P01014,CONSOLIDATED,2026-06-30,14.4969,2026-08-11T17:56:18+05:30,6,0,0.25,2026-09-30,2026-10-02T00:00:00+05:30
738,Transrail Lighting Ltd.,TRANSRAILL.NS,Capital Goods,Scored,,0.6613753131213428,0.3386246868786572,746,INE454P01035,CONSOLIDATED,2026-06-30,107.88,2026-08-06T19:36:13+05:30,7,0,0.5,2026-09-30,2026-10-02T00:00:00+05:30
1147,Dreamfolks Services Limited,DREAMFOLKS.NS,Unspecified,Scored,,0.6613601515145366,0.33863984848546336,747,INE0JS101016,CONSOLIDATED,2026-06-30,-13.831,2026-08-13T16:58:09+05:30,16,0,0.0,2026-09-30,2026-10-02T00:00:00+05:30
641,Mastek Ltd.,MASTEK.NS,Information Technology,Scored,,0.6613471078033465,0.3386528921966535,748,INE759A01021,CONSOLIDATED,2026-06-30,105.88,2026-07-21T19:07:17+05:30,30,0,0.5,2026-09-30,2026-10-02T00:00:00+05:30
1490,Kavveri Defence & Wireless Technologies Limited,KAVDEFENCE.NS,Unspecified,Scored,,0.6613046211188337,0.3386953788811663,749,INE641C01019,CONSOLIDATED,2026-06-30,-1.211,2026-08-14T18:06:39+05:30,25,0,0.25,2026-09-30,2026-10-02T00:00:00+05:30
1108,Delta Corp Limited,DELTACORP.NS,Unspecified,Scored,,0.6611421990753812,0.3388578009246188,750,INE124G01033,CONSOLIDATED,2026-06-30,-212.57,2026-08-11T20:35:04+05:30,28,5,,2026-09-30,2026-10-02T00:00:00+05:30
2299,VARVEE GLOBAL LIMITED,VGL.NS,Unspecified,Scored,,0.6609504651048274,0.33904953489517264,751,INE273D01027,STANDALONE,2026-06-30,-6.5573,2026-08-12T19:11:28+05:30,23,3,0.3333333333333333,2026-09-30,2026-10-02T00:00:00+05:30
749,Vedant Fashions Ltd.,MANYAVAR.NS,Consumer Services,Scored,,0.6606868298488972,0.33931317015110285,752,INE825V01034,STANDALONE,2026-06-30,80.611,2026-07-25T19:05:12+05:30,7,0,0.25,2026-09-30,2026-10-02T00:00:00+05:30
2209,Thejo Engineering Limited,THEJO.NS,Unspecified,Scored,,0.6606376034002588,0.3393623965997412,753,INE121N01019,CONSOLIDATED,2026-06-30,15.233,2026-08-10T20:39:50+05:30,13,0,0.5,2026-09-30,2026-10-02T00:00:00+05:30
719,Sundram Fasteners Ltd.,SUNDRMFAST.NS,Automobile and Auto Components,Scored,,0.6606088709857435,0.3393911290142565,754,INE387A01021,CONSOLIDATED,2026-06-30,168.69,2026-08-04T18:59:10+05:30,27,0,0.75,2026-09-30,2026-10-02T00:00:00+05:30
1954,Rubfila International Limited,RUBFILA.NS,Unspecified,Scored,,0.6603443844684859,0.33965561553151413,755,INE642C01025,CONSOLIDATED,2026-06-30,5.8029,2026-08-11T16:48:16+05:30,9,0,0.5,2026-09-30,2026-10-02T00:00:00+05:30
2230,TPL Plastech Limited,TPLPLASTEH.NS,Unspecified,Scored,,0.6602442494035194,0.33975575059648055,756,INE413G01022,CONSOLIDATED,2026-06-30,6.5239,2026-08-04T19:43:08+05:30,18,0,0.5,2026-09-30,2026-10-02T00:00:00+05:30
2103,SONAM LIMITED,SONAMLTD.NS,Unspecified,Scored,,0.6600218116406473,0.3399781883593527,757,INE00LM01029,STANDALONE,2026-06-30,3.0015,2026-07-15T17:11:45+05:30,18,0,0.75,2026-09-30,2026-10-02T00:00:00+05:30
1644,Medico Remedies Limited,MEDICO.NS,Unspecified,Scored,,0.6598258143566138,0.3401741856433862,758,INE630Y01024,STANDALONE,2026-06-30,2.5179,2026-08-13T17:28:14+05:30,17,0,0.75,2026-09-30,2026-10-02T00:00:00+05:30
2039,Sharda Motor Industries Limited,SHARDAMOTR.NS,Unspecified,Scored,,0.659792182221427,0.340207817778573,759,INE597I01028,CONSOLIDATED,2026-06-30,86.528,2026-08-10T18:38:10+05:30,27,0,0.5,2026-09-30,2026-10-02T00:00:00+05:30
1038,Century Extrusions Limited,CENTEXT.NS,Unspecified,Scored,,0.6595441149758912,0.34045588502410884,760,INE281A01026,STANDALONE,2026-06-30,3.77,2026-08-14T17:29:17+05:30,33,0,1.0,2026-09-30,2026-10-02T00:00:00+05:30
2055,Shreeji Shipping Global Limited,SHREEJISPG.NS,Unspecified,Scored,,0.6595341432667187,0.34046585673328134,761,INE1B6101010,CONSOLIDATED,2026-06-30,44.286,2026-08-14T18:06:05+05:30,5,0,0.75,2026-09-30,2026-10-02T00:00:00+05:30
655,Oswal Pumps Ltd.,OSWALPUMPS.NS,Capital Goods,Scored,,0.6594114510060907,0.34058854899390933,762,INE0BYP01024,CONSOLIDATED,2026-06-30,54.138,2026-08-08T20:43:05+05:30,5,0,0.5,2026-09-30,2026-10-02T00:00:00+05:30
777,3P Land Holdings Limited,3PLAND.NS,Unspecified,Scored,,0.6591489015638271,0.3408510984361729,763,INE105C01023,CONSOLIDATED,2026-06-30,0.46,2026-07-25T14:26:02+05:30,25,0,0.75,2026-09-30,2026-10-02T00:00:00+05:30
2351,Winsome Yarns Limited,WINSOME.NS,Unspecified,Scored,,0.6589474200800468,0.3410525799199532,764,INE784B01035,STANDALONE,2026-06-30,-3.32,2026-09-23T19:18:03+05:30,13,6,0.0,2026-09-30,2026-10-02T00:00:00+05:30
1225,Future Market Networks Limited,FMNL.NS,Unspecified,Scored,,0.6588885165847416,0.34111148341525843,765,INE360L01017,CONSOLIDATED,2026-06-30,1.8031,2026-08-13T17:55:14+05:30,23,5,,2026-09-30,2026-10-02T00:00:00+05:30
1583,Lumax Industries Limited,LUMAXIND.NS,Unspecified,Scored,,0.6587486833186635,0.34125131668133646,766,INE162B01018,CONSOLIDATED,2026-06-30,51.0784,2026-08-08T16:56:09+05:30,29,0,0.5,2026-09-30,2026-10-02T00:00:00+05:30
1944,RPG Life Sciences Limited,RPGLIFE.NS,Unspecified,Scored,,0.6587482236764233,0.3412517763235767,767,INE105J01010,CONSOLIDATED,2026-06-30,30.76,2026-07-28T20:21:13+05:30,3,3,1.0,2026-09-30,2026-10-02T00:00:00+05:30
1446,Jaro Institute of Technology Management and Research Limited,JARO.NS,Unspecified,Scored,,0.6587327997004863,0.34126720029951374,768,INE00YJ01010,STANDALONE,2026-06-30,11.1689,2026-08-08T19:58:12+05:30,5,0,0.5,2026-09-30,2026-10-02T00:00:00+05:30
344,Go Digit General Insurance Ltd.,GODIGIT.NS,Financial Services,Scored,,0.658524020137317,0.34147597986268297,769,INE03JT01014,STANDALONE,2026-06-30,86.39,2026-07-23T18:33:49+05:30,6,0,0.5,2026-09-30,2026-10-02T00:00:00+05:30
244,Aditya Birla Lifestyle Brands Ltd.,ABLBL.NS,Consumer Services,Scored,,0.6584927002026694,0.34150729979733063,770,INE14LE01019,CONSOLIDATED,2026-06-30,29.02,2026-08-01T19:05:36+05:30,5,0,0.25,2026-09-30,2026-10-02T00:00:00+05:30
104,Interglobe Aviat,INDIGO.NS,Airlines,Scored,,0.6584583347004344,0.34154166529956564,771,INE646L01027,CONSOLIDATED,2026-06-30,-238.0,2026-07-23T17:42:30+05:30,29,0,0.5,2026-09-30,2026-10-02T00:00:00+05:30
1314,GTPL Hathway Limited,GTPL.NS,Unspecified,Scored,,0.6584433322846541,0.3415566677153459,772,INE869I01013,CONSOLIDATED,2026-06-30,1.377,2026-07-15T19:18:16+05:30,29,0,0.75,2026-09-30,2026-10-02T00:00:00+05:30
2215,Tijaria Polypipes Limited,TIJARIA.NS,Unspecified,Scored,,0.6584312731235807,0.34156872687641926,773,INE440L01017,STANDALONE,2026-06-30,-0.3611,2026-08-14T16:45:16+05:30,28,5,0.6666666666666666,2026-09-30,2026-10-02T00:00:00+05:30
1114,Dev Accelerator Limited,DEVX.NS,Unspecified,Scored,,0.658400527395445,0.34159947260455503,774,INE0VOV01021,CONSOLIDATED,2026-06-30,1.5043,2026-08-12T19:12:34+05:30,5,0,0.5,2026-09-30,2026-10-02T00:00:00+05:30
1809,Parag Milk Foods Limited,PARAGMILK.NS,Unspecified,Scored,,0.6583913279994555,0.34160867200054446,775,INE883N01014,CONSOLIDATED,2026-06-30,22.05,2026-08-06T22:41:11+05:30,32,0,0.5,2026-09-30,2026-10-02T00:00:00+05:30
394,KPIT Technologies Ltd.,KPITTECH.NS,Information Technology,Scored,,0.6582144145055474,0.3417855854944526,776,INE04I401011,CONSOLIDATED,2026-06-30,116.412,2026-07-29T17:08:09+05:30,30,0,0.25,2026-09-30,2026-10-02T00:00:00+05:30
1305,GRM Overseas Limited,GRMOVER.NS,Unspecified,Scored,,0.6580897282904914,0.3419102717095086,777,INE192H01020,CONSOLIDATED,2026-06-30,21.0409,2026-08-12T18:58:45+05:30,15,0,0.0,2026-09-30,2026-10-02T00:00:00+05:30
1500,Kesoram Industries Limited,KESORAMIND.NS,Unspecified,Scored,,0.6579605270175888,0.3420394729824112,778,INE087A01019,CONSOLIDATED,2026-06-30,-20.1893,2026-07-31T17:15:08+05:30,24,0,0.5,2026-09-30,2026-10-02T00:00:00+05:30
502,Wockhardt Ltd.,WOCKPHARMA.NS,Healthcare,Scored,,0.6578300082686463,0.34216999173135365,779,INE049B01025,CONSOLIDATED,2026-06-30,107.0,2026-08-10T17:31:28+05:30,32,0,0.5,2026-09-30,2026-10-02T00:00:00+05:30
950,Bansal Wire Industries Limited,BANSALWIRE.NS,Unspecified,Scored,,0.6573930114771528,0.3426069885228472,780,INE0B9K01025,CONSOLIDATED,2026-06-30,20.461,2026-07-22T15:51:39+05:30,9,0,0.25,2026-09-30,2026-10-02T00:00:00+05:30
299,Cholamandalam Financial Holdings Ltd.,CHOLAHLDNG.NS,Financial Services,Scored,,0.6573588022895507,0.3426411977104493,781,INE149A01033,CONSOLIDATED,2026-06-30,1788.99,2026-08-14T17:01:12+05:30,26,0,0.75,2026-09-30,2026-10-02T00:00:00+05:30
2221,Tirupati Forge Limited,TIRUPATIFL.NS,Unspecified,Scored,,0.6573333689516312,0.3426666310483688,782,INE319Y01024,STANDALONE,2026-06-30,1.2186,2026-08-13T17:08:30+05:30,23,0,0.25,2026-09-30,2026-10-02T00:00:00+05:30
1218,Finkurve Financial Services Limited,FINKURVE.NS,Unspecified,Scored,,0.6572220475138113,0.3427779524861887,783,INE734I01027,STANDALONE,2026-06-30,8.4381,2026-08-13T16:03:09+05:30,4,3,1.0,2026-09-30,2026-10-02T00:00:00+05:30
2092,Sarthak Metals Limited,SMLT.NS,Unspecified,Scored,,0.6569806994699577,0.34301930053004226,784,INE017W01010,STANDALONE,2026-06-30,1.3291,2026-08-13T13:20:28+05:30,18,0,0.5,2026-09-30,2026-10-02T00:00:00+05:30
1284,Godavari Biorefineries Limited,GODAVARIB.NS,Unspecified,Scored,,0.6563468672976477,0.3436531327023523,785,INE497S01012,CONSOLIDATED,2026-06-30,-19.3196,2026-08-05T22:23:19+05:30,8,0,0.5,2026-09-30,2026-10-02T00:00:00+05:30
30,Solar Industries,SOLARINDS.NS,Chemicals,Scored,,0.6562836904775619,0.34371630952243815,786,INE343H01029,CONSOLIDATED,2026-06-30,666.37,2026-08-13T16:13:12+05:30,29,0,1.0,2026-09-30,2026-10-02T00:00:00+05:30
1315,Gufic Biosciences Limited,GUFICBIO.NS,Unspecified,Scored,,0.6562799692377113,0.34372003076228874,787,INE742B01025,CONSOLIDATED,2026-06-30,22.3128,2026-08-14T20:06:58+05:30,12,0,0.75,2026-09-30,2026-10-02T00:00:00+05:30
724,TD Power Systems Ltd.,TDPOWERSYS.NS,Capital Goods,Scored,,0.6559713453840819,0.34402865461591814,788,INE419M01035,CONSOLIDATED,2026-06-30,86.2931,2026-08-11T17:28:06+05:30,33,0,0.75,2026-09-30,2026-10-02T00:00:00+05:30
699,Shaily Engineering Plastics Ltd.,SHAILY.NS,Consumer Durables,Scored,,0.6559623916308513,0.34403760836914865,789,INE151G01028,CONSOLIDATED,2026-06-30,48.01,2026-08-08T19:56:16+05:30,17,0,1.0,2026-09-30,2026-10-02T00:00:00+05:30
1182,Energy Development Company Limited,ENERGYDEV.NS,Unspecified,Scored,,0.6558127158309913,0.3441872841690087,790,INE306C01019,CONSOLIDATED,2026-06-30,-1.8117,2026-08-10T18:05:07+05:30,24,3,0.5,2026-09-30,2026-10-02T00:00:00+05:30
328,Emmvee Photovoltaic Power Ltd.,EMMVEE.NS,Capital Goods,Scored,,0.6556500534068435,0.34434994659315654,791,INE1C6T01020,CONSOLIDATED,2026-06-30,380.2865,2026-07-15T20:18:57+05:30,4,3,0.6666666666666666,2026-09-30,2026-10-02T00:00:00+05:30
1819,Pavna Industries Limited,PAVNAIND.NS,Unspecified,Scored,,0.6555554245765837,0.34444457542341633,792,INE07S101038,CONSOLIDATED,2026-06-30,0.8776,2026-08-13T18:26:12+05:30,12,3,1.0,2026-09-30,2026-10-02T00:00:00+05:30
160,Reliance Industries,RELIANCE.NS,Oil & Gas,Scored,,0.6553323883022336,0.3446676116977664,793,INE002A01018,CONSOLIDATED,2026-06-30,23196.0,2026-07-17T19:50:03+05:30,32,0,0.5,2026-09-30,2026-10-02T00:00:00+05:30
1051,Cinevista Limited,CINEVISTA.NS,Unspecified,Scored,,0.6552038422550076,0.3447961577449924,794,INE039B01026,CONSOLIDATED,2026-06-30,1.0011,2026-08-12T16:48:11+05:30,21,0,0.5,2026-09-30,2026-10-02T00:00:00+05:30
2266,Uniparts India Limited,UNIPARTS.NS,Unspecified,Scored,,0.6550844206453528,0.34491557935464723,795,INE244O01017,CONSOLIDATED,2026-06-30,56.609,2026-08-04T19:19:05+05:30,15,0,0.75,2026-09-30,2026-10-02T00:00:00+05:30
150,Bajaj Finance,BAJFINANCE.NS,Financial Services,Scored,,0.6547431644566748,0.3452568355433252,796,INE296A01032,CONSOLIDATED,2026-06-30,6080.6,2026-07-30T19:00:09+05:30,28,3,0.5,2026-09-30,2026-10-02T00:00:00+05:30
2288,Vaxtex Cotfab Limited,VCL.NS,Unspecified,Scored,,0.6545030333805131,0.3454969666194869,797,INE098201036,STANDALONE,2026-06-30,-0.0516,2026-08-10T18:03:54+05:30,17,2,0.5,2026-09-30,2026-10-02T00:00:00+05:30
2259,UMIYA BUILDCON LIMITED,UMIYA-MRO.NS,Unspecified,Scored,,0.6544973863296379,0.34550261367036206,798,INE398B01018,CONSOLIDATED,2026-06-30,0.2359,2026-07-10T19:27:37+05:30,11,4,0.0,2026-09-30,2026-10-02T00:00:00+05:30
1996,Sarveshwar Foods Limited,SARVESHWAR.NS,Unspecified,Scored,,0.654200239657028,0.345799760342972,799,INE324X01026,CONSOLIDATED,2026-06-30,8.2203,2026-07-31T21:30:57+05:30,14,0,0.75,2026-09-30,2026-10-02T00:00:00+05:30
310,DOMS Industries Ltd.,DOMS.NS,Fast Moving Consumer Goods,Scored,,0.6541956751939729,0.3458043248060271,800,INE321T01012,CONSOLIDATED,2026-06-30,45.2751,2026-08-03T19:13:05+05:30,11,0,0.5,2026-09-30,2026-10-02T00:00:00+05:30
792,ABM International Limited,ABMINTLLTD.NS,Unspecified,Scored,,0.6538186327620681,0.3461813672379319,801,INE251C01025,CONSOLIDATED,2026-06-30,0.6802,2026-08-14T17:34:19+05:30,20,0,0.25,2026-09-30,2026-10-02T00:00:00+05:30
925,AVRO INDIA LIMITED,AVROIND.NS,Unspecified,Scored,,0.653750865199346,0.346249134800654,802,INE652Z01025,CONSOLIDATED,2026-06-30,0.6932,2026-08-14T21:48:19+05:30,4,0,0.0,2026-09-30,2026-10-02T00:00:00+05:30
2330,VRL Logistics Limited,VRLLOG.NS,Unspecified,Scored,,0.6537172649389535,0.34628273506104645,803,INE366I01010,STANDALONE,2026-06-30,80.53,2026-08-04T16:06:14+05:30,31,0,0.75,2026-09-30,2026-10-02T00:00:00+05:30
725,TSF Investments Ltd.,TSFINV.NS,Financial Services,Scored,,0.6535595403467057,0.3464404596532943,804,INE202Z01029,CONSOLIDATED,2026-06-30,124.9491,2026-08-04T13:54:23+05:30,26,0,0.5,2026-09-30,2026-10-02T00:00:00+05:30
435,PVR INOX Ltd.,PVRINOX.NS,Media Entertainment & Publication,Scored,,0.6534805515750757,0.3465194484249243,805,INE191H01014,CONSOLIDATED,2026-06-30,56.5,2026-07-23T17:47:16+05:30,27,3,0.5,2026-09-30,2026-10-02T00:00:00+05:30
1863,Premier Polyfilm Limited,PREMIERPOL.NS,Unspecified,Scored,,0.6533791797996963,0.3466208202003037,806,INE309M01020,STANDALONE,2026-06-30,9.08,2026-07-18T15:21:20+05:30,32,0,0.5,2026-09-30,2026-10-02T00:00:00+05:30
918,Autoline Industries Limited,AUTOIND.NS,Unspecified,Scored,,0.6532579628823251,0.34674203711767493,807,INE718H01014,CONSOLIDATED,2026-06-30,1.88,2026-08-13T15:32:05+05:30,32,0,0.75,2026-09-30,2026-10-02T00:00:00+05:30
2022,Seshasayee Paper and Boards Limited,SESHAPAPER.NS,Unspecified,Scored,,0.6531717456838335,0.3468282543161665,808,INE630A01024,CONSOLIDATED,2026-06-30,31.91,2026-07-25T15:27:04+05:30,28,0,0.75,2026-09-30,2026-10-02T00:00:00+05:30
826,Ajax Engineering Limited,AJAXENGG.NS,Unspecified,Scored,,0.6531309593076233,0.3468690406923767,809,INE274Y01021,STANDALONE,2026-06-30,55.602,2026-08-05T19:34:10+05:30,6,0,0.0,2026-09-30,2026-10-02T00:00:00+05:30
403,L&T Technology Services Ltd.,LTTS.NS,Information Technology,Scored,,0.6530279915385482,0.3469720084614518,810,INE010V01017,CONSOLIDATED,2026-06-30,357.1,2026-07-14T19:02:12+05:30,32,3,0.5,2026-09-30,2026-10-02T00:00:00+05:30
936,Bajaj Hindusthan Sugar Limited,BAJAJHIND.NS,Unspecified,Scored,,0.6530055649516054,0.34699443504839456,811,INE306A01021,CONSOLIDATED,2026-06-30,-184.7,2026-08-13T14:55:43+05:30,29,0,0.75,2026-09-30,2026-10-02T00:00:00+05:30
634,MOIL Ltd.,MOIL.NS,Metals & Mining,Scored,,0.6529362543692366,0.34706374563076337,812,INE490G01020,STANDALONE,2026-06-30,87.6161,2026-07-29T16:53:06+05:30,26,3,0.5,2026-09-30,2026-10-02T00:00:00+05:30
939,Bajel Projects Limited,BAJEL.NS,Unspecified,Scored,,0.6522577365767228,0.3477422634232772,813,INE0KQN01018,CONSOLIDATED,2026-06-30,4.734,2026-08-07T19:12:22+05:30,6,0,0.5,2026-09-30,2026-10-02T00:00:00+05:30
856,Amines & Plasticizers Limited,AMNPLST.NS,Unspecified,Scored,,0.6522453779158347,0.3477546220841653,814,INE275D01022,CONSOLIDATED,2026-06-30,9.4658,2026-08-14T20:03:10+05:30,11,0,0.5,2026-09-30,2026-10-02T00:00:00+05:30
347,Godrej Industries Ltd.,GODREJIND.NS,Diversified,Scored,,0.6520095194165757,0.3479904805834243,815,INE233A01035,CONSOLIDATED,2026-06-30,523.36,2026-08-13T19:27:00+05:30,32,0,0.25,2026-09-30,2026-10-02T00:00:00+05:30
979,Bharat Seats Limited,BHARATSE.NS,Unspecified,Scored,,0.6519269162351868,0.34807308376481316,816,INE415D01024,STANDALONE,2026-06-30,13.2128,2026-08-04T15:11:36+05:30,6,0,0.5,2026-09-30,2026-10-02T00:00:00+05:30
1055,Central Mine Planning & Design Institute Limited,CMPDI.NS,Unspecified,Scored,,0.6518780977333234,0.3481219022666766,817,INE05HV01027,STANDALONE,2026-06-30,116.27,2026-07-20T22:02:08+05:30,2,4,0.0,2026-09-30,2026-10-02T00:00:00+05:30
1243,Garuda Construction and Engineering Limited,GARUDA.NS,Unspecified,Scored,,0.6518686790769391,0.34813132092306087,818,INE0JVO01026,CONSOLIDATED,2026-06-30,41.5338,2026-08-10T13:35:23+05:30,8,0,0.75,2026-09-30,2026-10-02T00:00:00+05:30
1267,Gujarat Kidney And Super Speciality Limited,GKSL.NS,Unspecified,Scored,,0.6518510871130603,0.3481489128869397,819,INE0V0W01025,CONSOLIDATED,2026-06-30,5.321,2026-08-14T17:29:21+05:30,3,3,1.0,2026-09-30,2026-10-02T00:00:00+05:30
63,Zydus Lifesci.,ZYDUSLIFE.NS,Pharmaceuticals,Scored,,0.6517721927086184,0.3482278072913816,820,INE010B01027,CONSOLIDATED,2026-06-30,990.2,2026-08-11T19:25:00+05:30,31,0,0.25,2026-09-30,2026-10-02T00:00:00+05:30
2218,Tinna Rubber and Infrastructure Limited,TINNARUBR.NS,Unspecified,Scored,,0.6516524763820396,0.3483475236179604,821,INE015C01016,CONSOLIDATED,2026-06-30,20.5664,2026-07-20T17:18:20+05:30,6,0,1.0,2026-09-30,2026-10-02T00:00:00+05:30
2303,Vidya Wires Limited,VIDYAWIRES.NS,Unspecified,Scored,,0.6516168477745463,0.3483831522254537,822,INE14UN01029,CONSOLIDATED,2026-06-30,17.135,2026-08-11T19:45:13+05:30,4,3,0.6666666666666666,2026-09-30,2026-10-02T00:00:00+05:30
79,Bosch,BOSCHLTD.NS,Auto Ancillaries,Scored,,0.6515692795627461,0.34843072043725387,823,INE323A01026,CONSOLIDATED,2026-06-30,706.1,2026-08-10T18:41:00+05:30,25,0,1.0,2026-09-30,2026-10-02T00:00:00+05:30
1883,Race Eco Chain Limited,RACE.NS,Unspecified,Scored,,0.651526497028471,0.348473502971529,824,INE084Q01012,CONSOLIDATED,2026-06-30,1.0347,2026-08-12T18:43:09+05:30,11,0,0.5,2026-09-30,2026-10-02T00:00:00+05:30
964,Bella Casa Fashion & Retail Limited,BELLACASA.NS,Unspecified,Scored,,0.6515113041122725,0.34848869588772746,825,INE344T01014,STANDALONE,2026-06-30,2.5352,2026-08-13T19:25:46+05:30,5,0,0.5,2026-09-30,2026-10-02T00:00:00+05:30
1475,Sai Silks (Kalamandir) Limited,KALAMANDIR.NS,Unspecified,Scored,,0.6512375809764739,0.3487624190235261,826,INE438K01021,STANDALONE,2026-06-30,25.63,2026-07-15T15:39:47+05:30,13,0,0.25,2026-09-30,2026-10-02T00:00:00+05:30
346,Godfrey Phillips India Ltd.,GODFRYPHLP.NS,Fast Moving Consumer Goods,Scored,,0.6510203457970432,0.34897965420295685,827,INE260B01028,CONSOLIDATED,2026-06-30,198.39,2026-07-27T17:48:06+05:30,28,0,0.5,2026-09-30,2026-10-02T00:00:00+05:30
510,ASK Automotive Ltd.,ASKAUTOLTD.NS,Automobile and Auto Components,Scored,,0.6504132622017624,0.34958673779823757,828,INE491J01022,CONSOLIDATED,2026-06-30,85.12,2026-08-04T18:39:02+05:30,12,0,0.75,2026-09-30,2026-10-02T00:00:00+05:30
766,Park Medi World Ltd.,PARKHOSPS.NS,Healthcare,Scored,,0.6501369610614672,0.34986303893853277,829,INE119201023,CONSOLIDATED,2026-06-30,88.593,2026-08-03T11:28:33+05:30,3,3,1.0,2026-09-30,2026-10-02T00:00:00+05:30
1830,Pioneer Embroideries Limited,PIONEEREMB.NS,Unspecified,Scored,,0.6499786039345464,0.35002139606545357,830,INE156C01018,CONSOLIDATED,2026-06-30,0.1165,2026-08-14T16:03:17+05:30,28,0,0.5,2026-09-30,2026-10-02T00:00:00+05:30
1402,Indo Borax & Chemicals Limited,INDOBORAX.NS,Unspecified,Scored,,0.6499607779140956,0.35003922208590443,831,INE803D01021,CONSOLIDATED,2026-06-30,16.254,2026-08-10T17:55:16+05:30,17,0,1.0,2026-09-30,2026-10-02T00:00:00+05:30
364,IIFL Finance Ltd.,IIFL.NS,Financial Services,Scored,,0.6494723359594048,0.3505276640405952,832,INE530B01024,CONSOLIDATED,2026-06-30,713.13,2026-07-22T17:56:17+05:30,27,0,1.0,2026-09-30,2026-10-02T00:00:00+05:30
1869,Prostarm Info Systems Limited,PROSTARM.NS,Unspecified,Scored,,0.64944438392017,0.35055561607983,833,INE0BX301013,CONSOLIDATED,2026-06-30,4.5793,2026-08-12T18:58:18+05:30,5,0,0.0,2026-09-30,2026-10-02T00:00:00+05:30
1824,Peninsula Land Limited,PENINLAND.NS,Unspecified,Scored,,0.649153643858759,0.35084635614124104,834,INE138A01028,CONSOLIDATED,2026-06-30,-7.72,2026-08-12T18:42:12+05:30,26,0,0.5,2026-09-30,2026-10-02T00:00:00+05:30
2036,Shanti Overseas (India) Limited,SHANTI.NS,Unspecified,Scored,,0.6491518627257401,0.3508481372742599,835,INE933X01016,CONSOLIDATED,2026-06-30,0.0256,2026-08-14T19:37:50+05:30,15,6,0.0,2026-09-30,2026-10-02T00:00:00+05:30
11,Hyundai Motor I,HYUNDAI.NS,Automobile,Scored,,0.6489089630388819,0.3510910369611181,836,INE0V6F01027,CONSOLIDATED,2026-06-30,888.624,2026-07-30T16:14:10+05:30,8,0,0.5,2026-09-30,2026-10-02T00:00:00+05:30
619,KNR Constructions Ltd.,KNRCON.NS,Construction,Scored,,0.6487727162779515,0.3512272837220485,837,INE634I01029,CONSOLIDATED,2026-06-30,80.7246,2026-08-14T08:34:08+05:30,28,0,0.25,2026-09-30,2026-10-02T00:00:00+05:30
80,Divi's Lab.,DIVISLAB.NS,Pharmaceuticals,Scored,,0.6486476934677838,0.35135230653221616,838,INE361B01024,CONSOLIDATED,2026-06-30,902.0,2026-08-01T13:05:14+05:30,29,0,0.75,2026-09-30,2026-10-02T00:00:00+05:30
549,CMS Info Systems Ltd.,CMSINFO.NS,Services,Scored,,0.6485829592216962,0.3514170407783038,839,INE925R01014,CONSOLIDATED,2026-06-30,83.684,2026-08-10T20:24:15+05:30,19,0,0.5,2026-09-30,2026-10-02T00:00:00+05:30
1502,Khadim India Limited,KHADIM.NS,Unspecified,Scored,,0.648475085694694,0.35152491430530597,840,INE834I01025,CONSOLIDATED,2026-06-30,0.522,2026-08-07T19:34:05+05:30,27,0,0.5,2026-09-30,2026-10-02T00:00:00+05:30
2178,Tainwala Chemical and Plastic (I) Limited,TAINWALCHM.NS,Unspecified,Scored,,0.6483268408663461,0.35167315913365393,841,INE123C01018,STANDALONE,2026-06-30,0.0252,2026-08-05T18:28:12+05:30,30,0,0.25,2026-09-30,2026-10-02T00:00:00+05:30
1019,Shankara Buildpro Limited,BUILDPRO.NS,Unspecified,Scored,,0.6478662716238549,0.3521337283761451,842,INE24OJ01011,CONSOLIDATED,2026-06-30,35.78,2026-08-06T15:05:07+05:30,3,3,0.5,2026-09-30,2026-10-02T00:00:00+05:30
1857,Precision Camshafts Limited,PRECAM.NS,Unspecified,Scored,,0.6475516821328898,0.3524483178671102,843,INE484I01029,CONSOLIDATED,2026-06-30,8.4469,2026-08-11T16:08:09+05:30,27,0,0.5,2026-09-30,2026-10-02T00:00:00+05:30
1020,Butterfly Gandhimathi Appliances Limited,BUTTERFLY.NS,Unspecified,Scored,,0.6475474314195773,0.35245256858042273,844,INE295F01017,STANDALONE,2026-06-30,8.8873,2026-08-03T15:44:02+05:30,33,0,0.5,2026-09-30,2026-10-02T00:00:00+05:30
1867,Priti International Limited,PRITI.NS,Unspecified,Scored,,0.647476552408573,0.35252344759142695,845,INE974Z01015,STANDALONE,2026-06-30,0.1197,2026-08-14T17:15:52+05:30,17,0,0.25,2026-09-30,2026-10-02T00:00:00+05:30
362,ICICI Prudential Asset Management Company Ltd.,ICICIAMC.NS,Financial Services,Scored,,0.6472362331630911,0.3527637668369089,846,INE346A01027,STANDALONE,2026-06-30,964.634,2026-07-13T16:57:02+05:30,3,3,0.5,2026-09-30,2026-10-02T00:00:00+05:30
177,Laurus Labs,LAURUSLABS.NS,Pharmaceuticals,Scored,,0.647204927561881,0.35279507243811903,847,INE947Q01028,CONSOLIDATED,2026-06-30,362.07,2026-07-24T18:03:15+05:30,30,0,1.0,2026-09-30,2026-10-02T00:00:00+05:30
1607,Manaksia Aluminium Company Limited,MANAKALUCO.NS,Unspecified,Scored,,0.6469905564445496,0.3530094435554504,848,INE859Q01017,STANDALONE,2026-06-30,2.8506,2026-08-11T19:11:17+05:30,31,0,0.5,2026-09-30,2026-10-02T00:00:00+05:30
496,Usha Martin Ltd.,USHAMART.NS,Capital Goods,Scored,,0.6469323696850651,0.35306763031493493,849,INE228A01035,CONSOLIDATED,2026-06-30,142.04,2026-07-27T21:40:05+05:30,32,0,0.5,2026-09-30,2026-10-02T00:00:00+05:30
1744,Niraj Ispat Industries Limited,NIRAJISPAT.NS,Unspecified,Scored,,0.6469298272708288,0.3530701727291712,850,INE326T01011,STANDALONE,2026-06-30,0.2981,2026-08-12T15:49:10+05:30,32,0,0.25,2026-09-30,2026-10-02T00:00:00+05:30
1192,Integra Essentia Limited,ESSENTIA.NS,Unspecified,Scored,,0.6465923408919351,0.35340765910806493,851,INE418N01035,CONSOLIDATED,2026-06-30,0.0189,2026-08-13T12:42:07+05:30,11,0,1.0,2026-09-30,2026-10-02T00:00:00+05:30
512,Aarti Drugs Ltd.,AARTIDRUGS.NS,Healthcare,Scored,,0.6465242430491023,0.3534757569508977,852,INE767A01016,CONSOLIDATED,2026-06-30,50.13,2026-07-31T20:44:43+05:30,30,3,0.3333333333333333,2026-09-30,2026-10-02T00:00:00+05:30
2156,Supreme Infrastructure India Limited,SUPREMEINF.NS,Unspecified,Scored,,0.646447479821047,0.353552520178953,853,INE550H01011,CONSOLIDATED,2026-06-30,-59.167,2026-08-14T23:40:13+05:30,20,0,0.5,2026-09-30,2026-10-02T00:00:00+05:30
113,Mankind Pharma,MANKIND.NS,Pharmaceuticals,Scored,,0.6461289786571287,0.3538710213428713,854,INE634S01028,CONSOLIDATED,2026-06-30,574.09,2026-07-30T20:15:12+05:30,13,0,0.75,2026-09-30,2026-10-02T00:00:00+05:30
2147,Sundaram Multi Pap Limited,SUNDARAM.NS,Unspecified,Scored,,0.6460315687111611,0.3539684312888389,855,INE108E01023,STANDALONE,2026-06-30,0.3181,2026-08-13T17:24:14+05:30,30,0,0.5,2026-09-30,2026-10-02T00:00:00+05:30
786,Aartech Solonics Limited,AARTECH.NS,Unspecified,Scored,,0.6458916433270118,0.35410835667298823,856,INE01C001026,CONSOLIDATED,2026-06-30,1.5526,2026-08-13T16:11:12+05:30,11,0,1.0,2026-09-30,2026-10-02T00:00:00+05:30
1657,Midwest Limited,MIDWESTLTD.NS,Unspecified,Scored,,0.6458102390280613,0.35418976097193866,857,INE0XAD01024,CONSOLIDATED,2026-06-30,31.039,2026-08-12T15:04:07+05:30,4,3,0.3333333333333333,2026-09-30,2026-10-02T00:00:00+05:30
1841,PNGS Reva Diamond Jewellery Limited,PNGSREVA.NS,Unspecified,Scored,,0.6456249811489236,0.35437501885107636,858,INE1RDG01013,STANDALONE,2026-06-30,27.21,2026-07-29T15:25:13+05:30,3,3,0.5,2026-09-30,2026-10-02T00:00:00+05:30
125,Larsen & Toubro,LT.NS,Construction,Scored,,0.6454307513639984,0.3545692486360016,859,INE018A01030,CONSOLIDATED,2026-06-30,4988.03,2026-07-28T18:17:12+05:30,32,0,0.5,2026-09-30,2026-10-02T00:00:00+05:30
1462,J.Kumar Infraprojects Limited,JKIL.NS,Unspecified,Scored,,0.6449635899285023,0.35503641007149767,860,INE576I01022,CONSOLIDATED,2026-06-30,97.4211,2026-08-06T17:29:25+05:30,10,0,0.25,2026-09-30,2026-10-02T00:00:00+05:30
896,Ashiana Housing Limited,ASHIANA.NS,Unspecified,Scored,,0.6449565366472743,0.35504346335272574,861,INE365D01021,CONSOLIDATED,2026-06-30,13.11,2026-08-11T19:19:03+05:30,27,0,0.5,2026-09-30,2026-10-02T00:00:00+05:30
2226,Tolins Tyres Limited,TOLINS.NS,Unspecified,Scored,,0.6449398364935492,0.35506016350645075,862,INE0RWQ01014,CONSOLIDATED,2026-06-30,6.19,2026-08-12T19:01:30+05:30,9,0,0.25,2026-09-30,2026-10-02T00:00:00+05:30
1767,Odigma Consultancy Solutions Limited,ODIGMA.NS,Unspecified,Scored,,0.6447754466113144,0.35522455338868564,863,INE054301028,STANDALONE,2026-06-30,0.1488,2026-08-04T13:11:23+05:30,7,0,0.75,2026-09-30,2026-10-02T00:00:00+05:30
997,Blue Chip India Limited,BLUECHIP.NS,Unspecified,Scored,,0.6447174271515265,0.35528257284847353,864,INE657B01025,STANDALONE,2026-06-30,-0.2205,2026-08-14T18:53:20+05:30,28,5,0.5,2026-09-30,2026-10-02T00:00:00+05:30
109,Lodha Developers,LODHA.NS,Real Estate,Scored,,0.6446318997946319,0.35536810020536813,865,INE670K01029,CONSOLIDATED,2026-06-30,1373.1,2026-07-24T18:58:12+05:30,21,0,1.0,2026-09-30,2026-10-02T00:00:00+05:30
791,A B Infrabuild Limited,ABINFRA.NS,Unspecified,Scored,,0.6444883778716631,0.35551162212833687,866,INE00YB01025,STANDALONE,2026-06-30,5.343,2026-08-13T14:57:08+05:30,8,0,0.25,2026-09-30,2026-10-02T00:00:00+05:30
1965,Sadbhav Engineering Limited,SADBHAV.NS,Unspecified,Scored,,0.644305176985965,0.355694823014035,867,INE226H01026,CONSOLIDATED,2026-06-30,46.1001,2026-08-13T21:18:14+05:30,24,5,,2026-09-30,2026-10-02T00:00:00+05:30
274,Birlasoft Ltd.,BSOFT.NS,Information Technology,Scored,,0.6442817226230566,0.3557182773769434,868,INE836A01035,CONSOLIDATED,2026-06-30,160.997,2026-07-28T17:29:09+05:30,32,0,0.75,2026-09-30,2026-10-02T00:00:00+05:30
356,HFCL Ltd.,HFCL.NS,Telecommunication,Scored,,0.6438416544060005,0.3561583455939995,869,INE548A01028,CONSOLIDATED,2026-06-30,245.64,2026-07-22T19:54:06+05:30,28,0,1.0,2026-09-30,2026-10-02T00:00:00+05:30
207,JSW Energy,JSWENERGY.NS,Power,Scored,,0.6432294981709049,0.3567705018290951,870,INE121E01018,CONSOLIDATED,2026-06-30,532.7,2026-07-22T15:51:07+05:30,31,0,0.25,2026-09-30,2026-10-02T00:00:00+05:30
778,5Paisa Capital Limited,5PAISA.NS,Unspecified,Scored,,0.6431037462586927,0.3568962537413073,871,INE618L01018,CONSOLIDATED,2026-06-30,11.5694,2026-07-16T19:51:10+05:30,28,0,0.5,2026-09-30,2026-10-02T00:00:00+05:30
334,Finolex Cables Ltd.,FINCABLES.NS,Capital Goods,Scored,,0.6430832624333315,0.35691673756666853,872,INE235A01022,CONSOLIDATED,2026-06-30,249.04,2026-08-11T18:32:09+05:30,27,0,1.0,2026-09-30,2026-10-02T00:00:00+05:30
1258,Geojit Financial Services Limited,GEOJITFSL.NS,Unspecified,Scored,,0.6429470476500174,0.3570529523499826,873,INE007B01023,CONSOLIDATED,2026-06-30,19.8284,2026-07-22T19:04:43+05:30,24,0,0.5,2026-09-30,2026-10-02T00:00:00+05:30
39,Suzlon Energy,SUZLON.NS,Renewable Energy,Scored,,0.6428319192441281,0.3571680807558719,874,INE040H01021,CONSOLIDATED,2026-06-30,305.22,2026-07-28T15:11:08+05:30,33,0,0.5,2026-09-30,2026-10-02T00:00:00+05:30
1987,Sandhar Technologies Limited,SANDHAR.NS,Unspecified,Scored,,0.6423542409820001,0.3576457590179999,875,INE278H01035,CONSOLIDATED,2026-06-30,37.28,2026-08-11T16:47:14+05:30,26,0,0.5,2026-09-30,2026-10-02T00:00:00+05:30
1335,Sri Havisha Hospitality and Infrastructure Limited,HAVISHA.NS,Unspecified,Scored,,0.6422617251788807,0.3577382748211193,876,INE293B01029,STANDALONE,2026-06-30,-1.8232,2026-08-12T20:26:11+05:30,29,0,0.5,2026-09-30,2026-10-02T00:00:00+05:30
2241,TTK Healthcare Limited,TTKHLTCARE.NS,Unspecified,Scored,,0.6422451638680517,0.35775483613194825,877,INE910C01018,STANDALONE,2026-06-30,21.2792,2026-08-06T15:28:09+05:30,30,0,0.5,2026-09-30,2026-10-02T00:00:00+05:30
393,K.P.R. Mill Ltd.,KPRMILL.NS,Textiles,Scored,,0.6422124251278892,0.35778757487211077,878,INE930H01031,CONSOLIDATED,2026-06-30,258.54,2026-08-10T16:02:09+05:30,31,0,0.75,2026-09-30,2026-10-02T00:00:00+05:30
528,Ashapura Minechem Ltd.,ASHAPURMIN.NS,Metals & Mining,Scored,,0.6421772984469337,0.3578227015530663,879,INE348A01023,CONSOLIDATED,2026-06-30,108.31,2026-08-07T19:12:24+05:30,31,0,0.25,2026-09-30,2026-10-02T00:00:00+05:30
727,TVS Supply Chain Solutions Ltd.,TVSSCS.NS,Services,Scored,,0.6421537829212285,0.3578462170787715,880,INE395N01027,CONSOLIDATED,2026-06-30,22.48,2026-08-10T20:25:28+05:30,12,0,0.5,2026-09-30,2026-10-02T00:00:00+05:30
1133,DJ Mediaprint & Logistics Limited,DJML.NS,Unspecified,Scored,,0.6419745386413647,0.35802546135863533,881,INE0B1K01014,CONSOLIDATED,2026-06-30,2.1851,2026-08-14T20:00:18+05:30,3,4,1.0,2026-09-30,2026-10-02T00:00:00+05:30
803,Allied Digital Services Limited,ADSL.NS,Unspecified,Scored,,0.6419556322530343,0.3580443677469657,882,INE102I01027,CONSOLIDATED,2026-06-30,12.39,2026-08-06T21:30:13+05:30,27,3,0.5,2026-09-30,2026-10-02T00:00:00+05:30
42,Hero Motocorp,HEROMOTOCO.NS,Automobile,Scored,,0.6419526769561397,0.35804732304386033,883,INE158A01026,CONSOLIDATED,2026-06-30,1417.93,2026-08-06T23:12:38+05:30,29,0,0.25,2026-09-30,2026-10-02T00:00:00+05:30
1362,The Hi-Tech Gears Limited,HITECHGEAR.NS,Unspecified,Scored,,0.6419090190980786,0.3580909809019214,884,INE127B01011,CONSOLIDATED,2026-06-30,4.758,2026-08-06T19:36:58+05:30,24,0,0.5,2026-09-30,2026-10-02T00:00:00+05:30
1537,Kriti Industries (India) Limited,KRITI.NS,Unspecified,Scored,,0.641881047544293,0.358118952455707,885,INE479D01038,CONSOLIDATED,2026-06-30,-2.2108,2026-08-11T17:52:15+05:30,19,0,0.5,2026-09-30,2026-10-02T00:00:00+05:30
391,Jupiter Wagons Ltd.,JWL.NS,Capital Goods,Scored,,0.6418194668646526,0.35818053313534737,886,INE209L01016,CONSOLIDATED,2026-06-30,26.185,2026-08-14T19:25:07+05:30,17,3,1.0,2026-09-30,2026-10-02T00:00:00+05:30
99,Wipro,WIPRO.NS,IT,Scored,,0.6416514853644858,0.3583485146355142,887,INE075A01022,CONSOLIDATED,2026-06-30,3356.3,2026-07-16T16:03:12+05:30,30,0,0.25,2026-09-30,2026-10-02T00:00:00+05:30
148,Fortis Health.,FORTIS.NS,Healthcare,Scored,,0.6415479600774184,0.35845203992258157,888,INE061F01013,CONSOLIDATED,2026-06-30,272.8,2026-08-06T20:08:12+05:30,33,0,0.75,2026-09-30,2026-10-02T00:00:00+05:30
323,EIH Ltd.,EIHOTEL.NS,Consumer Services,Scored,,0.641519140166099,0.358480859833901,889,INE230A01023,CONSOLIDATED,2026-06-30,120.31,2026-08-06T19:48:10+05:30,27,0,0.5,2026-09-30,2026-10-02T00:00:00+05:30
1735,NIIT Learning Systems Limited,NIITMTS.NS,Unspecified,Scored,,0.6413552757881291,0.3586447242118709,890,INE342G01023,CONSOLIDATED,2026-06-30,57.411,2026-07-23T18:09:09+05:30,12,0,0.5,2026-09-30,2026-10-02T00:00:00+05:30
438,Physicswallah Ltd.,PWL.NS,Consumer Services,Scored,,0.6413100971820348,0.3586899028179652,891,INE0LP301011,CONSOLIDATED,2026-06-30,-88.28,2026-08-14T20:25:14+05:30,4,3,0.3333333333333333,2026-09-30,2026-10-02T00:00:00+05:30
2253,UFO Moviez India Limited,UFO.NS,Unspecified,Scored,,0.641264184290706,0.358735815709294,892,INE527H01019,CONSOLIDATED,2026-06-30,5.64,2026-07-28T16:39:07+05:30,28,0,0.5,2026-09-30,2026-10-02T00:00:00+05:30
2059,Shreyans Industries Limited,SHREYANIND.NS,Unspecified,Scored,,0.6409702898692327,0.35902971013076734,893,INE231C01019,STANDALONE,2026-06-30,-3.2369,2026-08-12T15:42:11+05:30,33,0,0.25,2026-09-30,2026-10-02T00:00:00+05:30
358,Himadri Speciality Chemical Ltd.,HSCL.NS,Chemicals,Scored,,0.6408157656145025,0.3591842343854975,894,INE019C01026,CONSOLIDATED,2026-06-30,228.43,2026-07-15T16:11:14+05:30,27,0,0.75,2026-09-30,2026-10-02T00:00:00+05:30
576,Finolex Industries Ltd.,FINPIPE.NS,Capital Goods,Scored,,0.640721892334478,0.35927810766552204,895,INE183A01024,CONSOLIDATED,2026-06-30,114.52,2026-08-06T21:02:06+05:30,30,0,0.5,2026-09-30,2026-10-02T00:00:00+05:30
829,Akash Infra-Projects Limited,AKASH.NS,Unspecified,Scored,,0.6404002614356666,0.35959973856433336,896,INE737W01013,CONSOLIDATED,2026-06-30,0.1912,2026-08-14T18:09:46+05:30,26,0,0.25,2026-09-30,2026-10-02T00:00:00+05:30
130,M & M,M&M.NS,Automobile,Scored,,0.6403587014907972,0.3596412985092028,897,INE101A01026,CONSOLIDATED,2026-06-30,5997.56,2026-07-30T16:11:11+05:30,27,0,0.75,2026-09-30,2026-10-02T00:00:00+05:30
2331,Vardhman Special Steels Limited,VSSL.NS,Unspecified,Scored,,0.6402235450218233,0.3597764549781767,898,INE050M01012,STANDALONE,2026-06-30,41.1857,2026-07-22T15:24:12+05:30,29,0,0.75,2026-09-30,2026-10-02T00:00:00+05:30
1957,Ruchira Papers Limited,RUCHIRA.NS,Unspecified,Scored,,0.6401124207136507,0.3598875792863493,899,INE803H01014,STANDALONE,2026-06-30,6.1441,2026-08-12T16:20:04+05:30,32,0,0.25,2026-09-30,2026-10-02T00:00:00+05:30
2101,Somi Conveyor Beltings Limited,SOMICONVEY.NS,Unspecified,Scored,,0.6400521893515956,0.3599478106484044,900,INE323J01019,STANDALONE,2026-06-30,0.5964,2026-08-11T17:00:18+05:30,32,0,0.5,2026-09-30,2026-10-02T00:00:00+05:30
1927,Ritco Logistics Limited,RITCO.NS,Unspecified,Scored,,0.6400513493779795,0.3599486506220205,901,INE01EG01016,CONSOLIDATED,2026-06-30,3.4723,2026-08-13T20:50:06+05:30,12,0,0.0,2026-09-30,2026-10-02T00:00:00+05:30
1865,Primo Chemicals Limited,PRIMO.NS,Unspecified,Scored,,0.6400292086954453,0.35997079130455467,902,INE607A01022,CONSOLIDATED,2026-06-30,4.6838,2026-08-14T18:27:05+05:30,6,0,0.5,2026-09-30,2026-10-02T00:00:00+05:30
551,Campus Activewear Ltd.,CAMPUS.NS,Consumer Durables,Scored,,0.6397490673473841,0.3602509326526159,903,INE278Y01022,STANDALONE,2026-06-30,26.14,2026-08-06T15:26:09+05:30,15,0,0.25,2026-09-30,2026-10-02T00:00:00+05:30
2338,Western Carriers (India) Limited,WCIL.NS,Unspecified,Scored,,0.6396954199160468,0.36030458008395316,904,INE0CJF01024,CONSOLIDATED,2026-06-30,8.692,2026-08-14T19:01:15+05:30,9,0,0.5,2026-09-30,2026-10-02T00:00:00+05:30
1474,Kakatiya Cement Sugar & Industries Limited,KAKATCEM.NS,Unspecified,Scored,,0.6395535079414995,0.36044649205850054,905,INE437B01014,STANDALONE,2026-06-30,-6.3691,2026-08-08T14:45:22+05:30,33,0,0.5,2026-09-30,2026-10-02T00:00:00+05:30
1853,Prakash Industries Limited,PRAKASH.NS,Unspecified,Scored,,0.639402629111825,0.360597370888175,906,INE603A01013,STANDALONE,2026-06-30,71.27,2026-08-11T18:49:17+05:30,32,0,0.5,2026-09-30,2026-10-02T00:00:00+05:30
1635,Madhya Bharat Agro Products Limited,MBAPL.NS,Unspecified,Scored,,0.6393793490984823,0.36062065090151774,907,INE900L01028,STANDALONE,2026-06-30,32.9622,2026-07-14T11:02:34+05:30,26,0,0.75,2026-09-30,2026-10-02T00:00:00+05:30
1300,Greenpanel Industries Limited,GREENPANEL.NS,Unspecified,Scored,,0.6392786529314703,0.36072134706852965,908,INE08ZM01014,STANDALONE,2026-06-30,1.2292,2026-08-08T14:42:03+05:30,9,0,0.5,2026-09-30,2026-10-02T00:00:00+05:30
426,Nuvama Wealth Management Ltd.,NUVAMA.NS,Financial Services,Scored,,0.639109227136305,0.360890772863695,909,INE531F01023,CONSOLIDATED,2026-06-30,305.64,2026-07-30T20:04:09+05:30,12,0,0.5,2026-09-30,2026-10-02T00:00:00+05:30
102,Adani Total Gas,ATGL.NS,Gas,Scored,,0.6390419675987147,0.3609580324012853,910,INE399L01023,CONSOLIDATED,2026-06-30,141.72,2026-07-21T19:20:10+05:30,31,0,0.25,2026-09-30,2026-10-02T00:00:00+05:30
556,Cera Sanitaryware Ltd,CERA.NS,Consumer Durables,Scored,,0.6389881005711932,0.36101189942880685,911,INE739E01017,STANDALONE,2026-06-30,45.3104,2026-08-07T17:10:12+05:30,9,3,0.3333333333333333,2026-09-30,2026-10-02T00:00:00+05:30
2008,Scoda Tubes Limited,SCODATUBES.NS,Unspecified,Scored,,0.6388434836223008,0.3611565163776992,912,INE090501011,STANDALONE,2026-06-30,5.25,2026-08-12T17:43:07+05:30,6,0,0.25,2026-09-30,2026-10-02T00:00:00+05:30
2275,Udayshivakumar Infra Limited,USK.NS,Unspecified,Scored,,0.6388256363059105,0.3611743636940895,913,INE0N0Y01013,STANDALONE,2026-06-30,2.4573,2026-08-14T18:39:10+05:30,12,0,0.5,2026-09-30,2026-10-02T00:00:00+05:30
542,Banco Products (India) Ltd.,BANCOINDIA.NS,Automobile and Auto Components,Scored,,0.6386746485709129,0.36132535142908706,914,INE213C01025,CONSOLIDATED,2026-06-30,122.38,2026-08-08T17:54:16+05:30,32,0,0.5,2026-09-30,2026-10-02T00:00:00+05:30
1399,Indiqube Spaces Limited,INDIQUBE.NS,Unspecified,Scored,,0.6384361307225043,0.36156386927749573,915,INE06ST01018,STANDALONE,2026-06-30,-23.882,2026-08-12T18:30:12+05:30,4,0,0.0,2026-09-30,2026-10-02T00:00:00+05:30
982,Bigbloc Construction Limited,BIGBLOC.NS,Unspecified,Scored,,0.6383740424398712,0.36162595756012883,916,INE412U01025,CONSOLIDATED,2026-06-30,-0.7195,2026-08-07T16:01:15+05:30,28,0,0.75,2026-09-30,2026-10-02T00:00:00+05:30
230,Vodafone Idea,IDEA.NS,Telecom,Scored,,0.6380797693118871,0.36192023068811285,917,INE669E01016,CONSOLIDATED,2026-06-30,-3754.0,2026-08-10T19:54:16+05:30,29,0,0.5,2026-09-30,2026-10-02T00:00:00+05:30
1370,HP Adhesives Limited,HPAL.NS,Unspecified,Scored,,0.6380039541766804,0.36199604582331957,918,INE0GSL01024,CONSOLIDATED,2026-06-30,-0.9055,2026-08-13T19:58:16+05:30,8,3,0.0,2026-09-30,2026-10-02T00:00:00+05:30
2054,Shree Digvijay Cement Co.Ltd,SHREDIGCEM.NS,Unspecified,Scored,,0.6379883883848156,0.36201161161518436,919,INE232A01011,CONSOLIDATED,2026-06-30,6.8216,2026-07-24T19:30:07+05:30,22,5,,2026-09-30,2026-10-02T00:00:00+05:30
183,AU Small Finance,AUBANK.NS,Banks,Scored,,0.6375074910482352,0.36249250895176477,920,INE949L01017,STANDALONE,2026-06-30,795.9529,2026-07-25T20:07:10+05:30,27,0,0.5,2026-09-30,2026-10-02T00:00:00+05:30
1802,Palred Technologies Limited,PALREDTEC.NS,Unspecified,Scored,,0.6370746051506971,0.36292539484930286,921,INE218G01033,CONSOLIDATED,2026-06-30,-1.3687,2026-08-13T16:54:08+05:30,31,0,0.5,2026-09-30,2026-10-02T00:00:00+05:30
311,Dalmia Bharat Ltd.,DALBHARAT.NS,Construction Materials,Scored,,0.6370662001550211,0.36293379984497887,922,INE00R701025,CONSOLIDATED,2026-06-30,192.0,2026-07-24T14:22:03+05:30,30,0,0.25,2026-09-30,2026-10-02T00:00:00+05:30
715,Subros Ltd.,SUBROS.NS,Capital Goods,Scored,,0.6370159266545352,0.3629840733454648,923,INE287B01021,CONSOLIDATED,2026-06-30,41.52,2026-08-07T19:53:11+05:30,29,0,0.25,2026-09-30,2026-10-02T00:00:00+05:30
1862,Premier Limited,PREMIER.NS,Unspecified,Scored,,0.636855962696978,0.363144037303022,924,INE342A01018,CONSOLIDATED,2026-06-30,-1.76,2026-08-13T17:40:07+05:30,22,2,0.0,2026-09-30,2026-10-02T00:00:00+05:30
1073,Creative Eye Limited,CREATIVEYE.NS,Unspecified,Scored,,0.6367926073831319,0.3632073926168681,925,INE230B01021,STANDALONE,2026-06-30,-0.1029,2026-08-13T15:40:11+05:30,31,0,1.0,2026-09-30,2026-10-02T00:00:00+05:30
1075,Crown Lifters Limited,CROWN.NS,Unspecified,Scored,,0.6365198313062961,0.3634801686937039,926,INE491V01019,STANDALONE,2026-06-30,2.9354,2026-07-23T19:21:47+05:30,18,0,0.5,2026-09-30,2026-10-02T00:00:00+05:30
1279,GNA Axles Limited,GNA.NS,Unspecified,Scored,,0.6352564065882743,0.3647435934117257,927,INE934S01014,CONSOLIDATED,2026-06-30,38.2712,2026-07-16T15:35:16+05:30,24,0,0.75,2026-09-30,2026-10-02T00:00:00+05:30
1637,MBL Infrastructure Limited,MBLINFRA.NS,Unspecified,Scored,,0.6351892229252459,0.36481077707475407,928,INE912H01013,CONSOLIDATED,2026-06-30,-5.19,2026-07-23T20:28:17+05:30,28,4,1.0,2026-09-30,2026-10-02T00:00:00+05:30
1385,Indogulf Cropsciences Limited,IGCL.NS,Unspecified,Scored,,0.6350561845649207,0.36494381543507926,929,INE05J901018,CONSOLIDATED,2026-06-30,2.414,2026-08-12T12:31:13+05:30,6,0,0.5,2026-09-30,2026-10-02T00:00:00+05:30
1543,Krystal Integrated Services Limited,KRYSTAL.NS,Unspecified,Scored,,0.6350387370511075,0.36496126294889253,930,INE0QN801017,CONSOLIDATED,2026-06-30,17.409,2026-08-04T17:41:14+05:30,11,0,0.5,2026-09-30,2026-10-02T00:00:00+05:30
625,Karnataka Bank Ltd.,KTKBANK.NS,Financial Services,Scored,,0.6349898758334681,0.3650101241665319,931,INE614B01018,CONSOLIDATED,2026-06-30,419.12,2026-07-29T17:26:14+05:30,18,0,0.75,2026-09-30,2026-10-02T00:00:00+05:30
1854,Prakash Steelage Limited,PRAKASHSTL.NS,Unspecified,Scored,,0.6349682489642037,0.3650317510357963,932,INE696K01024,STANDALONE,2026-06-30,0.1635,2026-08-13T15:56:08+05:30,33,0,0.5,2026-09-30,2026-10-02T00:00:00+05:30
1697,Murudeshwar Ceramics Limited,MURUDCERA.NS,Unspecified,Scored,,0.6348395832753662,0.36516041672463384,933,INE692B01014,CONSOLIDATED,2026-06-30,0.8086,2026-08-12T13:14:10+05:30,17,3,1.0,2026-09-30,2026-10-02T00:00:00+05:30
1486,Kanpur Plastipack Limited,KANPRPLA.NS,Unspecified,Scored,,0.6345426300385257,0.36545736996147427,934,INE694E01014,CONSOLIDATED,2026-06-30,11.6829,2026-07-27T17:16:04+05:30,20,0,0.5,2026-09-30,2026-10-02T00:00:00+05:30
1542,Krsnaa Diagnostics Limited,KRSNAA.NS,Unspecified,Scored,,0.6345085961004528,0.36549140389954715,935,INE08LI01020,CONSOLIDATED,2026-06-30,16.551,2026-08-14T00:00:19+05:30,20,0,0.5,2026-09-30,2026-10-02T00:00:00+05:30
1943,Raghav Productivity Enhancers Limited,RPEL.NS,Unspecified,Scored,,0.634296653857932,0.365703346142068,936,INE912T01018,CONSOLIDATED,2026-06-30,19.5743,2026-07-15T16:45:08+05:30,8,0,1.0,2026-09-30,2026-10-02T00:00:00+05:30
1178,Emmbi Industries Limited,EMMBI.NS,Unspecified,Scored,,0.6342790581054903,0.36572094189450965,937,INE753K01015,CONSOLIDATED,2026-06-30,2.276,2026-08-14T17:31:16+05:30,8,0,0.5,2026-09-30,2026-10-02T00:00:00+05:30
1226,Focus Lighting and Fixtures Limited,FOCUS.NS,Unspecified,Scored,,0.6342247865337289,0.36577521346627107,938,INE593W01028,CONSOLIDATED,2026-06-30,2.8681,2026-08-11T22:23:39+05:30,18,0,0.5,2026-09-30,2026-10-02T00:00:00+05:30
1074,Crest Ventures Limited,CREST.NS,Unspecified,Scored,,0.6340799997434314,0.36592000025656857,939,INE559D01011,CONSOLIDATED,2026-06-30,11.4661,2026-08-13T19:05:14+05:30,27,5,,2026-09-30,2026-10-02T00:00:00+05:30
2371,Zodiac Energy Limited,ZODIAC.NS,Unspecified,Scored,,0.6338112899186741,0.3661887100813259,940,INE761Y01019,CONSOLIDATED,2026-06-30,7.0,2026-08-13T17:32:08+05:30,4,3,1.0,2026-09-30,2026-10-02T00:00:00+05:30
631,Lloyds Engineering Works Ltd.,LLOYDSENGG.NS,Capital Goods,Scored,,0.6336389245366544,0.3663610754633456,941,INE093R01011,CONSOLIDATED,2026-06-30,68.23,2026-08-06T18:06:03+05:30,9,0,0.75,2026-09-30,2026-10-02T00:00:00+05:30
2270,Univastu India Limited,UNIVASTU.NS,Unspecified,Scored,,0.6332660563672553,0.3667339436327447,942,INE562X01013,CONSOLIDATED,2026-06-30,10.0629,2026-08-07T16:42:01+05:30,14,5,,2026-09-30,2026-10-02T00:00:00+05:30
2050,Shiv Aum Steels Limited,SHIVAUM.NS,Unspecified,Scored,,0.6331485177147094,0.36685148228529063,943,INE719F01016,CONSOLIDATED,2026-06-30,3.789,2026-08-11T20:27:13+05:30,3,3,0.5,2026-09-30,2026-10-02T00:00:00+05:30
1011,BPL Limited,BPL.NS,Unspecified,Scored,,0.6330852364519796,0.36691476354802044,944,INE110A01019,CONSOLIDATED,2026-06-30,-3.5425,2026-08-12T17:10:18+05:30,17,0,0.5,2026-09-30,2026-10-02T00:00:00+05:30
1568,Lakshmi Finance & Industrial Corporation Limited,LFIC.NS,Unspecified,Scored,,0.633049325157772,0.366950674842228,945,INE850E01012,STANDALONE,2026-06-30,4.0435,2026-08-12T15:21:28+05:30,16,5,,2026-09-30,2026-10-02T00:00:00+05:30
1272,Global Vectra Helicorp Limited,GLOBALVECT.NS,Unspecified,Scored,,0.6329436999720028,0.36705630002799716,946,INE792H01019,STANDALONE,2026-06-30,-11.8481,2026-08-11T18:47:12+05:30,29,0,0.5,2026-09-30,2026-10-02T00:00:00+05:30
1662,Mittal Life Style Limited,MITTAL.NS,Unspecified,Scored,,0.6329435421359029,0.36705645786409713,947,INE997Y01027,CONSOLIDATED,2026-06-30,0.6946,2026-08-10T18:30:40+05:30,5,0,0.5,2026-09-30,2026-10-02T00:00:00+05:30
2127,Starteck Finance Limited,STARTECK.NS,Unspecified,Scored,,0.6329430738030353,0.36705692619696473,948,INE992I01013,CONSOLIDATED,2026-06-30,4.3164,2026-08-11T19:15:55+05:30,17,0,0.5,2026-09-30,2026-10-02T00:00:00+05:30
47,LTM,LTM.NS,IT,Scored,,0.6325596512242595,0.3674403487757405,949,INE214T01019,CONSOLIDATED,2026-06-30,1468.6,2026-07-11T19:20:07+05:30,31,0,0.75,2026-09-30,2026-10-02T00:00:00+05:30
7,TCS,TCS.NS,IT,Scored,,0.6324446319854549,0.36755536801454514,950,INE467B01029,CONSOLIDATED,2026-06-30,13420.0,2026-07-09T18:36:12+05:30,32,0,0.25,2026-09-30,2026-10-02T00:00:00+05:30
117,TVS Motor Co.,TVSMOTOR.NS,Automobile,Scored,,0.6321939680735512,0.3678060319264488,951,INE494B01023,CONSOLIDATED,2026-06-30,1057.61,2026-07-21T16:43:56+05:30,28,0,0.75,2026-09-30,2026-10-02T00:00:00+05:30
684,Redtape Ltd.,REDTAPE.NS,Consumer Durables,Scored,,0.6321772113802674,0.3678227886197326,952,INE0LXT01019,CONSOLIDATED,2026-06-30,44.48,2026-08-10T16:49:20+05:30,11,0,0.25,2026-09-30,2026-10-02T00:00:00+05:30
8,Page Industries,PAGEIND.NS,Textiles,Scored,,0.6321273166925762,0.36787268330742384,953,INE761H01022,STANDALONE,2026-06-30,192.8062,2026-08-13T17:59:16+05:30,30,0,0.5,2026-09-30,2026-10-02T00:00:00+05:30
1118,Dhanuka Agritech Limited,DHANUKA.NS,Unspecified,Scored,,0.6320387380176161,0.3679612619823839,954,INE435G01025,STANDALONE,2026-06-30,36.3044,2026-08-03T15:13:17+05:30,6,0,0.5,2026-09-30,2026-10-02T00:00:00+05:30
83,Coforge,COFORGE.NS,IT,Scored,,0.6317667128577419,0.3682332871422581,955,INE591G01025,CONSOLIDATED,2026-06-30,531.7,2026-07-28T01:37:12+05:30,29,3,0.5,2026-09-30,2026-10-02T00:00:00+05:30
1196,Eurotex Industries and Exports Limited,EUROTEXIND.NS,Unspecified,Scored,,0.6316177310368211,0.36838226896317894,956,INE022C01012,STANDALONE,2026-06-30,-1.3127,2026-08-07T18:04:13+05:30,21,3,0.5,2026-09-30,2026-10-02T00:00:00+05:30
1558,Landsmill Green Limited,LANDSMILL.NS,Unspecified,Scored,,0.6315855794271538,0.36841442057284624,957,INE688J01023,CONSOLIDATED,2026-06-30,0.8497,2026-08-12T17:54:11+05:30,28,5,0.5,2026-09-30,2026-10-02T00:00:00+05:30
2172,Swaraj Engines Limited,SWARAJENG.NS,Unspecified,Scored,,0.6313388370387119,0.36866116296128815,958,INE277A01016,STANDALONE,2026-06-30,55.53,2026-07-20T14:55:04+05:30,33,0,0.5,2026-09-30,2026-10-02T00:00:00+05:30
781,AAA Technologies Limited,AAATECH.NS,Unspecified,Scored,,0.6313134708314873,0.36868652916851274,959,INE0D0U01013,STANDALONE,2026-06-30,0.8666,2026-08-14T17:26:14+05:30,14,3,0.5,2026-09-30,2026-10-02T00:00:00+05:30
118,Kalyan Jewellers,KALYANKJIL.NS,Retail,Scored,,0.6311792766574259,0.3688207233425741,960,INE303R01014,CONSOLIDATED,2026-06-30,348.665,2026-08-04T16:54:22+05:30,21,0,0.25,2026-09-30,2026-10-02T00:00:00+05:30
2083,Sintercom India Limited,SINTERCOM.NS,Unspecified,Scored,,0.6310213683577722,0.3689786316422278,961,INE129Z01016,STANDALONE,2026-06-30,0.495,2026-08-12T20:37:56+05:30,20,5,,2026-09-30,2026-10-02T00:00:00+05:30
926,AVT Natural Products Limited,AVTNPL.NS,Unspecified,Scored,,0.6303083897553549,0.36969161024464514,962,INE488D01021,CONSOLIDATED,2026-06-30,31.1005,2026-08-14T13:57:06+05:30,28,0,1.0,2026-09-30,2026-10-02T00:00:00+05:30
245,Aditya Birla Real Estate Ltd.,ABREL.NS,Realty,Scored,,0.6303000378214089,0.36969996217859113,963,INE055A01016,CONSOLIDATED,2026-06-30,-34.59,2026-08-13T18:54:12+05:30,24,3,0.5,2026-09-30,2026-10-02T00:00:00+05:30
2354,Worth Peripherals Limited,WORTHPERI.NS,Unspecified,Scored,,0.6298243356361609,0.3701756643638391,964,INE196Y01018,CONSOLIDATED,2026-06-30,5.2557,2026-08-04T14:59:12+05:30,24,0,0.75,2026-09-30,2026-10-02T00:00:00+05:30
2263,Uniphos Enterprises Limited,UNIENTER.NS,Unspecified,Scored,,0.629797534800298,0.370202465199702,965,INE037A01022,STANDALONE,2026-06-30,-1.1897,2026-08-12T20:04:33+05:30,32,2,0.5,2026-09-30,2026-10-02T00:00:00+05:30
1285,Gokul Refoils and Solvent Limited,GOKUL.NS,Unspecified,Scored,,0.6290030980431813,0.37099690195681867,966,INE020J01029,CONSOLIDATED,2026-06-30,6.0834,2026-08-13T17:54:15+05:30,29,0,0.75,2026-09-30,2026-10-02T00:00:00+05:30
632,Lloyds Enterprises Ltd.,LLOYDSENT.NS,Metals & Mining,Scored,,0.6288348160927298,0.37116518390727016,967,INE080I01025,CONSOLIDATED,2026-06-30,109.98,2026-08-11T14:49:36+05:30,8,0,0.5,2026-09-30,2026-10-02T00:00:00+05:30
1713,Navkar Corporation Limited,NAVKARCORP.NS,Unspecified,Scored,,0.628644666857629,0.371355333142371,968,INE278M01019,STANDALONE,2026-06-30,12.2813,2026-07-17T17:37:13+05:30,30,0,0.75,2026-09-30,2026-10-02T00:00:00+05:30
1911,Reliance Chemotex Industries Limited,RELCHEMQ.NS,Unspecified,Scored,,0.6284312033413655,0.3715687966586345,969,INE750D01016,STANDALONE,2026-06-30,1.3665,2026-08-11T12:49:47+05:30,18,0,0.5,2026-09-30,2026-10-02T00:00:00+05:30
1009,Borosil Scientific Limited,BOROSCI.NS,Unspecified,Scored,,0.628313158437052,0.37168684156294796,970,INE02L001032,CONSOLIDATED,2026-06-30,4.3551,2026-08-03T19:38:07+05:30,9,0,0.75,2026-09-30,2026-10-02T00:00:00+05:30
751,Viyash Scientific Ltd.,VIYASH.NS,Healthcare,Scored,,0.627666848870057,0.37233315112994303,971,INE807F01027,CONSOLIDATED,2026-06-30,79.29,2026-08-11T17:56:20+05:30,30,0,1.0,2026-09-30,2026-10-02T00:00:00+05:30
1449,Jay Bharat Maruti Limited,JAYBARMARU.NS,Unspecified,Scored,,0.6275923616988649,0.3724076383011351,972,INE571B01036,CONSOLIDATED,2026-06-30,21.8466,2026-08-04T20:19:06+05:30,28,0,0.25,2026-09-30,2026-10-02T00:00:00+05:30
1202,Expleo Solutions Limited,EXPLEOSOL.NS,Unspecified,Scored,,0.6275424769846326,0.3724575230153674,973,INE201K01015,CONSOLIDATED,2026-06-30,34.18,2026-08-14T16:08:46+05:30,31,0,0.5,2026-09-30,2026-10-02T00:00:00+05:30
1461,JITF Infralogistics Limited,JITFINFRA.NS,Unspecified,Scored,,0.6273120709426113,0.3726879290573887,974,INE863T01013,CONSOLIDATED,2026-06-30,-2.0828,2026-08-12T16:55:54+05:30,27,0,0.5,2026-09-30,2026-10-02T00:00:00+05:30
1808,Paramount Communications Limited,PARACABLES.NS,Unspecified,Scored,,0.6272017933382674,0.3727982066617326,975,INE074B01023,CONSOLIDATED,2026-06-30,19.7,2026-08-14T20:26:15+05:30,29,0,0.25,2026-09-30,2026-10-02T00:00:00+05:30
864,Antelopus Selan Energy Limited,ANTELOPUS.NS,Unspecified,Scored,,0.6270792062131318,0.37292079378686815,976,INE818A01017,STANDALONE,2026-06-30,54.32,2026-07-27T18:49:27+05:30,32,0,1.0,2026-09-30,2026-10-02T00:00:00+05:30
22,HDFC AMC,HDFCAMC.NS,Financial Services,Scored,,0.6270700536888584,0.3729299463111416,977,INE127D01025,CONSOLIDATED,2026-06-30,837.13,2026-07-15T15:44:00+05:30,15,0,0.5,2026-09-30,2026-10-02T00:00:00+05:30
1434,Isgec Heavy Engineering Limited,ISGEC.NS,Unspecified,Scored,,0.6270072943324999,0.3729927056675001,978,INE858B01029,CONSOLIDATED,2026-06-30,17.5,2026-08-11T15:57:51+05:30,21,3,0.5,2026-09-30,2026-10-02T00:00:00+05:30
1925,Reliance Industrial Infrastructure Limited,RIIL.NS,Unspecified,Scored,,0.6269746432523096,0.37302535674769044,979,INE046A01015,CONSOLIDATED,2026-06-30,2.84,2026-07-15T19:25:15+05:30,27,0,0.25,2026-09-30,2026-10-02T00:00:00+05:30
1070,Country Condo's Limited,COUNCODOS.NS,Unspecified,Scored,,0.626324351611361,0.373675648388639,980,INE695B01025,STANDALONE,2026-06-30,0.1581,2026-08-13T18:33:16+05:30,32,0,0.5,2026-09-30,2026-10-02T00:00:00+05:30
194,I O C L,IOC.NS,Oil & Gas,Scored,,0.6262521556745467,0.37374784432545327,981,INE242A01010,CONSOLIDATED,2026-06-30,-1141.09,2026-07-31T18:43:09+05:30,32,0,0.75,2026-09-30,2026-10-02T00:00:00+05:30
1920,Renaissance Global Limited,RGL.NS,Unspecified,Scored,,0.6261011341151532,0.3738988658848468,982,INE722H01024,CONSOLIDATED,2026-06-30,25.645,2026-08-07T19:54:48+05:30,33,0,0.5,2026-09-30,2026-10-02T00:00:00+05:30
1338,HB Stockholdings Limited,HBSL.NS,Unspecified,Scored,,0.6259257719025498,0.37407422809745017,983,INE550B01022,CONSOLIDATED,2026-06-30,7.9495,2026-08-03T17:38:09+05:30,18,5,,2026-09-30,2026-10-02T00:00:00+05:30
82,Cochin Shipyard,COCHINSHIP.NS,Shipbuilding,Scored,,0.6253665552101167,0.37463344478988325,984,INE704P01025,CONSOLIDATED,2026-06-30,151.4536,2026-08-14T18:56:35+05:30,29,0,0.5,2026-09-30,2026-10-02T00:00:00+05:30
1466,Jocil Limited,JOCIL.NS,Unspecified,Scored,,0.6250471167797812,0.3749528832202188,985,INE839G01010,STANDALONE,2026-06-30,2.1745,2026-08-04T12:45:55+05:30,32,0,0.25,2026-09-30,2026-10-02T00:00:00+05:30
520,Alembic Pharmaceuticals Ltd.,APLLTD.NS,Healthcare,Scored,,0.6249827851511462,0.37501721484885375,986,INE901L01018,CONSOLIDATED,2026-06-30,172.36,2026-08-04T16:22:04+05:30,31,0,0.5,2026-09-30,2026-10-02T00:00:00+05:30
315,Delhivery Ltd.,DELHIVERY.NS,Services,Scored,,0.6249365150715049,0.37506348492849506,987,INE148O01028,CONSOLIDATED,2026-06-30,31.906,2026-08-08T18:14:12+05:30,18,0,0.5,2026-09-30,2026-10-02T00:00:00+05:30
133,Container Corpn.,CONCOR.NS,Logistics,Scored,,0.6247242646367195,0.3752757353632805,988,INE111A01025,CONSOLIDATED,2026-06-30,268.9,2026-07-24T19:09:15+05:30,29,0,0.5,2026-09-30,2026-10-02T00:00:00+05:30
572,Ethos Ltd.,ETHOSLTD.NS,Consumer Durables,Scored,,0.624688886323953,0.37531111367604697,989,INE04TZ01018,CONSOLIDATED,2026-06-30,28.6637,2026-08-03T15:40:08+05:30,14,0,0.75,2026-09-30,2026-10-02T00:00:00+05:30
116,Patanjali Foods,PATANJALI.NS,FMCG,Scored,,0.6246778277220061,0.3753221722779939,990,INE619A01035,CONSOLIDATED,2026-06-30,335.7339,2026-08-14T20:41:19+05:30,8,0,0.0,2026-09-30,2026-10-02T00:00:00+05:30
1634,Mazda Limited,MAZDA.NS,Unspecified,Scored,,0.6244497218613828,0.3755502781386172,991,INE885E01042,STANDALONE,2026-06-30,7.3343,2026-08-10T20:30:15+05:30,31,0,0.75,2026-09-30,2026-10-02T00:00:00+05:30
2842,Viviana Power Tech Limited,VIVIANA.NS,Unspecified,Scored,,0.6239728053253271,0.37602719467467294,992,INE0MEG01014,CONSOLIDATED,2026-06-30,6.0115,2026-08-04T20:37:11+05:30,2,5,,2026-09-30,2026-10-02T00:00:00+05:30
1082,Cyient DLM Limited,CYIENTDLM.NS,Unspecified,Scored,,0.6239603170785378,0.37603968292146217,993,INE055S01018,CONSOLIDATED,2026-06-30,16.285,2026-07-21T18:49:13+05:30,10,0,0.5,2026-09-30,2026-10-02T00:00:00+05:30
1497,Kellton Tech Solutions Limited,KELLTONTEC.NS,Unspecified,Scored,,0.6237734461499977,0.37622655385000225,994,INE164B01030,CONSOLIDATED,2026-06-30,22.3181,2026-07-23T21:24:14+05:30,31,0,0.75,2026-09-30,2026-10-02T00:00:00+05:30
57,Blue Star,BLUESTARCO.NS,Consumer Durables,Scored,,0.6237451623868868,0.3762548376131132,995,INE472A01039,CONSOLIDATED,2026-06-30,102.51,2026-08-06T19:46:07+05:30,33,0,0.25,2026-09-30,2026-10-02T00:00:00+05:30
2070,SIGMA ADVANCED SYSTEMS LIMITED,SIGMAADV.NS,Unspecified,Scored,,0.6235949809975906,0.3764050190024094,996,INE933B01012,CONSOLIDATED,2026-06-30,35.4116,2026-08-13T17:52:25+05:30,32,0,0.0,2026-09-30,2026-10-02T00:00:00+05:30
1418,Innova Captab Limited,INNOVACAP.NS,Unspecified,Scored,,0.6235020906296498,0.3764979093703502,997,INE0DUT01020,CONSOLIDATED,2026-06-30,44.126,2026-08-11T21:10:34+05:30,12,0,0.5,2026-09-30,2026-10-02T00:00:00+05:30
1513,Kirloskar Industries Limited,KIRLOSIND.NS,Unspecified,Scored,,0.6234718640371991,0.3765281359628009,998,INE250A01039,CONSOLIDATED,2026-06-30,78.75,2026-08-12T16:53:11+05:30,24,0,0.5,2026-09-30,2026-10-02T00:00:00+05:30
1693,Mukka Proteins Limited,MUKKA.NS,Unspecified,Scored,,0.6231599820924292,0.3768400179075708,999,INE0CG401037,CONSOLIDATED,2026-06-30,18.634,2026-08-12T17:50:12+05:30,10,0,0.5,2026-09-30,2026-10-02T00:00:00+05:30
208,SBI,SBIN.NS,Banks,Scored,,0.6231418806174114,0.3768581193825886,1000,INE062A01020,CONSOLIDATED,2026-06-30,24579.04,2026-08-07T15:47:09+05:30,28,0,0.5,2026-09-30,2026-10-02T00:00:00+05:30
374,Inox Wind Ltd.,INOXWIND.NS,Capital Goods,Scored,,0.6228306898359154,0.3771693101640846,1001,INE066P01011,CONSOLIDATED,2026-06-30,64.09,2026-08-07T20:43:11+05:30,30,3,1.0,2026-09-30,2026-10-02T00:00:00+05:30
1837,Plaza Wires Limited,PLAZACABLE.NS,Unspecified,Scored,,0.622757122660183,0.377242877339817,1002,INE0INJ01017,STANDALONE,2026-06-30,4.498,2026-08-13T17:07:10+05:30,13,0,0.75,2026-09-30,2026-10-02T00:00:00+05:30
875,Archies Limited,ARCHIES.NS,Unspecified,Scored,,0.6227495814413389,0.37725041855866115,1003,INE731A01020,STANDALONE,2026-06-30,-1.3825,2026-08-14T15:27:24+05:30,32,0,0.5,2026-09-30,2026-10-02T00:00:00+05:30
1731,NGL Fine-Chem Limited,NGLFINE.NS,Unspecified,Scored,,0.6226803646524708,0.3773196353475292,1004,INE887E01022,CONSOLIDATED,2026-06-30,18.3972,2026-08-12T19:14:04+05:30,14,0,0.75,2026-09-30,2026-10-02T00:00:00+05:30
1921,Rhetan TMT Limited,RHETAN.NS,Unspecified,Scored,,0.622272352795291,0.37772764720470897,1005,INE0KKN01029,STANDALONE,2026-06-30,3.1583,2026-08-12T18:04:15+05:30,4,3,0.6666666666666666,2026-09-30,2026-10-02T00:00:00+05:30
1031,CARYSIL LIMITED,CARYSIL.NS,Unspecified,Scored,,0.6221519083899023,0.3778480916100977,1006,INE482D01024,CONSOLIDATED,2026-06-30,32.05,2026-08-10T17:52:13+05:30,23,0,0.75,2026-09-30,2026-10-02T00:00:00+05:30
260,Apollo Tyres Ltd.,APOLLOTYRE.NS,Automobile and Auto Components,Scored,,0.6220903382411043,0.37790966175889573,1007,INE438A01022,CONSOLIDATED,2026-06-30,348.872,2026-08-06T18:27:12+05:30,30,0,0.75,2026-09-30,2026-10-02T00:00:00+05:30
866,Anuh Pharma Limited,ANUHPHR.NS,Unspecified,Scored,,0.6220680663791808,0.3779319336208192,1008,INE489G01022,STANDALONE,2026-06-30,11.4249,2026-08-07T18:22:45+05:30,6,0,0.0,2026-09-30,2026-10-02T00:00:00+05:30
823,Asian Hotels (West) Limited,AHLWEST.NS,Unspecified,Scored,,0.6219268301472284,0.3780731698527716,1009,INE915K01010,CONSOLIDATED,2026-06-30,14.2829,2026-09-01T14:33:06+05:30,23,0,0.5,2026-09-30,2026-10-02T00:00:00+05:30
361,Honeywell Automation India Ltd.,HONAUT.NS,Capital Goods,Scored,,0.6218946433817254,0.3781053566182746,1010,INE671A01010,STANDALONE,2026-06-30,150.7,2026-07-29T14:36:11+05:30,33,0,0.5,2026-09-30,2026-10-02T00:00:00+05:30
2284,Vardhman Acrylics Limited,VARDHACRLC.NS,Unspecified,Scored,,0.6214496333718981,0.37855036662810193,1011,INE116G01013,STANDALONE,2026-06-30,16.22,2026-07-28T15:13:47+05:30,33,0,1.0,2026-09-30,2026-10-02T00:00:00+05:30
2304,Viji Finance Limited,VIJIFIN.NS,Unspecified,Scored,,0.6210918210661014,0.3789081789338986,1012,INE159N01027,STANDALONE,2026-06-30,1.1371,2026-07-14T20:39:02+05:30,11,3,1.0,2026-09-30,2026-10-02T00:00:00+05:30
474,TBO Tek Ltd.,TBOTEK.NS,Consumer Services,Scored,,0.6209279206923292,0.37907207930767084,1013,INE673O01025,CONSOLIDATED,2026-06-30,83.358,2026-07-29T19:15:45+05:30,10,0,0.75,2026-09-30,2026-10-02T00:00:00+05:30
1576,LMW Limited,LMW.NS,Unspecified,Scored,,0.6208589472388901,0.3791410527611099,1014,INE269B01029,CONSOLIDATED,2026-06-30,55.52,2026-07-24T14:00:18+05:30,28,0,0.5,2026-09-30,2026-10-02T00:00:00+05:30
1832,Pitti Engineering Limited,PITTIENG.NS,Unspecified,Scored,,0.620785660088211,0.379214339911789,1015,INE450D01021,CONSOLIDATED,2026-06-30,29.5019,2026-08-10T19:43:24+05:30,22,0,0.5,2026-09-30,2026-10-02T00:00:00+05:30
484,Tenneco Clean Air India Ltd.,TENNIND.NS,Automobile and Auto Components,Scored,,0.620705967185702,0.37929403281429797,1016,INE19RI01016,CONSOLIDATED,2026-06-30,165.236,2026-08-05T22:27:02+05:30,4,3,0.3333333333333333,2026-09-30,2026-10-02T00:00:00+05:30
1137,Dodla Dairy Limited,DODLA.NS,Unspecified,Scored,,0.6206122698437757,0.3793877301562243,1017,INE021O01019,CONSOLIDATED,2026-06-30,40.64,2026-07-25T11:12:03+05:30,21,0,0.5,2026-09-30,2026-10-02T00:00:00+05:30
265,Atul Ltd.,ATUL.NS,Chemicals,Scored,,0.620411743787787,0.37958825621221304,1018,INE100A01010,CONSOLIDATED,2026-06-30,253.93,2026-07-25T12:24:02+05:30,21,3,0.5,2026-09-30,2026-10-02T00:00:00+05:30
51,Bajaj Auto,BAJAJ-AUTO.NS,Automobile,Scored,,0.6204094562257584,0.3795905437742416,1019,INE917I01010,CONSOLIDATED,2026-06-30,3188.75,2026-07-21T17:52:05+05:30,32,0,0.5,2026-09-30,2026-10-02T00:00:00+05:30
1710,Natural Capsules Limited,NATCAPSUQ.NS,Unspecified,Scored,,0.6203773119121645,0.3796226880878355,1020,INE936B01015,CONSOLIDATED,2026-06-30,-5.7438,2026-08-12T19:00:29+05:30,6,0,0.25,2026-09-30,2026-10-02T00:00:00+05:30
76,Maruti Suzuki,MARUTI.NS,Automobile,Scored,,0.6203309865259388,0.37966901347406123,1021,INE585B01010,CONSOLIDATED,2026-06-30,3446.9,2026-07-31T18:27:07+05:30,26,0,0.25,2026-09-30,2026-10-02T00:00:00+05:30
1881,Quick Heal Technologies Limited,QUICKHEAL.NS,Unspecified,Scored,,0.619979968460191,0.380020031539809,1022,INE306L01010,CONSOLIDATED,2026-06-30,-5.28,2026-07-30T21:55:03+05:30,28,0,0.5,2026-09-30,2026-10-02T00:00:00+05:30
1980,Salzer Electronics Limited,SALZERELEC.NS,Unspecified,Scored,,0.6198813554981867,0.3801186445018133,1023,INE457F01013,CONSOLIDATED,2026-06-30,8.3256,2026-08-08T19:18:08+05:30,24,0,0.0,2026-09-30,2026-10-02T00:00:00+05:30
305,Craftsman Automation Ltd.,CRAFTSMAN.NS,Automobile and Auto Components,Scored,,0.6197326139061512,0.3802673860938488,1024,INE00LO01017,CONSOLIDATED,2026-06-30,150.55,2026-07-29T18:11:10+05:30,21,0,1.0,2026-09-30,2026-10-02T00:00:00+05:30
266,BEML Ltd.,BEML.NS,Capital Goods,Scored,,0.6195661689938885,0.3804338310061115,1025,INE258A01024,CONSOLIDATED,2026-06-30,-27.0125,2026-08-07T13:34:04+05:30,25,3,0.5,2026-09-30,2026-10-02T00:00:00+05:30
1366,HMT Limited,HMT.NS,Unspecified,Scored,,0.6195612999910082,0.3804387000089918,1026,INE262A01018,CONSOLIDATED,2026-06-30,-29.2108,2026-08-14T19:42:32+05:30,28,0,0.5,2026-09-30,2026-10-02T00:00:00+05:30
21,Mazagon Dock,MAZDOCK.NS,Shipbuilding,Scored,,0.6191822917049257,0.38081770829507433,1027,INE249Z01020,CONSOLIDATED,2026-06-30,550.46,2026-07-30T19:09:14+05:30,23,3,1.0,2026-09-30,2026-10-02T00:00:00+05:30
1864,Prime Securities Limited,PRIMESECU.NS,Unspecified,Scored,,0.6188282040117701,0.3811717959882299,1028,INE032B01021,CONSOLIDATED,2026-06-30,2.01,2026-07-23T20:10:13+05:30,22,4,1.0,2026-09-30,2026-10-02T00:00:00+05:30
233,Swiggy,SWIGGY.NS,Services,Scored,,0.6186853120351716,0.38131468796482837,1029,INE00H001014,CONSOLIDATED,2026-06-30,-791.0,2026-07-30T17:03:49+05:30,8,0,1.0,2026-09-30,2026-10-02T00:00:00+05:30
1827,Power & Instrumentation (Gujarat) Limited,PIGL.NS,Unspecified,Scored,,0.6185385880484631,0.38146141195153693,1030,INE557Z01018,CONSOLIDATED,2026-06-30,3.0451,2026-08-14T19:04:18+05:30,13,3,0.5,2026-09-30,2026-10-02T00:00:00+05:30
1144,D P Wires Limited,DPWIRES.NS,Unspecified,Scored,,0.6182345728743948,0.38176542712560524,1031,INE864X01013,STANDALONE,2026-06-30,4.743,2026-08-14T17:52:46+05:30,24,0,0.5,2026-09-30,2026-10-02T00:00:00+05:30
1545,Kshitij Polyline Limited,KSHITIJPOL.NS,Unspecified,Scored,,0.6180253051545245,0.3819746948454755,1032,INE013801027,CONSOLIDATED,2026-06-30,0.4694,2026-08-13T19:28:50+05:30,11,4,1.0,2026-09-30,2026-10-02T00:00:00+05:30
1926,Rishabh Instruments Limited,RISHABH.NS,Unspecified,Scored,,0.6177653128179501,0.3822346871820499,1033,INE0N2P01017,CONSOLIDATED,2026-06-30,19.364,2026-08-14T17:06:36+05:30,12,0,0.0,2026-09-30,2026-10-02T00:00:00+05:30
2009,Sheetal Cool Products Limited,SCPL.NS,Unspecified,Scored,,0.6175940002616623,0.38240599973833767,1034,INE501Y01019,STANDALONE,2026-06-30,6.9894,2026-08-13T22:31:17+05:30,14,0,0.5,2026-09-30,2026-10-02T00:00:00+05:30
1899,Rama Steel Tubes Limited,RAMASTEEL.NS,Unspecified,Scored,,0.6174802811121851,0.3825197188878149,1035,INE230R01035,CONSOLIDATED,2026-06-30,5.445,2026-08-14T18:08:13+05:30,26,5,,2026-09-30,2026-10-02T00:00:00+05:30
273,Bikaji Foods International Ltd.,BIKAJI.NS,Fast Moving Consumer Goods,Scored,,0.6171783070331593,0.38282169296684065,1036,INE00E101023,CONSOLIDATED,2026-06-30,59.474,2026-08-05T20:31:11+05:30,16,0,0.5,2026-09-30,2026-10-02T00:00:00+05:30
25,Nippon Life Ind.,NAM-INDIA.NS,Financial Services,Scored,,0.6168056408160764,0.38319435918392364,1037,INE298J01013,CONSOLIDATED,2026-06-30,503.7,2026-07-22T18:56:08+05:30,30,0,0.5,2026-09-30,2026-10-02T00:00:00+05:30
1988,Sangam (India) Limited,SANGAMIND.NS,Unspecified,Scored,,0.6167500903790917,0.3832499096209083,1038,INE495C01010,CONSOLIDATED,2026-06-30,41.02,2026-07-18T18:04:13+05:30,26,0,1.0,2026-09-30,2026-10-02T00:00:00+05:30
2231,Tracxn Technologies Limited,TRACXN.NS,Unspecified,Scored,,0.6166449952726142,0.3833550047273858,1039,INE0HMF01019,STANDALONE,2026-06-30,-3.01,2026-08-05T18:40:48+05:30,16,0,0.25,2026-09-30,2026-10-02T00:00:00+05:30
1817,Patel Integrated Logistics Limited,PATINTLOG.NS,Unspecified,Scored,,0.6165051657158431,0.38349483428415687,1040,INE529D01014,CONSOLIDATED,2026-06-30,2.5194,2026-08-03T17:07:17+05:30,3,3,0.5,2026-09-30,2026-10-02T00:00:00+05:30
802,Adroit Infotech Limited,ADROITINFO.NS,Unspecified,Scored,,0.6162886380225853,0.38371136197741473,1041,INE737B01033,CONSOLIDATED,2026-06-30,0.6284,2026-08-04T18:50:11+05:30,30,3,0.5,2026-09-30,2026-10-02T00:00:00+05:30
1344,HeidelbergCement India Limited,HEIDELBERG.NS,Unspecified,Scored,,0.6161322562753674,0.3838677437246326,1042,INE578A01017,STANDALONE,2026-06-30,30.55,2026-07-29T15:35:15+05:30,30,0,0.25,2026-09-30,2026-10-02T00:00:00+05:30
55,Torrent Pharma.,TORNTPHARM.NS,Pharmaceuticals,Scored,,0.6160977863521664,0.3839022136478336,1043,INE685A01028,CONSOLIDATED,2026-06-30,566.0,2026-07-30T17:35:10+05:30,32,0,0.75,2026-09-30,2026-10-02T00:00:00+05:30
970,BF Utilities Limited,BFUTILITIE.NS,Unspecified,Scored,,0.6160544505229062,0.3839455494770938,1044,INE243D01012,STANDALONE,2026-06-30,-5.0298,2026-08-14T14:26:11+05:30,7,4,0.0,2026-09-30,2026-10-02T00:00:00+05:30
615,Jeena Sikho Lifecare Ltd.,JSLL.NS,Consumer Services,Scored,,0.615982692714787,0.384017307285213,1045,INE0J5801029,CONSOLIDATED,2026-06-30,65.8901,2026-08-07T20:03:42+05:30,5,0,0.75,2026-09-30,2026-10-02T00:00:00+05:30
1663,M K Proteins Limited,MKPL.NS,Unspecified,Scored,,0.6156296347509749,0.3843703652490251,1046,INE964W01021,STANDALONE,2026-06-30,1.3824,2026-08-13T16:57:14+05:30,13,0,0.5,2026-09-30,2026-10-02T00:00:00+05:30
758,Westlife Foodworld Ltd.,WESTLIFE.NS,Consumer Services,Scored,,0.6155410116526466,0.38445898834735337,1047,INE274F01020,CONSOLIDATED,2026-06-30,0.5868,2026-07-30T16:49:14+05:30,13,0,0.5,2026-09-30,2026-10-02T00:00:00+05:30
395,Kajaria Ceramics Ltd.,KAJARIACER.NS,Consumer Durables,Scored,,0.6154997821942843,0.38450021780571575,1048,INE217B01036,CONSOLIDATED,2026-06-30,171.03,2026-07-31T17:17:06+05:30,30,0,0.75,2026-09-30,2026-10-02T00:00:00+05:30
2189,Tribhovandas Bhimji Zaveri Limited,TBZ.NS,Unspecified,Scored,,0.6154226712497075,0.3845773287502925,1049,INE760L01018,CONSOLIDATED,2026-06-30,33.9157,2026-08-11T18:46:00+05:30,28,0,0.0,2026-09-30,2026-10-02T00:00:00+05:30
783,Aarey Drugs & Pharmaceuticals Limited,AAREYDRUGS.NS,Unspecified,Scored,,0.6153284156482383,0.38467158435176174,1050,INE198H01019,STANDALONE,2026-06-30,1.0237,2026-08-14T20:43:20+05:30,13,4,0.0,2026-09-30,2026-10-02T00:00:00+05:30
1471,Juniper Hotels Limited,JUNIPER.NS,Unspecified,Scored,,0.6151570133106428,0.38484298668935724,1051,INE696F01016,CONSOLIDATED,2026-06-30,33.2596,2026-08-13T15:04:12+05:30,11,0,0.5,2026-09-30,2026-10-02T00:00:00+05:30
1848,PPAP Automotive Limited,PPAP.NS,Unspecified,Scored,,0.6150325433691832,0.3849674566308168,1052,INE095I01015,CONSOLIDATED,2026-06-30,0.8655,2026-08-07T16:47:14+05:30,29,0,0.75,2026-09-30,2026-10-02T00:00:00+05:30
1916,Rudrabhishek Enterprises Limited,REPL.NS,Unspecified,Scored,,0.6149505881947245,0.3850494118052755,1053,INE364Z01019,CONSOLIDATED,2026-06-30,0.5342,2026-08-14T17:03:50+05:30,21,5,,2026-09-30,2026-10-02T00:00:00+05:30
2003,Shivalik Bimetal Controls Limited,SBCL.NS,Unspecified,Scored,,0.6149228962497583,0.38507710375024173,1054,INE386D01027,CONSOLIDATED,2026-06-30,33.0068,2026-08-06T18:37:17+05:30,22,0,0.75,2026-09-30,2026-10-02T00:00:00+05:30
417,NCC Ltd.,NCC.NS,Construction,Scored,,0.6148923989770647,0.3851076010229353,1055,INE868B01028,CONSOLIDATED,2026-06-30,228.9,2026-08-06T18:34:15+05:30,31,0,0.5,2026-09-30,2026-10-02T00:00:00+05:30
1555,Lambodhara Textiles Limited,LAMBODHARA.NS,Unspecified,Scored,,0.6148881918676834,0.3851118081323166,1056,INE112F01022,STANDALONE,2026-06-30,3.571,2026-08-08T17:20:06+05:30,33,0,0.75,2026-09-30,2026-10-02T00:00:00+05:30
1159,Eastern Silk Industries Limited,EASTSILK.NS,Unspecified,Scored,,0.6146763800580088,0.38532361994199116,1057,INE962C01035,STANDALONE,2026-06-30,-0.8002,2026-08-07T16:16:03+05:30,30,3,0.5,2026-09-30,2026-10-02T00:00:00+05:30
1195,Euro Pratik Sales Limited,EUROPRATIK.NS,Unspecified,Scored,,0.614674818454503,0.385325181545497,1058,INE198501012,CONSOLIDATED,2026-06-30,20.0486,2026-08-10T19:59:51+05:30,4,0,0.0,2026-09-30,2026-10-02T00:00:00+05:30
387,Jindal Saw Ltd.,JINDALSAW.NS,Capital Goods,Scored,,0.6145441290179822,0.38545587098201783,1059,INE324A01032,CONSOLIDATED,2026-06-30,90.79,2026-07-14T15:37:11+05:30,24,0,0.25,2026-09-30,2026-10-02T00:00:00+05:30
1262,Globe International Carriers Limited,GICL.NS,Unspecified,Scored,,0.6144515044639263,0.38554849553607373,1060,INE947T01022,CONSOLIDATED,2026-06-30,1.6239,2026-08-14T18:44:26+05:30,3,5,,2026-09-30,2026-10-02T00:00:00+05:30
342,Gland Pharma Ltd.,GLAND.NS,Healthcare,Scored,,0.6142533262428209,0.3857466737571791,1061,INE068V01023,CONSOLIDATED,2026-06-30,316.959,2026-08-10T17:16:06+05:30,21,0,0.5,2026-09-30,2026-10-02T00:00:00+05:30
1781,Orchid Pharma Limited,ORCHPHARMA.NS,Unspecified,Scored,,0.6141154429292593,0.38588455707074065,1062,INE191A01027,CONSOLIDATED,2026-06-30,3.2244,2026-08-14T20:16:14+05:30,22,0,0.5,2026-09-30,2026-10-02T00:00:00+05:30
1445,Nandani Creation Limited,JAIPURKURT.NS,Unspecified,Scored,,0.6138928640697134,0.38610713593028656,1063,INE696V01013,CONSOLIDATED,2026-06-30,0.6757,2026-08-11T10:12:57+05:30,20,0,0.25,2026-09-30,2026-10-02T00:00:00+05:30
1024,Camlin Fine Sciences Limited,CAMLINFINE.NS,Unspecified,Scored,,0.6138736585241303,0.38612634147586966,1064,INE052I01032,CONSOLIDATED,2026-06-30,-33.622,2026-08-11T18:27:08+05:30,29,3,0.0,2026-09-30,2026-10-02T00:00:00+05:30
1639,Madhav Copper Limited,MCL.NS,Unspecified,Scored,,0.6137551485108296,0.3862448514891704,1065,INE813V01022,STANDALONE,2026-06-30,1.046,2026-08-12T18:02:33+05:30,19,5,,2026-09-30,2026-10-02T00:00:00+05:30
337,Force Motors Ltd.,FORCEMOT.NS,Automobile and Auto Components,Scored,,0.6137390387929682,0.3862609612070318,1066,INE451A01017,CONSOLIDATED,2026-06-30,216.59,2026-07-29T20:10:31+05:30,10,0,0.5,2026-09-30,2026-10-02T00:00:00+05:30
1658,Mindteck (India) Limited,MINDTECK.NS,Unspecified,Scored,,0.6134927114715488,0.3865072885284512,1067,INE110B01017,CONSOLIDATED,2026-06-30,8.36,2026-08-12T12:59:06+05:30,33,0,0.25,2026-09-30,2026-10-02T00:00:00+05:30
1052,Clean Max Enviro Energy Solutions Limited,CLEANMAX.NS,Unspecified,Scored,,0.6134816002615829,0.38651839973841706,1068,INE647U01026,CONSOLIDATED,2026-06-30,55.174,2026-07-31T21:00:16+05:30,3,3,1.0,2026-09-30,2026-10-02T00:00:00+05:30
1256,Genus Paper & Boards Limited,GENUSPAPER.NS,Unspecified,Scored,,0.6134237691659027,0.3865762308340973,1069,INE949P01018,STANDALONE,2026-06-30,3.5237,2026-08-11T16:34:13+05:30,9,4,0.0,2026-09-30,2026-10-02T00:00:00+05:30
999,Bluspring Enterprises Limited,BLUSPRING.NS,Unspecified,Scored,,0.6133343709036411,0.38666562909635893,1070,INE0U4101014,CONSOLIDATED,2026-06-30,-1.581,2026-07-31T21:14:16+05:30,6,0,0.5,2026-09-30,2026-10-02T00:00:00+05:30
1615,Mangalam Cement Limited,MANGLMCEM.NS,Unspecified,Scored,,0.612843772062566,0.387156227937434,1071,INE347A01017,STANDALONE,2026-06-30,18.0711,2026-08-08T17:25:06+05:30,32,0,0.25,2026-09-30,2026-10-02T00:00:00+05:30
1974,Sakthi Sugars Limited,SAKHTISUG.NS,Unspecified,Scored,,0.612700741837113,0.387299258162887,1072,INE623A01011,STANDALONE,2026-06-30,-1.8295,2026-08-13T14:33:04+05:30,32,0,0.25,2026-09-30,2026-10-02T00:00:00+05:30
1825,PTC India Financial Services Limited,PFS.NS,Unspecified,Scored,,0.6126618850080001,0.3873381149919999,1073,INE560K01014,CONSOLIDATED,2026-06-30,40.24,2026-07-28T19:29:27+05:30,27,0,0.0,2026-09-30,2026-10-02T00:00:00+05:30
147,O N G C,ONGC.NS,Oil & Gas,Scored,,0.612369025891796,0.387630974108204,1074,INE213A01029,CONSOLIDATED,2026-06-30,6554.44,2026-08-04T20:19:05+05:30,24,0,0.5,2026-09-30,2026-10-02T00:00:00+05:30
1494,KDDL Limited,KDDL.NS,Unspecified,Scored,,0.612224029385013,0.38777597061498703,1075,INE291D01011,CONSOLIDATED,2026-06-30,44.75,2026-08-04T21:25:15+05:30,30,0,0.5,2026-09-30,2026-10-02T00:00:00+05:30
744,V2 Retail Ltd.,V2RETAIL.NS,Consumer Services,Scored,,0.6121883118758592,0.3878116881241408,1076,INE945H01021,CONSOLIDATED,2026-06-30,41.8516,2026-08-13T15:33:06+05:30,24,5,,2026-09-30,2026-10-02T00:00:00+05:30
1699,Muthoot Microfin Limited,MUTHOOTMF.NS,Unspecified,Scored,,0.6119510456984869,0.3880489543015131,1077,INE046W01019,STANDALONE,2026-06-30,81.338,2026-08-06T19:03:11+05:30,10,0,1.0,2026-09-30,2026-10-02T00:00:00+05:30
545,Blackbuck Ltd.,BLACKBUCK.NS,Services,Scored,,0.6119288157941405,0.3880711842058595,1078,INE0UIZ01018,CONSOLIDATED,2026-06-30,42.167,2026-07-29T18:01:11+05:30,8,0,0.5,2026-09-30,2026-10-02T00:00:00+05:30
339,Gallantt Ispat Ltd.,GALLANTT.NS,Capital Goods,Scored,,0.6116617905161693,0.3883382094838307,1079,INE297H01019,CONSOLIDATED,2026-06-30,123.6674,2026-07-27T18:49:38+05:30,26,0,0.5,2026-09-30,2026-10-02T00:00:00+05:30
1206,Faze Three Limited,FAZE3Q.NS,Unspecified,Scored,,0.6116241964602268,0.3883758035397732,1080,INE963C01033,CONSOLIDATED,2026-06-30,9.64,2026-08-11T19:36:08+05:30,15,0,0.5,2026-09-30,2026-10-02T00:00:00+05:30
2002,SBC Exports Limited,SBC.NS,Unspecified,Scored,,0.6114165011497178,0.3885834988502822,1081,INE04AK01028,CONSOLIDATED,2026-06-30,9.6044,2026-08-12T18:26:14+05:30,13,5,,2026-09-30,2026-10-02T00:00:00+05:30
780,A2Z Infra Engineering Limited,A2ZINFRA.NS,Unspecified,Scored,,0.6113617732276324,0.3886382267723676,1082,INE619I01012,CONSOLIDATED,2026-06-30,-0.0263,2026-08-12T19:26:10+05:30,28,0,0.5,2026-09-30,2026-10-02T00:00:00+05:30
1772,OM INFRA LIMITED,OMINFRAL.NS,Unspecified,Scored,,0.6113073268042215,0.3886926731957785,1083,INE239D01028,CONSOLIDATED,2026-06-30,11.4536,2026-08-11T17:45:17+05:30,28,0,0.75,2026-09-30,2026-10-02T00:00:00+05:30
1569,LG Balakrishnan & Bros Limited,LGBBROSLTD.NS,Unspecified,Scored,,0.6111010341701,0.3888989658299,1084,INE337A01034,CONSOLIDATED,2026-06-30,67.014,2026-07-31T19:43:11+05:30,29,0,0.25,2026-09-30,2026-10-02T00:00:00+05:30
146,360 ONE,360ONE.NS,Financial Services,Scored,,0.6110416768094888,0.38895832319051116,1085,INE466L01038,CONSOLIDATED,2026-06-30,330.53,2026-07-16T15:59:38+05:30,21,4,1.0,2026-09-30,2026-10-02T00:00:00+05:30
2361,Xtglobal Infotech Limited,XTGLOBAL.NS,Unspecified,Scored,,0.6109079173463263,0.3890920826536737,1086,INE547B01028,CONSOLIDATED,2026-06-30,3.8943,2026-08-13T15:40:09+05:30,8,0,0.75,2026-09-30,2026-10-02T00:00:00+05:30
2044,Shilchar Technologies Limited,SHILCTECH.NS,Unspecified,Scored,,0.6107309321884541,0.3892690678115459,1087,INE024F01011,STANDALONE,2026-06-30,20.8648,2026-08-11T17:18:05+05:30,3,3,0.0,2026-09-30,2026-10-02T00:00:00+05:30
2274,Urja Global Limited,URJA.NS,Unspecified,Scored,,0.6107212395388152,0.3892787604611848,1088,INE550C01020,CONSOLIDATED,2026-06-30,0.4317,2026-08-05T17:09:11+05:30,20,5,,2026-09-30,2026-10-02T00:00:00+05:30
1394,Insolation Energy Limited,INA.NS,Unspecified,Scored,,0.610581196962182,0.38941880303781795,1089,INE0LGX01024,CONSOLIDATED,2026-06-30,38.0246,2026-08-12T19:27:10+05:30,2,4,0.0,2026-09-30,2026-10-02T00:00:00+05:30
1999,Satin Creditcare Network Limited,SATIN.NS,Unspecified,Scored,,0.6103977128424525,0.3896022871575475,1090,INE836B01017,CONSOLIDATED,2026-06-30,122.6456,2026-07-30T18:20:56+05:30,25,3,1.0,2026-09-30,2026-10-02T00:00:00+05:30
120,Max Healthcare,MAXHEALTH.NS,Healthcare,Scored,,0.6103856811408886,0.38961431885911135,1091,INE027H01010,CONSOLIDATED,2026-06-30,322.96,2026-08-13T15:41:55+05:30,24,0,0.5,2026-09-30,2026-10-02T00:00:00+05:30
1689,Mahanagar Telephone Nigam Limited,MTNL.NS,Unspecified,Scored,,0.6102898190173086,0.3897101809826914,1092,INE153A01019,CONSOLIDATED,2026-06-30,-842.35,2026-08-12T21:22:12+05:30,25,5,,2026-09-30,2026-10-02T00:00:00+05:30
2148,Sundaram Brake Linings Limited,SUNDRMBRAK.NS,Unspecified,Scored,,0.610082941426801,0.389917058573199,1093,INE073D01013,STANDALONE,2026-06-30,0.4821,2026-08-08T16:35:07+05:30,31,0,0.5,2026-09-30,2026-10-02T00:00:00+05:30
2143,Sumeet Industries Limited,SUMEETINDS.NS,Unspecified,Scored,,0.6097816258022617,0.3902183741977383,1094,INE235C01036,CONSOLIDATED,2026-06-30,1.1423,2026-08-05T17:26:14+05:30,29,3,0.5,2026-09-30,2026-10-02T00:00:00+05:30
1426,Inventure Growth & Securities Limited,INVENTURE.NS,Unspecified,Scored,,0.6091509961450909,0.39084900385490906,1095,INE878H01024,CONSOLIDATED,2026-06-30,4.613,2026-08-03T20:11:16+05:30,14,5,,2026-09-30,2026-10-02T00:00:00+05:30
1564,Laxmi India Finance Limited,LAXMIINDIA.NS,Unspecified,Scored,,0.609137212963398,0.39086278703660204,1096,INE06WU01026,STANDALONE,2026-06-30,16.5725,2026-08-12T21:41:19+05:30,5,0,0.5,2026-09-30,2026-10-02T00:00:00+05:30
199,GMR Airports,GMRAIRPORT.NS,Infrastructure,Scored,,0.6091008816927231,0.39089911830727686,1097,INE776C01039,CONSOLIDATED,2026-06-30,147.96,2026-08-12T20:24:32+05:30,26,0,0.75,2026-09-30,2026-10-02T00:00:00+05:30
1720,NDL Ventures Limited,NDLVENTURE.NS,Unspecified,Scored,,0.6086515130142325,0.3913484869857675,1098,INE353A01023,STANDALONE,2026-06-30,0.0888,2026-08-10T18:27:12+05:30,14,7,,2026-09-30,2026-10-02T00:00:00+05:30
1878,Popular Vehicles and Services Limited,PVSL.NS,Unspecified,Scored,,0.6086036801481035,0.3913963198518965,1099,INE772T01024,CONSOLIDATED,2026-06-30,1.366,2026-08-11T18:38:11+05:30,11,0,0.75,2026-09-30,2026-10-02T00:00:00+05:30
1413,Ind-Swift Laboratories Limited,INDSWFTLAB.NS,Unspecified,Scored,,0.6085835694434273,0.3914164305565727,1100,INE915B01019,CONSOLIDATED,2026-06-30,24.6841,2026-08-10T19:52:16+05:30,20,4,0.0,2026-09-30,2026-10-02T00:00:00+05:30
553,Capillary Technologies India Ltd.,CAPILLARY.NS,Information Technology,Scored,,0.6082980780368206,0.39170192196317943,1101,INE0ILV01024,CONSOLIDATED,2026-06-30,-9.553,2026-08-04T17:18:06+05:30,3,3,0.5,2026-09-30,2026-10-02T00:00:00+05:30
1238,Ganesh Consumer Products Limited,GANESHCP.NS,Unspecified,Scored,,0.6082368358020043,0.39176316419799573,1102,INE652V01016,STANDALONE,2026-06-30,12.5189,2026-08-04T19:35:07+05:30,5,0,0.75,2026-09-30,2026-10-02T00:00:00+05:30
672,Quality Power Electrical Equipments Ltd.,QPOWER.NS,Capital Goods,Scored,,0.6081931900977463,0.3918068099022537,1103,INE0SII01026,CONSOLIDATED,2026-06-30,46.724,2026-08-09T13:06:06+05:30,7,0,0.25,2026-09-30,2026-10-02T00:00:00+05:30
1166,Everest Kanto Cylinder Limited,EKC.NS,Unspecified,Scored,,0.6077934832834841,0.39220651671651585,1104,INE184H01027,CONSOLIDATED,2026-06-30,30.16,2026-08-13T18:06:23+05:30,33,0,0.5,2026-09-30,2026-10-02T00:00:00+05:30
476,Tata Elxsi Ltd.,TATAELXSI.NS,Information Technology,Scored,,0.6076332768332214,0.39236672316677856,1105,INE670A01012,STANDALONE,2026-06-30,170.5987,2026-07-14T20:50:51+05:30,31,0,0.5,2026-09-30,2026-10-02T00:00:00+05:30
2169,Shree Vasu Logistics Limited,SVLL.NS,Unspecified,Scored,,0.6075158150119847,0.3924841849880153,1106,INE00CE01017,CONSOLIDATED,2026-06-30,3.2493,2026-08-08T23:00:26+05:30,4,3,0.3333333333333333,2026-09-30,2026-10-02T00:00:00+05:30
2026,SG Finserve Limited,SGFIN.NS,Unspecified,Scored,,0.607195658218028,0.392804341781972,1107,INE618R01015,STANDALONE,2026-06-30,53.6776,2026-07-14T16:49:22+05:30,4,3,1.0,2026-09-30,2026-10-02T00:00:00+05:30
2273,Uravi Defence and Technology Limited,URAVIDEF.NS,Unspecified,Scored,,0.6071640586421835,0.3928359413578165,1108,INE568Z01015,CONSOLIDATED,2026-06-30,0.7049,2026-08-14T00:01:15+05:30,7,0,0.0,2026-09-30,2026-10-02T00:00:00+05:30
443,R R Kabel Ltd.,RRKABEL.NS,Capital Goods,Scored,,0.6069936276075014,0.3930063723924986,1109,INE777K01022,CONSOLIDATED,2026-06-30,205.2,2026-07-27T17:16:54+05:30,12,0,1.0,2026-09-30,2026-10-02T00:00:00+05:30
1078,Cubex Tubings Limited,CUBEXTUB.NS,Unspecified,Scored,,0.6069770057400962,0.39302299425990384,1110,INE144D01012,STANDALONE,2026-06-30,1.3181,2026-08-14T16:50:09+05:30,31,0,0.5,2026-09-30,2026-10-02T00:00:00+05:30
2146,Sundaram Clayton Limited,SUNCLAY.NS,Unspecified,Scored,,0.6068066740584557,0.3931933259415443,1111,INE0Q3R01026,CONSOLIDATED,2026-06-30,-59.33,2026-07-28T19:05:57+05:30,10,0,0.5,2026-09-30,2026-10-02T00:00:00+05:30
1600,Mahindra Lifespace Developers Limited,MAHLIFE.NS,Unspecified,Scored,,0.6067360351973214,0.39326396480267856,1112,INE813A01018,CONSOLIDATED,2026-06-30,85.55,2026-07-23T19:09:55+05:30,31,0,0.25,2026-09-30,2026-10-02T00:00:00+05:30
1840,Pritish Nandy Communications Limited,PNC.NS,Unspecified,Scored,,0.6066395233739073,0.39336047662609275,1113,INE392B01011,CONSOLIDATED,2026-06-30,-0.7711,2026-08-03T18:12:16+05:30,27,0,0.5,2026-09-30,2026-10-02T00:00:00+05:30
466,Sonata Software Ltd.,SONATSOFTW.NS,Information Technology,Scored,,0.6059521192183505,0.39404788078164954,1114,INE269A01021,CONSOLIDATED,2026-06-30,108.11,2026-08-06T21:39:10+05:30,32,0,0.5,2026-09-30,2026-10-02T00:00:00+05:30
1570,Laxmi Goldorna House Limited,LGHL.NS,Unspecified,Scored,,0.6059149925301291,0.39408500746987085,1115,INE258Y01016,STANDALONE,2026-06-30,1.1666,2026-08-14T19:01:45+05:30,8,6,0.0,2026-09-30,2026-10-02T00:00:00+05:30
2213,Tiger Logistics (India) Limited,TIGERLOGS.NS,Unspecified,Scored,,0.6058983486002905,0.39410165139970954,1116,INE906O01029,STANDALONE,2026-06-30,2.1699,2026-08-12T19:15:11+05:30,3,3,0.0,2026-09-30,2026-10-02T00:00:00+05:30
2332,VST Industries Limited,VSTIND.NS,Unspecified,Scored,,0.6058410216010595,0.39415897839894054,1117,INE710A01016,STANDALONE,2026-06-30,42.42,2026-07-28T17:37:11+05:30,32,0,0.5,2026-09-30,2026-10-02T00:00:00+05:30
1528,Kotyark Industries Limited,KOTYARK.NS,Unspecified,Scored,,0.6058392744482259,0.39416072555177406,1118,INE0J0B01017,CONSOLIDATED,2026-06-30,4.4619,2026-09-07T17:41:42+05:30,2,4,0.0,2026-09-30,2026-10-02T00:00:00+05:30
252,Ajanta Pharmaceuticals Ltd.,AJANTPHARM.NS,Healthcare,Scored,,0.6057187938552935,0.3942812061447065,1119,INE031B01049,CONSOLIDATED,2026-06-30,334.22,2026-07-30T15:52:01+05:30,32,0,0.75,2026-09-30,2026-10-02T00:00:00+05:30
1912,Reliable Data Services Limited,RELIABLE.NS,Unspecified,Scored,,0.6054232719852268,0.39457672801477317,1120,INE375Y01018,CONSOLIDATED,2026-06-30,2.3902,2026-08-14T16:32:57+05:30,4,4,1.0,2026-09-30,2026-10-02T00:00:00+05:30
1948,Rashi Peripherals Limited,RPTECH.NS,Unspecified,Scored,,0.6046485156725588,0.39535148432744116,1121,INE0J1F01024,CONSOLIDATED,2026-06-30,104.565,2026-08-04T19:09:22+05:30,11,0,0.75,2026-09-30,2026-10-02T00:00:00+05:30
2137,Stylam Industries Limited,STYLAMIND.NS,Unspecified,Scored,,0.6042843510813636,0.3957156489186364,1122,INE239C01020,CONSOLIDATED,2026-06-30,48.1609,2026-07-22T22:02:07+05:30,19,0,0.75,2026-09-30,2026-10-02T00:00:00+05:30
1477,Kalyani Commercials Limited,KALYANI.NS,Unspecified,Scored,,0.604223808513877,0.395776191486123,1123,INE610E01010,STANDALONE,2026-06-30,0.4134,2026-08-13T17:28:11+05:30,16,5,,2026-09-30,2026-10-02T00:00:00+05:30
2365,Zee Learn Limited,ZEELEARN.NS,Unspecified,Scored,,0.6037499329063609,0.3962500670936391,1124,INE565L01011,CONSOLIDATED,2026-06-30,8.4216,2026-07-29T21:37:07+05:30,30,3,0.6666666666666666,2026-09-30,2026-10-02T00:00:00+05:30
1395,INCREDIBLE INDUSTRIES LIMITED,INCREDIBLE.NS,Unspecified,Scored,,0.6036035480539668,0.39639645194603323,1125,INE452L01012,STANDALONE,2026-06-30,3.9625,2026-08-10T19:13:05+05:30,32,0,0.5,2026-09-30,2026-10-02T00:00:00+05:30
2068,Signet Industries Limited,SIGIND.NS,Unspecified,Scored,,0.6030531506569995,0.3969468493430005,1126,INE529F01035,STANDALONE,2026-06-30,8.051,2026-08-12T17:44:10+05:30,29,0,1.0,2026-09-30,2026-10-02T00:00:00+05:30
1406,IndoStar Capital Finance Limited,INDOSTAR.NS,Unspecified,Scored,,0.6029283555201249,0.3970716444798751,1127,INE896L01010,CONSOLIDATED,2026-06-30,11.47,2026-07-29T15:36:14+05:30,24,0,0.25,2026-09-30,2026-10-02T00:00:00+05:30
2832,QMS Medical Allied Services Limited,QMSMEDI.NS,Unspecified,Scored,,0.6027248805150388,0.3972751194849612,1128,INE0FMW01018,CONSOLIDATED,2026-06-30,3.9569,2026-08-14T17:25:32+05:30,2,8,,2026-09-30,2026-10-02T00:00:00+05:30
1417,Ingersoll Rand (India) Limited,INGERRAND.NS,Unspecified,Scored,,0.6026871410358362,0.3973128589641638,1129,INE177A01018,STANDALONE,2026-06-30,70.46,2026-08-13T17:20:22+05:30,29,0,0.5,2026-09-30,2026-10-02T00:00:00+05:30
1008,Borosil Limited,BOROLTD.NS,Unspecified,Scored,,0.602620597004695,0.39737940299530505,1130,INE02PY01013,CONSOLIDATED,2026-06-30,12.8029,2026-08-14T18:42:17+05:30,22,0,0.75,2026-09-30,2026-10-02T00:00:00+05:30
171,FSN E-Commerce,NYKAA.NS,Retail,Scored,,0.6026065232969995,0.3973934767030005,1131,INE388Y01029,CONSOLIDATED,2026-06-30,79.76,2026-08-04T18:02:51+05:30,19,0,1.0,2026-09-30,2026-10-02T00:00:00+05:30
2216,TIL Limited,TIL.NS,Unspecified,Scored,,0.6024319376732779,0.39756806232672215,1132,INE806C01018,CONSOLIDATED,2026-06-30,-5.45,2026-08-13T18:14:14+05:30,28,0,0.5,2026-09-30,2026-10-02T00:00:00+05:30
34,Cummins India,CUMMINSIND.NS,Capital Goods,Scored,,0.6023344726885835,0.39766552731141647,1133,INE298A01020,CONSOLIDATED,2026-06-30,609.3,2026-08-05T19:37:11+05:30,29,0,0.5,2026-09-30,2026-10-02T00:00:00+05:30
480,Tata Teleservices (Maharashtra) Ltd.,TTML.NS,Telecommunication,Scored,,0.6021319770059443,0.39786802299405566,1134,INE517B01013,STANDALONE,2026-06-30,-72.15,2026-07-22T15:55:06+05:30,30,3,1.0,2026-09-30,2026-10-02T00:00:00+05:30
1784,Orient Bell Limited,ORIENTBELL.NS,Unspecified,Scored,,0.6020372475156897,0.39796275248431034,1135,INE607D01018,CONSOLIDATED,2026-06-30,8.3189,2026-08-11T17:44:04+05:30,27,0,1.0,2026-09-30,2026-10-02T00:00:00+05:30
231,Meesho,MEESHO.NS,Unspecified,Scored,,0.6020287273869928,0.39797127261300724,1136,INE0VDM01015,CONSOLIDATED,2026-06-30,-132.835,2026-07-23T20:28:14+05:30,3,3,1.0,2026-09-30,2026-10-02T00:00:00+05:30
1489,Kaushalya Infrastructure Development Corporation Limited,KAUSHALYA.NS,Unspecified,Scored,,0.6019661762681174,0.39803382373188256,1137,INE234I01028,CONSOLIDATED,2026-06-30,-0.4517,2026-08-14T16:58:12+05:30,24,0,0.0,2026-09-30,2026-10-02T00:00:00+05:30
2239,TruCap Finance Limited,TRU.NS,Unspecified,Scored,,0.6019452696913794,0.3980547303086206,1138,INE615R01029,CONSOLIDATED,2026-06-30,-10.5804,2026-08-13T19:23:03+05:30,11,3,0.0,2026-09-30,2026-10-02T00:00:00+05:30
1289,Goodluck India Limited,GOODLUCK.NS,Unspecified,Scored,,0.6019400966620715,0.3980599033379285,1139,INE127I01024,CONSOLIDATED,2026-06-30,67.2162,2026-08-06T13:23:40+05:30,33,0,1.0,2026-09-30,2026-10-02T00:00:00+05:30
268,Balrampur Chini Mills Ltd.,BALRAMCHIN.NS,Fast Moving Consumer Goods,Scored,,0.6017465713737586,0.39825342862624136,1140,INE119A01028,CONSOLIDATED,2026-06-30,44.1464,2026-08-11T19:24:10+05:30,29,0,0.75,2026-09-30,2026-10-02T00:00:00+05:30
86,Tata Motors PVeh,TMPV.NS,Automobile,Scored,,0.6015505004023002,0.3984494995976998,1141,INE155A01022,CONSOLIDATED,2026-06-30,859.0,2026-08-13T16:38:20+05:30,30,0,0.5,2026-09-30,2026-10-02T00:00:00+05:30
2364,Yuken India Limited,YUKEN.NS,Unspecified,Scored,,0.6015306553884032,0.3984693446115968,1142,INE384C01016,CONSOLIDATED,2026-06-30,5.2074,2026-08-11T16:50:17+05:30,20,0,0.5,2026-09-30,2026-10-02T00:00:00+05:30
1330,Hardwyn India Limited,HARDWYN.NS,Unspecified,Scored,,0.6014288644891115,0.3985711355108885,1143,INE626Z01029,CONSOLIDATED,2026-06-30,2.8003,2026-08-14T18:02:15+05:30,12,3,0.5,2026-09-30,2026-10-02T00:00:00+05:30
1581,Loyal Textile Mills Limited,LOYALTEX.NS,Unspecified,Scored,,0.6012900205067184,0.3987099794932816,1144,INE970D01010,CONSOLIDATED,2026-06-30,-1.4965,2026-08-14T17:43:04+05:30,14,3,0.5,2026-09-30,2026-10-02T00:00:00+05:30
592,Happiest Minds Technologies Ltd.,HAPPSTMNDS.NS,Information Technology,Scored,,0.6002868953549658,0.3997131046450342,1145,INE419U01012,CONSOLIDATED,2026-06-30,67.6,2026-07-27T20:14:11+05:30,24,0,0.5,2026-09-30,2026-10-02T00:00:00+05:30
1803,Panacea Biotec Limited,PANACEABIO.NS,Unspecified,Scored,,0.600230739569525,0.399769260430475,1146,INE922B01023,CONSOLIDATED,2026-06-30,2.2,2026-08-13T18:55:08+05:30,29,0,0.5,2026-09-30,2026-10-02T00:00:00+05:30
1292,Goyal Aluminiums Limited,GOYALALUM.NS,Unspecified,Scored,,0.6001760333589161,0.3998239666410839,1147,INE705X01026,CONSOLIDATED,2026-06-30,0.924,2026-08-14T17:05:48+05:30,14,3,0.5,2026-09-30,2026-10-02T00:00:00+05:30
66,Coromandel Inter,COROMANDEL.NS,Fertilizers,Scored,,0.6001567919606959,0.39984320803930407,1148,INE169A01031,CONSOLIDATED,2026-06-30,381.56,2026-07-23T16:39:18+05:30,29,4,1.0,2026-09-30,2026-10-02T00:00:00+05:30
832,AKI India Limited,AKI.NS,Unspecified,Scored,,0.5998467267154683,0.40015327328453165,1149,INE642Z01026,CONSOLIDATED,2026-06-30,0.5107,2026-08-11T17:54:17+05:30,11,4,1.0,2026-09-30,2026-10-02T00:00:00+05:30
278,Brainbees Solutions Ltd.,FIRSTCRY.NS,Consumer Services,Scored,,0.5998067928196313,0.40019320718036866,1150,INE02RE01045,CONSOLIDATED,2026-06-30,-43.952,2026-08-13T20:12:06+05:30,9,0,0.75,2026-09-30,2026-10-02T00:00:00+05:30
1843,Poddar Pigments Limited,PODDARMENT.NS,Unspecified,Scored,,0.5995756149700923,0.40042438502990774,1151,INE371C01013,STANDALONE,2026-06-30,4.647,2026-08-14T15:05:09+05:30,30,0,0.25,2026-09-30,2026-10-02T00:00:00+05:30
540,Balaji Amines Ltd.,BALAMINES.NS,Chemicals,Scored,,0.599544406893526,0.40045559310647405,1152,INE050E01027,CONSOLIDATED,2026-06-30,78.1177,2026-07-27T19:45:08+05:30,28,0,1.0,2026-09-30,2026-10-02T00:00:00+05:30
33,ITC,ITC.NS,FMCG,Scored,,0.599527291943858,0.400472708056142,1153,INE154A01025,CONSOLIDATED,2026-06-30,4508.79,2026-07-31T17:23:53+05:30,28,0,0.25,2026-09-30,2026-10-02T00:00:00+05:30
2138,Baazar Style Retail Limited,STYLEBAAZA.NS,Unspecified,Scored,,0.5994196894621336,0.40058031053786636,1154,INE01FR01028,CONSOLIDATED,2026-06-30,2.2294,2026-08-13T18:42:19+05:30,9,0,0.5,2026-09-30,2026-10-02T00:00:00+05:30
2344,Wendt (India) Limited,WENDT.NS,Unspecified,Scored,,0.5992805295161853,0.40071947048381473,1155,INE274C01019,CONSOLIDATED,2026-06-30,6.18,2026-07-24T20:55:17+05:30,27,0,0.75,2026-09-30,2026-10-02T00:00:00+05:30
2196,Teamlease Services Limited,TEAMLEASE.NS,Unspecified,Scored,,0.5991944336837425,0.4008055663162575,1156,INE985S01024,CONSOLIDATED,2026-06-30,34.45,2026-07-29T16:46:06+05:30,28,3,1.0,2026-09-30,2026-10-02T00:00:00+05:30
53,Hind. Unilever,HINDUNILVR.NS,FMCG,Scored,,0.599147432561731,0.400852567438269,1157,INE030A01027,CONSOLIDATED,2026-06-30,2680.0,2026-07-28T19:41:55+05:30,28,0,0.0,2026-09-30,2026-10-02T00:00:00+05:30
351,Great Eastern Shipping Co. Ltd.,GESHIP.NS,Services,Scored,,0.5990084111839,0.4009915888161,1158,INE017A01032,CONSOLIDATED,2026-06-30,1308.84,2026-08-03T18:38:09+05:30,32,0,1.0,2026-09-30,2026-10-02T00:00:00+05:30
253,Allied Blenders and Distillers Ltd.,ABDL.NS,Fast Moving Consumer Goods,Scored,,0.598603787209617,0.40139621279038296,1159,INE552Z01027,CONSOLIDATED,2026-06-30,45.4205,2026-07-23T19:13:11+05:30,10,0,0.75,2026-09-30,2026-10-02T00:00:00+05:30
2123,Steel Strips Wheels Limited,SSWL.NS,Unspecified,Scored,,0.5985334455321372,0.40146655446786284,1160,INE802C01033,CONSOLIDATED,2026-06-30,69.4514,2026-07-15T15:49:06+05:30,14,0,0.75,2026-09-30,2026-10-02T00:00:00+05:30
2305,Vikas EcoTech Limited,VIKASECO.NS,Unspecified,Scored,,0.5981312541921695,0.4018687458078305,1161,INE806A01020,CONSOLIDATED,2026-06-30,1.9982,2026-08-27T12:33:14+05:30,6,6,0.0,2026-09-30,2026-10-02T00:00:00+05:30
223,Lenskart Solut.,LENSKART.NS,Unspecified,Scored,,0.5977948528532262,0.4022051471467738,1162,INE956O01016,CONSOLIDATED,2026-06-30,228.43,2026-08-12T16:59:01+05:30,4,3,1.0,2026-09-30,2026-10-02T00:00:00+05:30
1068,Cords Cable Industries Limited,CORDSCABLE.NS,Unspecified,Scored,,0.5977509579972901,0.40224904200270994,1163,INE792I01017,STANDALONE,2026-06-30,7.7975,2026-08-13T16:26:08+05:30,33,0,0.5,2026-09-30,2026-10-02T00:00:00+05:30
1733,NRB Industrial Bearings Limited,NIBL.NS,Unspecified,Scored,,0.5976676593372502,0.4023323406627498,1164,INE047O01014,CONSOLIDATED,2026-06-30,-6.5944,2026-08-05T14:47:06+05:30,25,0,0.5,2026-09-30,2026-10-02T00:00:00+05:30
2035,Shankara Building Products Limited,SHANKARA.NS,Unspecified,Scored,,0.5976390214888766,0.4023609785111234,1165,INE274V01019,CONSOLIDATED,2026-06-30,1.54,2026-08-05T15:31:16+05:30,30,0,0.5,2026-09-30,2026-10-02T00:00:00+05:30
1793,ORTIN GLOBAL LIMITED,ORTINGLOBE.NS,Unspecified,Scored,,0.5976182764507616,0.4023817235492384,1166,INE749B01020,STANDALONE,2026-06-30,-0.3379,2026-08-14T21:56:11+05:30,21,0,0.5,2026-09-30,2026-10-02T00:00:00+05:30
726,TVS Holdings Ltd.,TVSHLTD.NS,Financial Services,Scored,,0.5974762327323925,0.4025237672676075,1167,INE105A01035,CONSOLIDATED,2026-06-30,1173.58,2026-07-21T18:42:32+05:30,25,0,0.75,2026-09-30,2026-10-02T00:00:00+05:30
523,Alok Industries Ltd.,ALOKINDS.NS,Textiles,Scored,,0.5974401365800919,0.4025598634199081,1168,INE270A01029,CONSOLIDATED,2026-06-30,-138.25,2026-07-16T17:25:14+05:30,22,0,0.75,2026-09-30,2026-10-02T00:00:00+05:30
1630,Mawana Sugars Limited,MAWANASUG.NS,Unspecified,Scored,,0.5972863785261708,0.40271362147382916,1169,INE636A01039,CONSOLIDATED,2026-06-30,-23.09,2026-08-08T16:22:13+05:30,27,0,0.5,2026-09-30,2026-10-02T00:00:00+05:30
1624,Markolines Pavement Technologies Limited,MARKOLINES.NS,Unspecified,Scored,,0.5971442900989999,0.40285570990100006,1170,INE0FW001016,CONSOLIDATED,2026-06-30,4.3612,2026-08-14T17:31:18+05:30,2,5,,2026-09-30,2026-10-02T00:00:00+05:30
218,Yes Bank,YESBANK.NS,Banks,Scored,,0.5968468071572737,0.4031531928427263,1171,INE528G01035,CONSOLIDATED,2026-06-30,1071.81,2026-07-18T15:48:08+05:30,28,0,0.5,2026-09-30,2026-10-02T00:00:00+05:30
483,Tejas Networks Ltd.,TEJASNET.NS,Telecommunication,Scored,,0.5968290592061938,0.4031709407938062,1172,INE010J01012,CONSOLIDATED,2026-06-30,-202.24,2026-07-27T21:20:12+05:30,30,0,0.5,2026-09-30,2026-10-02T00:00:00+05:30
1563,Laxmi Dental Limited,LAXMIDENTL.NS,Unspecified,Scored,,0.5968141440971714,0.4031858559028286,1173,INE0WO601020,CONSOLIDATED,2026-06-30,10.315,2026-08-11T20:04:16+05:30,7,0,0.75,2026-09-30,2026-10-02T00:00:00+05:30
2234,Tree House Education & Accessories Limited,TREEHOUSE.NS,Unspecified,Scored,,0.5967410036303173,0.40325899636968265,1174,INE040M01013,CONSOLIDATED,2026-06-30,-2.1284,2026-08-07T19:04:12+05:30,26,0,0.25,2026-09-30,2026-10-02T00:00:00+05:30
2024,Standard Engineering Technology Limited,SETL.NS,Unspecified,Scored,,0.5966117748418929,0.4033882251581071,1175,INE0M4D01010,CONSOLIDATED,2026-06-30,26.7462,2026-08-06T17:17:08+05:30,7,0,0.5,2026-09-30,2026-10-02T00:00:00+05:30
93,Titan Company,TITAN.NS,Consumer Durables,Scored,,0.5964815380886892,0.4035184619113108,1176,INE280A01028,CONSOLIDATED,2026-06-30,1777.0,2026-08-07T18:43:07+05:30,31,0,0.75,2026-09-30,2026-10-02T00:00:00+05:30
1889,Rajesh Exports Limited,RAJESHEXPO.NS,Unspecified,Scored,,0.5964158221980486,0.40358417780195144,1177,INE343B01030,CONSOLIDATED,2026-06-30,47.192,2026-08-17T12:03:13+05:30,20,5,,2026-09-30,2026-10-02T00:00:00+05:30
1504,Khaitan (India) Limited,KHAITANLTD.NS,Unspecified,Scored,,0.596181993599301,0.403818006400699,1178,INE731C01018,CONSOLIDATED,2026-06-30,2.4373,2026-07-31T18:50:57+05:30,4,3,0.5,2026-09-30,2026-10-02T00:00:00+05:30
2132,Stel Holdings Limited,STEL.NS,Unspecified,Scored,,0.5961016363696711,0.40389836363032894,1179,INE577L01016,CONSOLIDATED,2026-06-30,-0.1306,2026-08-07T19:53:12+05:30,26,3,1.0,2026-09-30,2026-10-02T00:00:00+05:30
2220,Thirumalai Chemicals Limited,TIRUMALCHM.NS,Unspecified,Scored,,0.5960895906641002,0.40391040933589983,1180,INE338A01024,CONSOLIDATED,2026-06-30,-43.67,2026-08-04T17:34:11+05:30,31,0,0.5,2026-09-30,2026-10-02T00:00:00+05:30
439,Pine Labs Ltd.,PINELABS.NS,Financial Services,Scored,,0.5956887946134375,0.4043112053865625,1181,INE15B701018,CONSOLIDATED,2026-06-30,19.57,2026-07-28T14:57:17+05:30,4,3,0.6666666666666666,2026-09-30,2026-10-02T00:00:00+05:30
1098,DCM Shriram International Limited,DCMSIL.NS,Unspecified,Scored,,0.5954810826877671,0.4045189173122329,1182,INE0OU201013,CONSOLIDATED,2026-06-30,0.03,2026-08-14T18:28:03+05:30,3,3,0.5,2026-09-30,2026-10-02T00:00:00+05:30
839,Algoquant Fintech Limited,ALGOQUANT.NS,Unspecified,Scored,,0.5953471888194091,0.40465281118059093,1183,INE598D01035,CONSOLIDATED,2026-06-30,16.4797,2026-08-14T19:18:18+05:30,3,3,0.5,2026-09-30,2026-10-02T00:00:00+05:30
206,DLF,DLF.NS,Real Estate,Scored,,0.5953427070221732,0.4046572929778268,1184,INE271C01023,CONSOLIDATED,2026-06-30,793.9,2026-08-03T17:13:03+05:30,29,0,0.75,2026-09-30,2026-10-02T00:00:00+05:30
1806,Pansari Developers Limited,PANSARI.NS,Unspecified,Scored,,0.5953396292709329,0.40466037072906713,1185,INE697V01011,CONSOLIDATED,2026-06-30,3.982,2026-08-13T16:23:44+05:30,16,5,,2026-09-30,2026-10-02T00:00:00+05:30
1079,Cura Technologies Limited,CURAA.NS,Unspecified,Scored,,0.595216973318129,0.40478302668187105,1186,INE117B01020,STANDALONE,2026-06-30,-0.2778,2026-07-30T19:03:11+05:30,6,0,0.5,2026-09-30,2026-10-02T00:00:00+05:30
2277,Uttam Sugar Mills Limited,UTTAMSUGAR.NS,Unspecified,Scored,,0.5950357093743597,0.4049642906256403,1187,INE786F01031,CONSOLIDATED,2026-06-30,1.3,2026-08-10T18:56:15+05:30,9,0,0.5,2026-09-30,2026-10-02T00:00:00+05:30
343,Global Health Ltd.,MEDANTA.NS,Healthcare,Scored,,0.5947709053679041,0.4052290946320959,1188,INE474Q01031,CONSOLIDATED,2026-06-30,157.252,2026-07-30T15:59:06+05:30,14,0,0.5,2026-09-30,2026-10-02T00:00:00+05:30
598,IFB Industries Ltd.,IFBIND.NS,Consumer Durables,Scored,,0.5947135855424611,0.4052864144575389,1189,INE559A01017,CONSOLIDATED,2026-06-30,43.05,2026-08-06T20:44:07+05:30,32,0,0.75,2026-09-30,2026-10-02T00:00:00+05:30
695,Samhi Hotels Ltd.,SAMHI.NS,Consumer Services,Scored,,0.594583793064493,0.40541620693550695,1190,INE08U801020,CONSOLIDATED,2026-06-30,24.927,2026-08-03T21:23:04+05:30,12,0,0.5,2026-09-30,2026-10-02T00:00:00+05:30
776,3i Infotech Limited,3IINFOLTD.NS,Unspecified,Scored,,0.5945665664278453,0.40543343357215467,1191,INE748C01038,CONSOLIDATED,2026-06-30,6.52,2026-07-23T20:36:20+05:30,18,0,0.5,2026-09-30,2026-10-02T00:00:00+05:30
1674,Moksh Ornaments Limited,MOKSH.NS,Unspecified,Scored,,0.5940337412910784,0.40596625870892156,1192,INE514Y01020,STANDALONE,2026-06-30,3.1036,2026-08-14T15:33:13+05:30,20,0,0.75,2026-09-30,2026-10-02T00:00:00+05:30
2321,Vishwaraj Sugar Industries Limited,VISHWARAJ.NS,Unspecified,Scored,,0.5939151794670259,0.4060848205329741,1193,INE430N01022,STANDALONE,2026-06-30,-25.8357,2026-08-13T18:07:20+05:30,17,5,,2026-09-30,2026-10-02T00:00:00+05:30
840,Alicon Castalloy Limited,ALICON.NS,Unspecified,Scored,,0.5938242863217223,0.40617571367827765,1194,INE062D01024,CONSOLIDATED,2026-06-30,11.4458,2026-08-13T20:49:03+05:30,23,5,,2026-09-30,2026-10-02T00:00:00+05:30
1619,Mangalam Organics Limited,MANORG.NS,Unspecified,Scored,,0.5936991726331219,0.4063008273668781,1195,INE370D01013,CONSOLIDATED,2026-06-30,7.2687,2026-07-28T18:36:17+05:30,19,0,0.75,2026-09-30,2026-10-02T00:00:00+05:30
250,Afcons Infrastructure Ltd.,AFCONS.NS,Construction,Scored,,0.5935032594632019,0.4064967405367981,1196,INE101I01011,CONSOLIDATED,2026-06-30,30.3,2026-08-07T17:58:12+05:30,8,0,0.25,2026-09-30,2026-10-02T00:00:00+05:30
1005,Bombay Dyeing & Mfg Company Limited,BOMDYEING.NS,Unspecified,Scored,,0.593339965983681,0.406660034016319,1197,INE032A01023,CONSOLIDATED,2026-06-30,7.08,2026-08-10T19:38:14+05:30,29,0,0.25,2026-09-30,2026-10-02T00:00:00+05:30
1092,DB (International) Stock Brokers Limited,DBSTOCKBRO.NS,Unspecified,Scored,,0.5931820419253052,0.4068179580746948,1198,INE921B01025,CONSOLIDATED,2026-06-30,0.8639,2026-08-10T16:51:15+05:30,24,5,,2026-09-30,2026-10-02T00:00:00+05:30
1237,Ganesh Benzoplast Limited,GANESHBE.NS,Unspecified,Scored,,0.5929331675746989,0.40706683242530106,1199,INE388A01029,CONSOLIDATED,2026-06-30,17.582,2026-08-11T18:59:14+05:30,19,0,0.5,2026-09-30,2026-10-02T00:00:00+05:30
848,Amagi Media Labs Limited,AMAGI.NS,Unspecified,Scored,,0.5926977611642538,0.40730223883574623,1200,INE121R01077,CONSOLIDATED,2026-06-30,33.905,2026-08-13T12:40:05+05:30,3,3,0.5,2026-09-30,2026-10-02T00:00:00+05:30
350,Gravita India Ltd.,GRAVITA.NS,Metals & Mining,Scored,,0.592649573735076,0.407350426264924,1201,INE024L01027,CONSOLIDATED,2026-06-30,106.37,2026-07-27T17:52:08+05:30,30,0,0.75,2026-09-30,2026-10-02T00:00:00+05:30
2176,Systematix Corporate Services Limited,SYSTMTXC.NS,Unspecified,Scored,,0.5925455574397235,0.4074544425602765,1202,INE356B01024,CONSOLIDATED,2026-06-30,-4.8939,2026-08-07T19:40:07+05:30,4,3,0.3333333333333333,2026-09-30,2026-10-02T00:00:00+05:30
1224,Federal-Mogul Goetze (India) Limited.,FMGOETZE.NS,Unspecified,Scored,,0.5925088441264138,0.4074911558735862,1203,INE529A01010,CONSOLIDATED,2026-06-30,45.3285,2026-08-12T19:00:22+05:30,27,0,0.5,2026-09-30,2026-10-02T00:00:00+05:30
1762,Nucleus Software Exports Limited,NUCLEUS.NS,Unspecified,Scored,,0.5924396297017606,0.40756037029823944,1204,INE096B01018,CONSOLIDATED,2026-06-30,23.87,2026-07-30T18:02:14+05:30,33,0,0.25,2026-09-30,2026-10-02T00:00:00+05:30
1665,MMP Industries Limited,MMP.NS,Unspecified,Scored,,0.5919804959259376,0.4080195040740624,1205,INE511Y01018,CONSOLIDATED,2026-06-30,13.6995,2026-08-10T13:18:39+05:30,23,0,0.5,2026-09-30,2026-10-02T00:00:00+05:30
1565,LCC Infotech Limited,LCCINFOTEC.NS,Unspecified,Scored,,0.5919612198986784,0.40803878010132155,1206,INE938A01021,STANDALONE,2026-06-30,-0.1218,2026-08-14T18:37:09+05:30,5,5,1.0,2026-09-30,2026-10-02T00:00:00+05:30
718,Sun Pharma Advanced Research Company Ltd.,SPARC.NS,Healthcare,Scored,,0.5919210867965907,0.4080789132034093,1207,INE232I01014,CONSOLIDATED,2026-06-30,-20.78,2026-08-10T14:53:09+05:30,10,3,0.0,2026-09-30,2026-10-02T00:00:00+05:30
704,Shree Renuka Sugars Ltd.,RENUKA.NS,Fast Moving Consumer Goods,Scored,,0.5919023641689469,0.4080976358310531,1208,INE087H01022,CONSOLIDATED,2026-06-30,-251.5,2026-08-05T17:29:13+05:30,26,3,0.5,2026-09-30,2026-10-02T00:00:00+05:30
739,Triveni Engineering & Industries Ltd.,TRIVENI.NS,Fast Moving Consumer Goods,Scored,,0.591750196137501,0.408249803862499,1209,INE256C01024,CONSOLIDATED,2026-06-30,3.65,2026-07-29T19:19:16+05:30,33,0,0.75,2026-09-30,2026-10-02T00:00:00+05:30
1786,Orient Electric Limited,ORIENTELEC.NS,Unspecified,Scored,,0.5912099101767168,0.40879008982328324,1210,INE142Z01019,STANDALONE,2026-06-30,31.49,2026-07-22T20:04:10+05:30,30,0,0.5,2026-09-30,2026-10-02T00:00:00+05:30
1086,Damodar Industries Limited,DAMODARIND.NS,Unspecified,Scored,,0.5902886425735356,0.40971135742646436,1211,INE497D01022,STANDALONE,2026-06-30,2.6906,2026-08-08T16:46:08+05:30,26,3,0.0,2026-09-30,2026-10-02T00:00:00+05:30
2010,Som Distilleries & Breweries Limited,SDBL.NS,Unspecified,Scored,,0.5902169448512747,0.40978305514872526,1212,INE480C01038,CONSOLIDATED,2026-06-30,1.5603,2026-08-11T18:54:20+05:30,30,0,0.25,2026-09-30,2026-10-02T00:00:00+05:30
2125,Stanley Lifestyles Limited,STANLEY.NS,Unspecified,Scored,,0.5901560983821569,0.4098439016178431,1213,INE01A001028,CONSOLIDATED,2026-06-30,0.65,2026-08-13T17:39:12+05:30,9,3,0.0,2026-09-30,2026-10-02T00:00:00+05:30
1683,Moschip Technologies Limited,MOSCHIP.NS,Unspecified,Scored,,0.5901237653497048,0.4098762346502952,1214,INE935B01025,CONSOLIDATED,2026-06-30,2.4467,2026-07-24T22:02:14+05:30,6,3,0.5,2026-09-30,2026-10-02T00:00:00+05:30
971,BGR Energy Systems Limited,BGRENERGY.NS,Unspecified,Scored,,0.5901098251938739,0.4098901748061261,1215,INE661I01014,CONSOLIDATED,2026-06-30,-223.29,2026-07-29T20:38:04+05:30,28,0,0.5,2026-09-30,2026-10-02T00:00:00+05:30
767,Ratnamani Metals & Tubes Ltd.,RATNAMANI.NS,Capital Goods,Scored,,0.5897102134577588,0.41028978654224124,1216,INE703B01027,CONSOLIDATED,2026-06-30,107.0252,2026-08-07T16:02:15+05:30,26,0,0.25,2026-09-30,2026-10-02T00:00:00+05:30
1789,Orient Paper & Industries Limited,ORIENTPPR.NS,Unspecified,Scored,,0.5895591909411704,0.4104408090588296,1217,INE592A01026,STANDALONE,2026-06-30,-8.2503,2026-08-07T18:36:05+05:30,33,0,0.75,2026-09-30,2026-10-02T00:00:00+05:30
332,Escorts Kubota Ltd.,ESCORTS.NS,Capital Goods,Scored,,0.5891786432567696,0.4108213567432304,1218,INE042A01014,CONSOLIDATED,2026-06-30,385.93,2026-08-03T18:36:07+05:30,26,0,0.5,2026-09-30,2026-10-02T00:00:00+05:30
1852,Prajay Engineers Syndicate Limited,PRAENG.NS,Unspecified,Scored,,0.5885092968537563,0.4114907031462437,1219,INE505C01016,CONSOLIDATED,2026-06-30,-2.57,2026-08-14T17:44:49+05:30,26,0,0.5,2026-09-30,2026-10-02T00:00:00+05:30
681,Raymond Lifestyle Ltd.,RAYMONDLSL.NS,Textiles,Scored,,0.5885042103672771,0.41149578963272293,1220,INE02ID01020,CONSOLIDATED,2026-06-30,-22.59,2026-07-31T21:49:15+05:30,8,0,0.5,2026-09-30,2026-10-02T00:00:00+05:30
2190,TCC Concept Limited,TCC.NS,Unspecified,Scored,,0.5883744709431169,0.4116255290568831,1221,INE887D01024,CONSOLIDATED,2026-06-30,12.645,2026-07-31T19:28:07+05:30,2,4,0.0,2026-09-30,2026-10-02T00:00:00+05:30
789,Abans Enterprises Limited,ABANSENT.NS,Unspecified,Scored,,0.5883734774415542,0.4116265225584458,1222,INE365O01028,CONSOLIDATED,2026-06-30,32.6916,2026-08-12T11:28:10+05:30,2,4,1.0,2026-09-30,2026-10-02T00:00:00+05:30
852,Ambika Cotton Mills Limited,AMBIKCO.NS,Unspecified,Scored,,0.5881073156587726,0.4118926843412274,1223,INE540G01014,STANDALONE,2026-06-30,25.7,2026-08-08T13:46:52+05:30,33,0,0.75,2026-09-30,2026-10-02T00:00:00+05:30
2366,Zee Media Corporation Limited,ZEEMEDIA.NS,Unspecified,Scored,,0.588049418369325,0.411950581630675,1224,INE966H01019,CONSOLIDATED,2026-06-30,-12.1203,2026-08-14T18:48:14+05:30,30,0,0.5,2026-09-30,2026-10-02T00:00:00+05:30
2837,Annapurna Swadisht Limited,ANNAPURNA.NS,Unspecified,Scored,,0.5879378003255491,0.4120621996744509,1225,INE0MGM01017,CONSOLIDATED,2026-06-30,9.8102,2026-08-18T19:54:46+05:30,1,8,,2026-09-30,2026-10-02T00:00:00+05:30
2052,Shoppers Stop Limited,SHOPERSTOP.NS,Unspecified,Scored,,0.587928721692702,0.41207127830729795,1226,INE498B01024,CONSOLIDATED,2026-06-30,-14.25,2026-07-22T17:35:07+05:30,29,0,0.5,2026-09-30,2026-10-02T00:00:00+05:30
688,Restaurant Brands Asia Ltd.,RBA.NS,Consumer Services,Scored,,0.587608255993596,0.412391744006404,1227,INE07T201019,CONSOLIDATED,2026-06-30,-33.003,2026-08-03T18:34:07+05:30,18,0,0.75,2026-09-30,2026-10-02T00:00:00+05:30
1095,DCM Limited,DCM.NS,Unspecified,Scored,,0.5871063228762294,0.41289367712377056,1228,INE498A01018,CONSOLIDATED,2026-06-30,1.58,2026-08-13T17:59:18+05:30,28,3,0.0,2026-09-30,2026-10-02T00:00:00+05:30
1483,Kanani Industries Limited,KANANIIND.NS,Unspecified,Scored,,0.5870582723851349,0.41294172761486514,1229,INE879E01037,CONSOLIDATED,2026-06-30,-0.0384,2026-08-13T16:07:12+05:30,26,5,,2026-09-30,2026-10-02T00:00:00+05:30
1000,BMW Ventures Limited,BMWVENTLTD.NS,Unspecified,Scored,,0.5870226561233538,0.4129773438766462,1230,INE965W01036,STANDALONE,2026-06-30,10.5769,2026-07-29T16:57:08+05:30,3,1,0.0,2026-09-30,2026-10-02T00:00:00+05:30
2342,Welspun Investments and Commercials Limited,WELINV.NS,Unspecified,Scored,,0.5869026808932305,0.4130973191067695,1231,INE389K01018,STANDALONE,2026-06-30,-0.1488,2026-08-04T18:18:36+05:30,31,0,0.25,2026-09-30,2026-10-02T00:00:00+05:30
1880,Quadrant Future Tek Limited,QUADFUTURE.NS,Unspecified,Scored,,0.5868259161391443,0.41317408386085575,1232,INE0LRY01011,STANDALONE,2026-06-30,-9.132,2026-08-11T18:28:03+05:30,6,3,0.5,2026-09-30,2026-10-02T00:00:00+05:30
462,Shyam Metalics and Energy Ltd.,SHYAMMETL.NS,Capital Goods,Scored,,0.586636767846612,0.413363232153388,1233,INE810G01011,CONSOLIDATED,2026-06-30,350.73,2026-07-20T16:52:13+05:30,18,0,0.5,2026-09-30,2026-10-02T00:00:00+05:30
940,Shree Tirupati Balajee Agro Trading Company Limited,BALAJEE.NS,Unspecified,Scored,,0.5866258839195984,0.41337411608040164,1234,INE0S2G01011,CONSOLIDATED,2026-06-30,3.7491,2026-08-12T20:25:14+05:30,8,3,0.0,2026-09-30,2026-10-02T00:00:00+05:30
2184,Tarapur Transformers Limited,TARAPUR.NS,Unspecified,Scored,,0.5864672066648364,0.4135327933351636,1235,INE747K01017,STANDALONE,2026-06-30,-0.4446,2026-08-13T19:38:49+05:30,31,3,1.0,2026-09-30,2026-10-02T00:00:00+05:30
1604,Mallcom (India) Limited,MALLCOM.NS,Unspecified,Scored,,0.5863689055038646,0.41363109449613544,1236,INE389C01015,CONSOLIDATED,2026-06-30,6.5671,2026-07-30T20:26:13+05:30,17,3,0.5,2026-09-30,2026-10-02T00:00:00+05:30
2192,TCI Express Limited,TCIEXP.NS,Unspecified,Scored,,0.5860449718014066,0.4139550281985934,1237,INE586V01016,CONSOLIDATED,2026-06-30,20.49,2026-08-06T17:59:16+05:30,14,0,0.5,2026-09-30,2026-10-02T00:00:00+05:30
1242,Garware Technical Fibres Limited,GARFIBRES.NS,Unspecified,Scored,,0.5860099348709059,0.4139900651290941,1238,INE276A01018,CONSOLIDATED,2026-06-30,64.603,2026-08-05T16:32:14+05:30,29,0,0.75,2026-09-30,2026-10-02T00:00:00+05:30
881,Arihant Superstructures Limited,ARIHANTSUP.NS,Unspecified,Scored,,0.5857755091059206,0.4142244908940794,1239,INE643K01018,CONSOLIDATED,2026-06-30,9.782,2026-08-07T15:32:50+05:30,29,3,0.0,2026-09-30,2026-10-02T00:00:00+05:30
2154,Supreme Holdings & Hospitality (India) Limited,SUPREME.NS,Unspecified,Scored,,0.5850992075596603,0.4149007924403397,1240,INE822E01011,CONSOLIDATED,2026-06-30,0.3777,2026-08-11T17:55:17+05:30,6,3,0.5,2026-09-30,2026-10-02T00:00:00+05:30
248,Aegis Logistics Ltd.,AEGISLOG.NS,Oil Gas & Consumable Fuels,Scored,,0.5849724342524453,0.4150275657475547,1241,INE208C01025,CONSOLIDATED,2026-06-30,544.84,2026-08-06T12:36:19+05:30,33,0,0.75,2026-09-30,2026-10-02T00:00:00+05:30
2025,Seya Industries Limited,SEYAIND.NS,Unspecified,Scored,,0.5848092128372384,0.4151907871627616,1242,INE573R01012,STANDALONE,2026-06-30,-0.7149,2026-08-14T19:01:17+05:30,22,2,0.5,2026-09-30,2026-10-02T00:00:00+05:30
2118,SRG Housing Finance Limited,SRGHFL.NS,Unspecified,Scored,,0.5847557582421221,0.4152442417578779,1243,INE559N01010,STANDALONE,2026-06-30,8.4719,2026-08-05T15:09:10+05:30,10,5,,2026-09-30,2026-10-02T00:00:00+05:30
919,Avadh Sugar & Energy Limited,AVADHSUGAR.NS,Unspecified,Scored,,0.5847001269598067,0.41529987304019333,1244,INE349W01017,STANDALONE,2026-06-30,0.2343,2026-08-03T16:37:10+05:30,31,0,0.75,2026-09-30,2026-10-02T00:00:00+05:30
924,Avonmore Capital & Management Services Limited,AVONMORE.NS,Unspecified,Scored,,0.5845394572991555,0.41546054270084454,1245,INE323B01024,CONSOLIDATED,2026-06-30,17.17,2026-07-31T15:29:14+05:30,14,3,0.5,2026-09-30,2026-10-02T00:00:00+05:30
262,Asahi India Glass Ltd.,ASAHIINDIA.NS,Automobile and Auto Components,Scored,,0.5845060829651225,0.4154939170348775,1246,INE439A01020,CONSOLIDATED,2026-06-30,149.08,2026-08-05T15:57:06+05:30,30,0,1.0,2026-09-30,2026-10-02T00:00:00+05:30
1514,OnEMI Technology Solutions Limited,KISSHT.NS,Unspecified,Scored,,0.5841523864163081,0.41584761358369193,1247,INE12F801023,CONSOLIDATED,2026-06-30,95.077,2026-07-29T20:57:26+05:30,2,4,1.0,2026-09-30,2026-10-02T00:00:00+05:30
280,C.E. Info Systems Ltd.,MAPMYINDIA.NS,Information Technology,Scored,,0.5840550358726799,0.41594496412732007,1248,INE0BV301023,CONSOLIDATED,2026-06-30,49.74,2026-08-04T19:28:05+05:30,18,0,0.5,2026-09-30,2026-10-02T00:00:00+05:30
747,Valor Estate Ltd.,DBREALTY.NS,Realty,Scored,,0.5840298736069204,0.4159701263930796,1249,INE879I01012,CONSOLIDATED,2026-06-30,-1.3287,2026-08-14T18:36:14+05:30,27,0,0.5,2026-09-30,2026-10-02T00:00:00+05:30
292,Cemindia Projects Ltd.,CEMPRO.NS,Construction,Scored,,0.5839096056400389,0.4160903943599611,1250,INE686A01026,CONSOLIDATED,2026-06-30,140.83,2026-07-28T18:02:02+05:30,29,0,0.0,2026-09-30,2026-10-02T00:00:00+05:30
2336,Walchandnagar Industries Limited,WALCHANNAG.NS,Unspecified,Scored,,0.5836877177613388,0.41631228223866124,1251,INE711A01022,STANDALONE,2026-06-30,1.18,2026-08-11T20:29:03+05:30,33,0,0.25,2026-09-30,2026-10-02T00:00:00+05:30
1170,Electrotherm (India) Limited,ELECTHERM.NS,Unspecified,Scored,,0.5835363433267464,0.4164636566732536,1252,INE822G01016,CONSOLIDATED,2026-06-30,6.93,2026-08-14T17:19:18+05:30,28,0,0.25,2026-09-30,2026-10-02T00:00:00+05:30
835,Aksh Optifibre Limited,AKSHOPTFBR.NS,Unspecified,Scored,,0.5834603480063922,0.41653965199360776,1253,INE523B01011,CONSOLIDATED,2026-06-30,4.7084,2026-08-14T22:07:12+05:30,25,3,0.5,2026-09-30,2026-10-02T00:00:00+05:30
396,Kalpataru Projects International Ltd.,KPIL.NS,Construction,Scored,,0.5826452577038048,0.4173547422961952,1254,INE220B01022,CONSOLIDATED,2026-06-30,311.53,2026-08-11T16:47:19+05:30,29,0,0.5,2026-09-30,2026-10-02T00:00:00+05:30
743,V.I.P. Industries Ltd.,VIPIND.NS,Consumer Durables,Scored,,0.5825030071927699,0.41749699280723007,1255,INE054A01027,CONSOLIDATED,2026-06-30,-53.56,2026-08-12T19:05:24+05:30,32,0,0.5,2026-09-30,2026-10-02T00:00:00+05:30
2021,Servotech Renewable Power System Limited,SERVOTECH.NS,Unspecified,Scored,,0.5822283350075095,0.4177716649924905,1256,INE782X01033,CONSOLIDATED,2026-06-30,8.0527,2026-07-21T19:24:07+05:30,20,0,0.25,2026-09-30,2026-10-02T00:00:00+05:30
1439,IVP Limited,IVP.NS,Unspecified,Scored,,0.58201935249302,0.41798064750698005,1257,INE043C01018,STANDALONE,2026-06-30,14.02,2026-08-06T19:57:07+05:30,31,0,1.0,2026-09-30,2026-10-02T00:00:00+05:30
1213,Fermenta Biotech Limited,FERMENTA.NS,Unspecified,Scored,,0.5818832021500693,0.4181167978499307,1258,INE225B01021,CONSOLIDATED,2026-06-30,9.5315,2026-08-11T22:17:21+05:30,1,8,,2026-09-30,2026-10-02T00:00:00+05:30
1376,Hybrid Financial Services Limited,HYBRIDFIN.NS,Unspecified,Scored,,0.581496926473096,0.41850307352690397,1259,INE965B01022,STANDALONE,2026-06-30,0.5822,2026-07-31T13:33:09+05:30,1,8,,2026-09-30,2026-10-02T00:00:00+05:30
1004,Bohra Industries Limited,BOHRAIND.NS,Unspecified,Scored,,0.5813344551097769,0.4186655448902231,1260,INE802W01023,STANDALONE,2026-06-30,-0.5655,2026-08-14T18:21:57+05:30,14,2,0.5,2026-09-30,2026-10-02T00:00:00+05:30
2053,Shradha Realty Limited,SHRADHA.NS,Unspecified,Scored,,0.5811304381987387,0.41886956180126134,1261,INE715Y01031,CONSOLIDATED,2026-06-30,4.1986,2026-08-13T21:54:08+05:30,18,3,0.5,2026-09-30,2026-10-02T00:00:00+05:30
1551,Lagnam Spintex Limited,LAGNAM.NS,Unspecified,Scored,,0.5810372618015102,0.41896273819848984,1262,INE548Z01017,STANDALONE,2026-06-30,5.8861,2026-07-30T18:59:43+05:30,19,0,0.5,2026-09-30,2026-10-02T00:00:00+05:30
1538,Kritika Wires Limited,KRITIKA.NS,Unspecified,Scored,,0.5808790599519024,0.41912094004809763,1263,INE00Z501029,STANDALONE,2026-06-30,1.5998,2026-08-04T15:56:38+05:30,17,0,0.5,2026-09-30,2026-10-02T00:00:00+05:30
831,Akg Exim Limited,AKG.NS,Unspecified,Scored,,0.5808011317358394,0.41919886826416064,1264,INE00Y801016,CONSOLIDATED,2026-06-30,0.0885,2026-08-12T17:58:36+05:30,16,3,0.5,2026-09-30,2026-10-02T00:00:00+05:30
1984,Sanathan Textiles Limited,SANATHAN.NS,Unspecified,Scored,,0.5807214244623137,0.4192785755376863,1265,INE0JPD01013,CONSOLIDATED,2026-06-30,23.82,2026-08-03T18:24:03+05:30,8,0,0.5,2026-09-30,2026-10-02T00:00:00+05:30
129,J K Cements,JKCEMENT.NS,Cement,Scored,,0.580538316896535,0.419461683103465,1266,INE823G01014,CONSOLIDATED,2026-06-30,274.62,2026-07-18T16:08:13+05:30,26,0,0.5,2026-09-30,2026-10-02T00:00:00+05:30
2014,SEDEMAC Mechatronics Limited,SEDEMAC.NS,Unspecified,Scored,,0.5803952211797762,0.41960477882022384,1267,INE00XB01019,STANDALONE,2026-06-30,33.31,2026-07-28T22:56:02+05:30,2,4,1.0,2026-09-30,2026-10-02T00:00:00+05:30
1389,IL&FS Engineering and Construction Company Limited,IL&FSENGG.NS,Unspecified,Scored,,0.5801016337481962,0.41989836625180377,1268,INE369I01014,CONSOLIDATED,2026-06-30,0.0138,2026-07-31T17:52:38+05:30,25,0,0.75,2026-09-30,2026-10-02T00:00:00+05:30
836,Alankit Limited,ALANKIT.NS,Unspecified,Scored,,0.5800480939486801,0.41995190605131993,1269,INE914E01040,CONSOLIDATED,2026-06-30,5.316,2026-08-07T18:54:11+05:30,28,0,0.5,2026-09-30,2026-10-02T00:00:00+05:30
2352,The Western India Plywoods Limited,WIPL.NS,Unspecified,Scored,,0.5800276849555001,0.41997231504449994,1270,INE215F01023,CONSOLIDATED,2026-06-30,-0.3,2026-08-12T14:29:34+05:30,28,0,0.5,2026-09-30,2026-10-02T00:00:00+05:30
1856,Praxis Home Retail Limited,PRAXIS.NS,Unspecified,Scored,,0.5796324461440819,0.42036755385591806,1271,INE546Y01022,STANDALONE,2026-06-30,-11.0649,2026-08-07T18:26:03+05:30,31,0,0.5,2026-09-30,2026-10-02T00:00:00+05:30
807,Advent Hotels International Limited,ADVENTHTL.NS,Unspecified,Scored,,0.5792999773508041,0.4207000226491959,1272,INE28GN01010,CONSOLIDATED,2026-06-30,6.745,2026-08-06T19:18:13+05:30,4,3,0.6666666666666666,2026-09-30,2026-10-02T00:00:00+05:30
2341,Wonder Electricals Limited,WEL.NS,Unspecified,Scored,,0.5790905778971234,0.42090942210287663,1273,INE02WG01024,CONSOLIDATED,2026-06-30,3.9701,2026-08-12T16:26:02+05:30,4,0,0.0,2026-09-30,2026-10-02T00:00:00+05:30
1885,Radaan Mediaworks India Limited,RADAAN.NS,Unspecified,Scored,,0.5789662470368745,0.4210337529631255,1274,INE874F01027,CONSOLIDATED,2026-06-30,-0.4374,2026-08-13T18:06:19+05:30,28,0,0.75,2026-09-30,2026-10-02T00:00:00+05:30
402,Krishna Institute of Medical Sciences Ltd.,KIMS.NS,Healthcare,Scored,,0.5787470145200343,0.4212529854799657,1275,INE967H01025,CONSOLIDATED,2026-06-30,37.4,2026-08-03T19:01:09+05:30,19,0,0.25,2026-09-30,2026-10-02T00:00:00+05:30
654,Orkla India Ltd.,ORKLAINDIA.NS,Fast Moving Consumer Goods,Scored,,0.5787027084516956,0.4212972915483044,1276,INE16NZ01023,CONSOLIDATED,2026-06-30,87.705,2026-08-04T17:40:13+05:30,4,3,0.6666666666666666,2026-09-30,2026-10-02T00:00:00+05:30
331,Eris Lifesciences Ltd.,ERIS.NS,Healthcare,Scored,,0.5782688143157504,0.4217311856842496,1277,INE406M01024,CONSOLIDATED,2026-06-30,143.32,2026-07-29T14:47:17+05:30,32,0,0.5,2026-09-30,2026-10-02T00:00:00+05:30
622,KRN Heat Exchanger and Refrigeration Ltd.,KRN.NS,Capital Goods,Scored,,0.5782591441785354,0.4217408558214646,1278,INE0Q3J01015,CONSOLIDATED,2026-06-30,32.8956,2026-08-12T18:14:13+05:30,8,0,1.0,2026-09-30,2026-10-02T00:00:00+05:30
957,Brightcom Group Limited,BCG.NS,Unspecified,Scored,,0.5782122412272197,0.4217877587727803,1279,INE425B01027,CONSOLIDATED,2026-06-30,261.577,2026-08-14T19:41:12+05:30,26,0,0.5,2026-09-30,2026-10-02T00:00:00+05:30
1997,Sasken Technologies Limited,SASKEN.NS,Unspecified,Scored,,0.5781089740226267,0.42189102597737327,1280,INE231F01020,CONSOLIDATED,2026-06-30,23.5215,2026-07-31T18:57:14+05:30,29,0,0.5,2026-09-30,2026-10-02T00:00:00+05:30
1214,Fiberweb (India) Limited,FIBERWEB.NS,Unspecified,Scored,,0.5776250976769656,0.42237490232303443,1281,INE296C01020,STANDALONE,2026-06-30,0.2734,2026-08-14T18:10:16+05:30,14,0,0.5,2026-09-30,2026-10-02T00:00:00+05:30
56,United Spirits,UNITDSPR.NS,Beverages,Scored,,0.5776246479958332,0.42237535200416676,1282,INE854D01024,CONSOLIDATED,2026-06-30,462.5,2026-07-22T20:54:09+05:30,27,3,0.5,2026-09-30,2026-10-02T00:00:00+05:30
811,Aeroflex Neu Limited,AERONEU.NS,Unspecified,Scored,,0.5776109990531771,0.42238900094682286,1283,INE035801013,CONSOLIDATED,2026-06-30,0.0842,2026-07-29T17:16:07+05:30,15,0,0.5,2026-09-30,2026-10-02T00:00:00+05:30
1879,Pyramid Technoplast Limited,PYRAMID.NS,Unspecified,Scored,,0.5775734606982471,0.4224265393017529,1284,INE0MIS01010,STANDALONE,2026-06-30,10.445,2026-08-11T13:28:56+05:30,13,0,0.5,2026-09-30,2026-10-02T00:00:00+05:30
860,Anik Industries Limited,ANIKINDS.NS,Unspecified,Scored,,0.577344786943226,0.422655213056774,1285,INE087B01017,CONSOLIDATED,2026-06-30,0.2329,2026-08-14T18:27:04+05:30,25,5,,2026-09-30,2026-10-02T00:00:00+05:30
54,Trent,TRENT.NS,Retail,Scored,,0.5772597035181399,0.42274029648186007,1286,INE849A01020,CONSOLIDATED,2026-06-30,518.07,2026-08-06T17:07:06+05:30,28,0,0.5,2026-09-30,2026-10-02T00:00:00+05:30
1087,Dangee Dums Limited,DANGEE.NS,Unspecified,Scored,,0.5772522772935614,0.42274772270643857,1287,INE688Y01022,STANDALONE,2026-06-30,-0.497,2026-08-13T16:54:10+05:30,22,0,0.5,2026-09-30,2026-10-02T00:00:00+05:30
2165,Sutlej Textiles and Industries Limited,SUTLEJTEX.NS,Unspecified,Scored,,0.5771122295188879,0.42288777048111215,1288,INE645H01027,CONSOLIDATED,2026-06-30,0.85,2026-08-06T17:08:02+05:30,29,0,0.75,2026-09-30,2026-10-02T00:00:00+05:30
254,Amara Raja Energy & Mobility Ltd.,ARE&M.NS,Automobile and Auto Components,Scored,,0.5769999320085207,0.42300006799147927,1289,INE885A01032,CONSOLIDATED,2026-06-30,190.94,2026-08-10T19:39:13+05:30,27,0,0.5,2026-09-30,2026-10-02T00:00:00+05:30
201,IDBI Bank,IDBI.NS,Banks,Scored,,0.576944476829137,0.42305552317086303,1290,INE008A01015,CONSOLIDATED,2026-06-30,2130.57,2026-07-18T17:34:07+05:30,28,0,0.75,2026-09-30,2026-10-02T00:00:00+05:30
1353,Himatsingka Seide Limited,HIMATSEIDE.NS,Unspecified,Scored,,0.5765166645269586,0.4234833354730414,1291,INE049A01027,CONSOLIDATED,2026-06-30,4.9873,2026-08-12T17:59:01+05:30,30,0,0.5,2026-09-30,2026-10-02T00:00:00+05:30
2339,Wealth First Portfolio Managers Limited,WEALTH.NS,Unspecified,Scored,,0.5764027783858657,0.42359722161413427,1292,INE658T01017,CONSOLIDATED,2026-06-30,10.421,2026-08-13T14:29:22+05:30,19,0,0.25,2026-09-30,2026-10-02T00:00:00+05:30
192,Grasim Inds,GRASIM.NS,Cement,Scored,,0.576369321424197,0.42363067857580305,1293,INE047A01021,CONSOLIDATED,2026-06-30,3846.28,2026-08-12T14:44:41+05:30,29,0,0.75,2026-09-30,2026-10-02T00:00:00+05:30
1722,New Delhi Television Limited,NDTV.NS,Unspecified,Scored,,0.5758757033861854,0.42412429661381457,1294,INE155G01029,CONSOLIDATED,2026-06-30,-81.88,2026-07-21T19:20:39+05:30,28,0,0.5,2026-09-30,2026-10-02T00:00:00+05:30
2325,VL E-Governance & IT Solutions Limited,VLEGOV.NS,Unspecified,Scored,,0.5758382756524435,0.4241617243475565,1295,INE03HW01020,STANDALONE,2026-06-30,-0.5736,2026-08-10T17:56:13+05:30,13,0,0.5,2026-09-30,2026-10-02T00:00:00+05:30
1554,Lorenzini Apparels Limited,LAL.NS,Unspecified,Scored,,0.5754903156754573,0.4245096843245427,1296,INE740X01023,STANDALONE,2026-06-30,2.1677,2026-08-11T17:53:15+05:30,14,0,0.5,2026-09-30,2026-10-02T00:00:00+05:30
1704,Nagreeka Exports Limited,NAGREEKEXP.NS,Unspecified,Scored,,0.5754861982760441,0.4245138017239559,1297,INE123B01028,STANDALONE,2026-06-30,1.0364,2026-08-13T19:47:13+05:30,32,0,0.5,2026-09-30,2026-10-02T00:00:00+05:30
152,UltraTech Cem.,ULTRACEMCO.NS,Cement,Scored,,0.5754513516561733,0.42454864834382666,1298,INE481G01011,CONSOLIDATED,2026-06-30,2603.72,2026-07-20T19:58:45+05:30,28,0,0.5,2026-09-30,2026-10-02T00:00:00+05:30
2153,Suprajit Engineering Limited,SUPRAJIT.NS,Unspecified,Scored,,0.5751833508725928,0.42481664912740724,1299,INE399C01030,CONSOLIDATED,2026-06-30,52.229,2026-08-06T17:56:16+05:30,32,0,0.5,2026-09-30,2026-10-02T00:00:00+05:30
2013,SECUREKLOUD TECHNOLOGIES LIMITED,SECURKLOUD.NS,Unspecified,Scored,,0.57518044755568,0.42481955244432,1300,INE650K01021,CONSOLIDATED,2026-06-30,-1.6841,2026-08-10T22:23:14+05:30,26,5,,2026-09-30,2026-10-02T00:00:00+05:30
1113,Dev Information Technology Limited,DEVIT.NS,Unspecified,Scored,,0.5751753151822239,0.42482468481777613,1301,INE060X01034,CONSOLIDATED,2026-06-30,2.109,2026-08-13T18:28:11+05:30,16,0,0.5,2026-09-30,2026-10-02T00:00:00+05:30
1962,Ravinder Heights Limited,RVHL.NS,Unspecified,Scored,,0.5751658841217612,0.4248341158782388,1302,INE09E501017,CONSOLIDATED,2026-06-30,-1.6872,2026-08-07T17:15:57+05:30,20,1,1.0,2026-09-30,2026-10-02T00:00:00+05:30
110,Radico Khaitan,RADICO.NS,Beverages,Scored,,0.5749072810685785,0.42509271893142153,1303,INE944F01028,CONSOLIDATED,2026-06-30,229.6014,2026-07-28T15:29:17+05:30,25,0,1.0,2026-09-30,2026-10-02T00:00:00+05:30
75,Tube Investments,TIINDIA.NS,Auto Ancillaries,Scored,,0.5748765387404978,0.4251234612595022,1304,INE974X01010,CONSOLIDATED,2026-06-30,293.96,2026-08-14T17:14:16+05:30,30,0,0.25,2026-09-30,2026-10-02T00:00:00+05:30
2163,Suryalakshmi Cotton Mills Limited,SURYALAXMI.NS,Unspecified,Scored,,0.5748300509151882,0.42516994908481176,1305,INE713B01026,STANDALONE,2026-06-30,2.3529,2026-08-08T17:56:11+05:30,31,0,0.75,2026-09-30,2026-10-02T00:00:00+05:30
895,Associated Alcohols & Breweries Ltd.,ASALCBR.NS,Unspecified,Scored,,0.5746745750217298,0.4253254249782702,1306,INE073G01016,CONSOLIDATED,2026-06-30,17.8312,2026-07-24T19:15:03+05:30,9,0,0.25,2026-09-30,2026-10-02T00:00:00+05:30
988,BirlaNu Limited,BIRLANU.NS,Unspecified,Scored,,0.5739798669088692,0.42602013309113085,1307,INE557A01011,CONSOLIDATED,2026-06-30,9.4,2026-08-06T19:04:12+05:30,27,0,0.5,2026-09-30,2026-10-02T00:00:00+05:30
946,Banaras Beads Limited,BANARBEADS.NS,Unspecified,Scored,,0.5732432156820843,0.42675678431791575,1308,INE655B01011,STANDALONE,2026-06-30,0.7198,2026-07-23T14:13:12+05:30,32,0,0.5,2026-09-30,2026-10-02T00:00:00+05:30
360,Honasa Consumer Ltd.,HONASA.NS,Fast Moving Consumer Goods,Scored,,0.5730767558809853,0.4269232441190147,1309,INE0J5401028,CONSOLIDATED,2026-06-30,90.448,2026-08-13T16:26:20+05:30,11,0,1.0,2026-09-30,2026-10-02T00:00:00+05:30
765,Kitex Garments Ltd.,KITEX.NS,Textiles,Scored,,0.573073143015851,0.426926856984149,1310,INE602G01020,CONSOLIDATED,2026-06-30,-17.1205,2026-08-14T16:35:48+05:30,29,0,0.25,2026-09-30,2026-10-02T00:00:00+05:30
1640,Mcleod Russel India Limited,MCLEODRUSS.NS,Unspecified,Scored,,0.573058414945582,0.42694158505441804,1311,INE942G01012,CONSOLIDATED,2026-06-30,-13.38,2026-08-14T17:15:18+05:30,26,0,0.5,2026-09-30,2026-10-02T00:00:00+05:30
1972,Sai Parenterals Limited,SAIPARENT.NS,Unspecified,Scored,,0.5725495325866655,0.4274504674133345,1312,INE0H9F01037,CONSOLIDATED,2026-06-30,7.922,2026-08-11T18:19:08+05:30,3,3,0.5,2026-09-30,2026-10-02T00:00:00+05:30
2235,TREJHARA SOLUTIONS LIMITED,TREJHARA.NS,Unspecified,Scored,,0.5720363470432668,0.4279636529567332,1313,INE00CA01015,CONSOLIDATED,2026-06-30,4.7904,2026-08-04T19:15:19+05:30,28,0,1.0,2026-09-30,2026-10-02T00:00:00+05:30
833,Akshar Spintex Limited,AKSHAR.NS,Unspecified,Scored,,0.5718838403819692,0.42811615961803084,1314,INE256Z01025,STANDALONE,2026-06-30,0.598,2026-08-07T16:11:08+05:30,18,0,0.5,2026-09-30,2026-10-02T00:00:00+05:30
713,Strides Pharma Science Ltd.,STAR.NS,Healthcare,Scored,,0.571691628822303,0.42830837117769704,1315,INE939A01011,CONSOLIDATED,2026-06-30,165.493,2026-07-31T15:30:14+05:30,29,0,0.75,2026-09-30,2026-10-02T00:00:00+05:30
761,CORONA Remedies Ltd.,CORONA.NS,Healthcare,Scored,,0.5713656051701741,0.4286343948298259,1316,INE02ZQ01018,CONSOLIDATED,2026-06-30,60.11,2026-07-31T18:05:17+05:30,3,3,1.0,2026-09-30,2026-10-02T00:00:00+05:30
1660,Mirza International Limited,MIRZAINT.NS,Unspecified,Scored,,0.5712459883403174,0.42875401165968263,1317,INE771A01026,CONSOLIDATED,2026-06-30,-4.0704,2026-08-06T13:26:16+05:30,30,0,0.25,2026-09-30,2026-10-02T00:00:00+05:30
933,Baid Finserv Limited,BAIDFIN.NS,Unspecified,Scored,,0.5703251876958866,0.4296748123041134,1318,INE020D01022,STANDALONE,2026-06-30,4.3442,2026-08-13T18:16:11+05:30,14,0,0.75,2026-09-30,2026-10-02T00:00:00+05:30
618,Jyothy Labs Ltd.,JYOTHYLAB.NS,Fast Moving Consumer Goods,Scored,,0.5702982014427712,0.4297017985572288,1319,INE668F01031,STANDALONE,2026-06-30,47.64,2026-08-12T16:59:14+05:30,9,0,0.0,2026-09-30,2026-10-02T00:00:00+05:30
2167,Suvidhaa Infoserve Limited,SUVIDHAA.NS,Unspecified,Scored,,0.5700835261633324,0.42991647383666765,1320,INE018401013,CONSOLIDATED,2026-06-30,-1.907,2026-08-14T19:40:16+05:30,22,3,0.5,2026-09-30,2026-10-02T00:00:00+05:30
1970,Shalibhadra Finance Limited,SAHLIBHFI.NS,Unspecified,Scored,,0.5700657023031107,0.4299342976968893,1321,INE861D01011,STANDALONE,2026-06-30,4.93,2026-08-12T20:38:11+05:30,2,4,0.0,2026-09-30,2026-10-02T00:00:00+05:30
1085,Dam Capital Advisors Limited,DAMCAPITAL.NS,Unspecified,Scored,,0.5698815894058942,0.4301184105941058,1322,INE284H01025,CONSOLIDATED,2026-06-30,0.15,2026-08-11T20:32:44+05:30,7,0,0.25,2026-09-30,2026-10-02T00:00:00+05:30
1227,Foods & Inns Limited,FOODSIN.NS,Unspecified,Scored,,0.5697226763471059,0.43027732365289406,1323,INE976E01023,CONSOLIDATED,2026-06-30,3.8311,2026-08-11T23:11:07+05:30,16,3,0.0,2026-09-30,2026-10-02T00:00:00+05:30
1684,Motisons Jewellers Limited,MOTISONS.NS,Unspecified,Scored,,0.569520897801632,0.43047910219836805,1324,INE0FRK01020,STANDALONE,2026-06-30,11.0482,2026-08-12T17:12:15+05:30,11,0,0.75,2026-09-30,2026-10-02T00:00:00+05:30
2029,SG Mart Limited,SGMART.NS,Unspecified,Scored,,0.5691962763568867,0.43080372364311326,1325,INE385F01024,CONSOLIDATED,2026-06-30,45.58,2026-07-20T18:26:17+05:30,4,3,0.6666666666666666,2026-09-30,2026-10-02T00:00:00+05:30
1508,Kingfa Science & Technology (India) Limited,KINGFA.NS,Unspecified,Scored,,0.5690774724992771,0.4309225275007229,1326,INE473D01015,STANDALONE,2026-06-30,80.2075,2026-08-14T22:40:27+05:30,32,0,1.0,2026-09-30,2026-10-02T00:00:00+05:30
495,Urban Company Ltd.,URBANCO.NS,Consumer Services,Scored,,0.568915995886749,0.431084004113251,1327,INE0CAZ01013,CONSOLIDATED,2026-06-30,-92.12,2026-07-31T17:16:10+05:30,4,3,0.6666666666666666,2026-09-30,2026-10-02T00:00:00+05:30
516,Aequs Ltd.,AEQUS.NS,Capital Goods,Scored,,0.5686965927287169,0.43130340727128313,1328,INE947N01017,CONSOLIDATED,2026-06-30,-53.228,2026-07-29T19:20:54+05:30,3,3,0.5,2026-09-30,2026-10-02T00:00:00+05:30
1768,Oil Country Tubular Limited,OILCOUNTUB.NS,Unspecified,Scored,,0.568592137951922,0.431407862048078,1329,INE591A01010,STANDALONE,2026-06-30,-15.1064,2026-07-30T16:24:00+05:30,26,4,0.0,2026-09-30,2026-10-02T00:00:00+05:30
2139,Subex Limited,SUBEXLTD.NS,Unspecified,Scored,,0.5684290447553157,0.43157095524468425,1330,INE754A01055,CONSOLIDATED,2026-06-30,14.22,2026-08-05T17:42:52+05:30,23,0,0.75,2026-09-30,2026-10-02T00:00:00+05:30
243,Aditya Birla Fashion and Retail Ltd.,ABFRL.NS,Consumer Services,Scored,,0.5683384440772645,0.4316615559227355,1331,INE647O01011,CONSOLIDATED,2026-06-30,-248.73,2026-08-08T16:25:05+05:30,27,0,0.25,2026-09-30,2026-10-02T00:00:00+05:30
2262,Unicommerce Esolutions Limited,UNIECOM.NS,Unspecified,Scored,,0.5683038754388264,0.43169612456117357,1332,INE00U401027,CONSOLIDATED,2026-06-30,4.675,2026-08-13T20:00:10+05:30,5,4,1.0,2026-09-30,2026-10-02T00:00:00+05:30
1946,Rajshree Polypack Limited,RPPL.NS,Unspecified,Scored,,0.5682223964103739,0.43177760358962614,1333,INE760W01023,CONSOLIDATED,2026-06-30,7.2568,2026-08-05T18:07:32+05:30,16,0,0.75,2026-09-30,2026-10-02T00:00:00+05:30
373,Indraprastha Gas Ltd.,IGL.NS,Oil Gas & Consumable Fuels,Scored,,0.5681238910523039,0.4318761089476961,1334,INE203G01027,CONSOLIDATED,2026-06-30,237.92,2026-08-13T16:36:30+05:30,29,0,0.25,2026-09-30,2026-10-02T00:00:00+05:30
2317,Virinchi Limited,VIRINCHI.NS,Unspecified,Scored,,0.5680867290473149,0.43191327095268506,1335,INE539B01017,CONSOLIDATED,2026-06-30,0.4832,2026-08-13T20:02:23+05:30,8,3,0.5,2026-09-30,2026-10-02T00:00:00+05:30
1216,Filatex Fashions Limited,FILATFASH.NS,Unspecified,Scored,,0.5679464399854949,0.4320535600145051,1336,INE185E01021,CONSOLIDATED,2026-06-30,0.3087,2026-08-14T20:48:06+05:30,10,0,0.25,2026-09-30,2026-10-02T00:00:00+05:30
2174,Symphony Limited,SYMPHONY.NS,Unspecified,Scored,,0.5679200656803862,0.4320799343196138,1337,INE225D01027,CONSOLIDATED,2026-06-30,40.0,2026-08-04T16:50:15+05:30,31,3,0.5,2026-09-30,2026-10-02T00:00:00+05:30
1126,Digidrive Distributors Limited,DIGIDRIVE.NS,Unspecified,Scored,,0.5677351095424144,0.43226489045758565,1338,INE0PSC01024,CONSOLIDATED,2026-06-30,0.27,2026-08-12T16:26:04+05:30,11,0,0.75,2026-09-30,2026-10-02T00:00:00+05:30
1801,Palash Securities Limited,PALASHSECU.NS,Unspecified,Scored,,0.5676834718946417,0.43231652810535826,1339,INE471W01019,CONSOLIDATED,2026-06-30,-1.4654,2026-08-14T17:59:06+05:30,23,3,1.0,2026-09-30,2026-10-02T00:00:00+05:30
235,ACC Ltd.,ACC.NS,Construction Materials,Scored,,0.5675957178043192,0.43240428219568083,1340,INE012A01025,CONSOLIDATED,2026-06-30,147.0,2026-07-24T17:21:06+05:30,24,0,0.5,2026-09-30,2026-10-02T00:00:00+05:30
308,Cyient Ltd.,CYIENT.NS,Information Technology,Scored,,0.5671247917771002,0.4328752082228998,1341,INE136B01020,CONSOLIDATED,2026-06-30,108.7,2026-07-23T18:49:16+05:30,29,3,0.0,2026-09-30,2026-10-02T00:00:00+05:30
816,AGI Greenpac Limited,AGI.NS,Unspecified,Scored,,0.5668305494969775,0.43316945050302247,1342,INE415A01038,CONSOLIDATED,2026-06-30,99.35,2026-07-28T20:10:08+05:30,7,0,0.0,2026-09-30,2026-10-02T00:00:00+05:30
815,Agarwal Industrial Corporation Limited,AGARIND.NS,Unspecified,Scored,,0.5668083028030767,0.4331916971969233,1343,INE204E01012,CONSOLIDATED,2026-06-30,10.3491,2026-08-13T17:32:57+05:30,29,0,0.25,2026-09-30,2026-10-02T00:00:00+05:30
2195,Team India Guaranty Limited,TEAMGTY.NS,Unspecified,Scored,,0.5665047253519219,0.43349527464807813,1344,INE289C01025,STANDALONE,2026-06-30,0.9382,2026-08-14T18:05:12+05:30,25,3,0.5,2026-09-30,2026-10-02T00:00:00+05:30
301,Clean Science and Technology Ltd.,CLEAN.NS,Chemicals,Scored,,0.5661517291892976,0.43384827081070243,1345,INE227W01023,CONSOLIDATED,2026-06-30,73.35,2026-08-01T16:36:09+05:30,21,0,0.5,2026-09-30,2026-10-02T00:00:00+05:30
1452,Jet Freight Logistics Limited,JETFREIGHT.NS,Unspecified,Scored,,0.5661387248222004,0.4338612751777996,1346,INE982V01025,CONSOLIDATED,2026-06-30,2.5288,2026-08-13T19:40:09+05:30,17,0,0.5,2026-09-30,2026-10-02T00:00:00+05:30
142,Oil India,OIL.NS,Oil & Gas,Scored,,0.5660813875876471,0.43391861241235286,1347,INE274J01014,CONSOLIDATED,2026-06-30,4026.83,2026-08-07T19:54:29+05:30,27,0,1.0,2026-09-30,2026-10-02T00:00:00+05:30
1132,Divgi Torqtransfer Systems Limited,DIVGIITTS.NS,Unspecified,Scored,,0.5659755847273925,0.4340244152726075,1348,INE753U01022,STANDALONE,2026-06-30,25.24,2026-08-11T19:39:28+05:30,14,0,1.0,2026-09-30,2026-10-02T00:00:00+05:30
2088,S.J.S. Enterprises Limited,SJS.NS,Unspecified,Scored,,0.5657047626231413,0.4342952373768587,1349,INE284S01014,CONSOLIDATED,2026-06-30,74.421,2026-08-06T15:32:14+05:30,18,0,1.0,2026-09-30,2026-10-02T00:00:00+05:30
985,Biofil Chemicals & Pharmaceuticals Limited,BIOFILCHEM.NS,Unspecified,Scored,,0.5653367041476958,0.43466329585230423,1350,INE829A01014,STANDALONE,2026-06-30,0.1091,2026-08-11T18:27:16+05:30,32,0,0.25,2026-09-30,2026-10-02T00:00:00+05:30
450,Redington Ltd.,REDINGTON.NS,Services,Scored,,0.5651874451448888,0.43481255485511117,1351,INE891D01026,CONSOLIDATED,2026-06-30,453.49,2026-07-29T17:43:16+05:30,32,0,0.75,2026-09-30,2026-10-02T00:00:00+05:30
475,Tata Chemicals Ltd.,TATACHEM.NS,Chemicals,Scored,,0.5649746061201308,0.43502539387986916,1352,INE092A01019,CONSOLIDATED,2026-06-30,60.0,2026-07-27T20:09:10+05:30,30,0,0.25,2026-09-30,2026-10-02T00:00:00+05:30
2111,Spencer's Retail Limited,SPENCERS.NS,Unspecified,Scored,,0.5649499912122571,0.4350500087877429,1353,INE020801028,CONSOLIDATED,2026-06-30,-60.4488,2026-08-13T19:19:22+05:30,27,0,0.5,2026-09-30,2026-10-02T00:00:00+05:30
1532,Krebs Biochemicals and Industries Limited,KREBSBIO.NS,Unspecified,Scored,,0.5644697477990893,0.4355302522009107,1354,INE268B01013,STANDALONE,2026-06-30,-2.4848,2026-08-06T16:00:17+05:30,26,0,0.5,2026-09-30,2026-10-02T00:00:00+05:30
969,BF Investment Limited,BFINVEST.NS,Unspecified,Scored,,0.5643985500641704,0.4356014499358296,1355,INE878K01010,CONSOLIDATED,2026-06-30,145.993,2026-08-14T13:43:53+05:30,28,0,1.0,2026-09-30,2026-10-02T00:00:00+05:30
657,PC Jeweller Ltd.,PCJEWELLER.NS,Consumer Durables,Scored,,0.5643857906614331,0.43561420933856687,1356,INE785M01021,CONSOLIDATED,2026-06-30,221.88,2026-08-10T19:15:12+05:30,29,0,0.5,2026-09-30,2026-10-02T00:00:00+05:30
686,Relaxo Footwears Ltd.,RELAXO.NS,Consumer Durables,Scored,,0.5641047105706675,0.43589528942933253,1357,INE131B01039,STANDALONE,2026-06-30,54.94,2026-08-13T17:46:12+05:30,32,0,0.25,2026-09-30,2026-10-02T00:00:00+05:30
643,Metro Brands Ltd.,METROBRAND.NS,Consumer Durables,Scored,,0.5638659349555138,0.43613406504448615,1358,INE317I01021,CONSOLIDATED,2026-06-30,95.26,2026-08-04T19:21:51+05:30,16,1,0.0,2026-09-30,2026-10-02T00:00:00+05:30
487,Timken India Ltd.,TIMKEN.NS,Capital Goods,Scored,,0.563737700133357,0.436262299866643,1359,INE325A01013,CONSOLIDATED,2026-06-30,119.659,2026-08-04T20:16:01+05:30,3,3,0.5,2026-09-30,2026-10-02T00:00:00+05:30
1131,Dish TV India Limited,DISHTV.NS,Unspecified,Scored,,0.5634690430333757,0.43653095696662425,1360,INE836F01026,CONSOLIDATED,2026-06-30,-286.3077,2026-08-11T19:00:16+05:30,33,0,0.25,2026-09-30,2026-10-02T00:00:00+05:30
1945,R.P.P. Infra Projects Limited,RPPINFRA.NS,Unspecified,Scored,,0.5634510761275902,0.43654892387240984,1361,INE324L01013,CONSOLIDATED,2026-06-30,2.77,2026-08-01T10:11:14+05:30,27,3,0.5,2026-09-30,2026-10-02T00:00:00+05:30
2359,Xelpmoc Design And Tech Limited,XELPMOC.NS,Unspecified,Scored,,0.5632932842599022,0.4367067157400978,1362,INE01P501012,CONSOLIDATED,2026-06-30,-2.2044,2026-08-14T21:52:03+05:30,27,0,0.25,2026-09-30,2026-10-02T00:00:00+05:30
608,JK Lakshmi Cement Ltd.,JKLAKSHMI.NS,Construction Materials,Scored,,0.5632875570927587,0.4367124429072413,1363,INE786A01032,CONSOLIDATED,2026-06-30,108.07,2026-08-05T17:16:12+05:30,27,0,0.25,2026-09-30,2026-10-02T00:00:00+05:30
2062,Shriram Properties Limited,SHRIRAMPPS.NS,Unspecified,Scored,,0.5632385980048514,0.43676140199514857,1364,INE217L01019,CONSOLIDATED,2026-06-30,11.04,2026-08-12T19:55:03+05:30,17,0,0.25,2026-09-30,2026-10-02T00:00:00+05:30
1667,One Mobikwik Systems Limited,MOBIKWIK.NS,Unspecified,Scored,,0.563038738750685,0.436961261249315,1365,INE0HLU01028,CONSOLIDATED,2026-06-30,7.616,2026-08-03T12:35:49+05:30,8,0,1.0,2026-09-30,2026-10-02T00:00:00+05:30
1695,Munjal Auto Industries Limited,MUNJALAU.NS,Unspecified,Scored,,0.5628716153012697,0.4371283846987303,1366,INE672B01032,CONSOLIDATED,2026-06-30,28.5037,2026-08-12T15:49:13+05:30,27,3,0.5,2026-09-30,2026-10-02T00:00:00+05:30
1983,Sampann Utpadan India Limited,SAMPANN.NS,Unspecified,Scored,,0.5627340217915359,0.43726597820846413,1367,INE735M01018,CONSOLIDATED,2026-06-30,2.0541,2026-07-29T14:36:14+05:30,29,0,0.75,2026-09-30,2026-10-02T00:00:00+05:30
1063,Commercial Syn Bags Limited,COMSYN.NS,Unspecified,Scored,,0.5626120431396341,0.4373879568603659,1368,INE073V01015,CONSOLIDATED,2026-06-30,8.9331,2026-08-08T19:52:12+05:30,11,0,0.75,2026-09-30,2026-10-02T00:00:00+05:30
119,SBI Life Insuran,SBILIFE.NS,Insurance,Scored,,0.5623599258751061,0.4376400741248939,1369,INE123W01016,STANDALONE,2026-06-30,724.9331,2026-07-24T16:53:11+05:30,6,4,0.5,2026-09-30,2026-10-02T00:00:00+05:30
170,H U D C O,HUDCO.NS,Financial Services,Scored,,0.5621806550693089,0.4378193449306911,1370,INE031A01017,CONSOLIDATED,2026-06-30,851.11,2026-07-27T17:30:13+05:30,26,0,0.75,2026-09-30,2026-10-02T00:00:00+05:30
788,Aarvi Encon Limited,AARVI.NS,Unspecified,Scored,,0.5621147598169751,0.4378852401830249,1371,INE754X01016,CONSOLIDATED,2026-06-30,5.9889,2026-08-12T17:28:21+05:30,25,0,1.0,2026-09-30,2026-10-02T00:00:00+05:30
2047,Shivam Autotech Limited,SHIVAMAUTO.NS,Unspecified,Scored,,0.562003149549081,0.43799685045091896,1372,INE637H01024,STANDALONE,2026-06-30,-20.9894,2026-08-13T18:19:10+05:30,27,5,,2026-09-30,2026-10-02T00:00:00+05:30
1069,COSMO FIRST LIMITED,COSMOFIRST.NS,Unspecified,Scored,,0.5617683411313654,0.4382316588686346,1373,INE757A01017,CONSOLIDATED,2026-06-30,53.75,2026-08-06T18:35:47+05:30,30,0,0.75,2026-09-30,2026-10-02T00:00:00+05:30
1952,R. S. Software (India) Limited,RSSOFTWARE.NS,Unspecified,Scored,,0.5617278918901207,0.43827210810987927,1374,INE165B01029,CONSOLIDATED,2026-06-30,-7.482,2026-07-22T18:50:07+05:30,30,0,0.25,2026-09-30,2026-10-02T00:00:00+05:30
317,Dr. Lal Path Labs Ltd.,LALPATHLAB.NS,Healthcare,Scored,,0.5603552220084916,0.43964477799150836,1375,INE600L01024,CONSOLIDATED,2026-06-30,170.5,2026-07-24T17:58:13+05:30,32,0,0.75,2026-09-30,2026-10-02T00:00:00+05:30
546,BlueStone Jewellery and Lifestyle Ltd.,BLUESTONE.NS,Consumer Durables,Scored,,0.5603531749446758,0.43964682505532415,1376,INE304W01038,CONSOLIDATED,2026-06-30,5.961,2026-07-20T20:09:04+05:30,5,0,0.25,2026-09-30,2026-10-02T00:00:00+05:30
163,HDFC Life Insur.,HDFCLIFE.NS,Insurance,Scored,,0.5601778025628452,0.4398221974371548,1377,INE795G01014,CONSOLIDATED,2026-06-30,611.19,2026-07-15T17:51:10+05:30,5,4,0.5,2026-09-30,2026-10-02T00:00:00+05:30
1444,Jai Corp Limited,JAICORPLTD.NS,Unspecified,Scored,,0.5601307968795679,0.4398692031204321,1378,INE070D01027,CONSOLIDATED,2026-06-30,28.2,2026-08-13T17:28:20+05:30,27,0,1.0,2026-09-30,2026-10-02T00:00:00+05:30
2276,Utkarsh Small Finance Bank Limited,UTKARSHBNK.NS,Unspecified,Scored,,0.5600384932913224,0.4399615067086776,1379,INE735W01017,STANDALONE,2026-06-30,-33.9197,2026-08-01T19:58:12+05:30,12,0,0.5,2026-09-30,2026-10-02T00:00:00+05:30
15,Coal India,COALINDIA.NS,Mining,Scored,,0.559891648302997,0.440108351697003,1380,INE522F01014,CONSOLIDATED,2026-06-30,8849.81,2026-07-27T17:49:08+05:30,29,3,0.5,2026-09-30,2026-10-02T00:00:00+05:30
1993,Sanwaria Consumer Limited,SANWARIA.NS,Unspecified,Scored,,0.5591991009438614,0.4408008990561386,1381,INE890C01046,CONSOLIDATED,2026-06-30,-0.8925,2026-08-13T21:14:13+05:30,22,2,0.75,2026-09-30,2026-10-02T00:00:00+05:30
2350,Windsor Machines Limited,WINDMACHIN.NS,Unspecified,Scored,,0.5587326741137237,0.44126732588627626,1382,INE052A01021,CONSOLIDATED,2026-06-30,-0.9101,2026-08-08T19:56:15+05:30,26,3,0.5,2026-09-30,2026-10-02T00:00:00+05:30
1778,Onward Technologies Limited,ONWARDTEC.NS,Unspecified,Scored,,0.5583533592284576,0.44164664077154236,1383,INE229A01017,CONSOLIDATED,2026-06-30,11.1694,2026-07-16T14:00:06+05:30,31,0,0.25,2026-09-30,2026-10-02T00:00:00+05:30
1717,NCL Industries Limited,NCLIND.NS,Unspecified,Scored,,0.5583400474701666,0.44165995252983337,1384,INE732C01016,CONSOLIDATED,2026-06-30,17.3832,2026-08-07T16:36:14+05:30,24,3,0.0,2026-09-30,2026-10-02T00:00:00+05:30
368,ITI Ltd.,ITI.NS,Telecommunication,Scored,,0.5581815088922034,0.4418184911077966,1385,INE248A01017,CONSOLIDATED,2026-06-30,-32.25,2026-08-13T18:28:44+05:30,29,3,1.0,2026-09-30,2026-10-02T00:00:00+05:30
2058,Shrenik Limited,SHRENIK.NS,Unspecified,Scored,,0.5581140797287697,0.4418859202712303,1386,INE632X01030,STANDALONE,2026-06-30,-0.1976,2026-07-30T16:41:07+05:30,25,4,1.0,2026-09-30,2026-10-02T00:00:00+05:30
1152,Ducon Infratechnologies Limited,DUCON.NS,Unspecified,Scored,,0.5579701069383644,0.44202989306163565,1387,INE741L01018,CONSOLIDATED,2026-06-30,2.1676,2026-08-12T19:41:13+05:30,20,0,0.5,2026-09-30,2026-10-02T00:00:00+05:30
673,Quess Corp Ltd.,QUESS.NS,Services,Scored,,0.557894485687532,0.44210551431246803,1388,INE615P01015,CONSOLIDATED,2026-06-30,82.124,2026-07-29T20:56:07+05:30,31,0,1.0,2026-09-30,2026-10-02T00:00:00+05:30
203,Shree Cement,SHREECEM.NS,Cement,Scored,,0.5574328941096303,0.44256710589036974,1389,INE070A01015,CONSOLIDATED,2026-06-30,531.12,2026-07-31T18:33:07+05:30,28,0,0.5,2026-09-30,2026-10-02T00:00:00+05:30
1977,Salasar Techno Engineering Limited,SALASAR.NS,Unspecified,Scored,,0.5572415579641846,0.4427584420358154,1390,INE170V01027,CONSOLIDATED,2026-06-30,5.143,2026-08-13T20:31:18+05:30,29,0,0.5,2026-09-30,2026-10-02T00:00:00+05:30
851,Ambica Agarbathies & Aroma industries Limited,AMBICAAGAR.NS,Unspecified,Scored,,0.5571694894853969,0.4428305105146031,1391,INE792B01012,STANDALONE,2026-06-30,1.1053,2026-08-14T19:53:33+05:30,31,0,0.5,2026-09-30,2026-10-02T00:00:00+05:30
1714,Navkar Urbanstructure Limited,NAVKARURB.NS,Unspecified,Scored,,0.5569663911060856,0.4430336088939144,1392,INE268H01044,STANDALONE,2026-06-30,0.2904,2026-08-12T16:36:07+05:30,7,0,0.5,2026-09-30,2026-10-02T00:00:00+05:30
164,REC Ltd,RECLTD.NS,Financial Services,Scored,,0.5569574363374173,0.44304256366258266,1393,INE020B01018,CONSOLIDATED,2026-06-30,4192.76,2026-07-24T19:20:07+05:30,26,0,0.5,2026-09-30,2026-10-02T00:00:00+05:30
122,Ipca Labs.,IPCALAB.NS,Pharmaceuticals,Scored,,0.5568646518823943,0.4431353481176057,1394,INE571A01038,CONSOLIDATED,2026-06-30,424.27,2026-08-13T17:07:14+05:30,29,0,0.75,2026-09-30,2026-10-02T00:00:00+05:30
1039,Centrum Capital Limited,CENTRUM.NS,Unspecified,Scored,,0.5565868750337915,0.44341312496620855,1395,INE660C01027,CONSOLIDATED,2026-06-30,-148.8024,2026-08-12T18:47:16+05:30,23,3,0.5,2026-09-30,2026-10-02T00:00:00+05:30
581,Garware Hi-Tech Films Ltd.,GRWRHITECH.NS,Capital Goods,Scored,,0.5564010952822045,0.4435989047177955,1396,INE291A01017,CONSOLIDATED,2026-06-30,132.65,2026-08-06T15:28:46+05:30,18,0,0.75,2026-09-30,2026-10-02T00:00:00+05:30
1128,Digitide Solutions Limited,DIGITIDE.NS,Unspecified,Scored,,0.5562517344124652,0.4437482655875348,1397,INE0U4701011,CONSOLIDATED,2026-06-30,2.933,2026-07-27T21:54:05+05:30,6,0,0.25,2026-09-30,2026-10-02T00:00:00+05:30
1072,Career Point Edutech Limited,CPEDU.NS,Unspecified,Scored,,0.5562288170090429,0.4437711829909571,1398,INE0P6P01016,CONSOLIDATED,2026-06-30,8.0838,2026-08-12T18:10:21+05:30,5,0,0.75,2026-09-30,2026-10-02T00:00:00+05:30
1450,Jaykay Enterprises Limited,JAYKAY.NS,Unspecified,Scored,,0.5557761374742753,0.44422386252572466,1399,INE903A01025,CONSOLIDATED,2026-06-30,4.5137,2026-08-14T19:54:17+05:30,3,3,0.5,2026-09-30,2026-10-02T00:00:00+05:30
61,Havells India,HAVELLS.NS,Consumer Durables,Scored,,0.5549211935224547,0.4450788064775453,1400,INE176B01034,CONSOLIDATED,2026-06-30,289.71,2026-07-17T17:40:15+05:30,28,0,0.25,2026-09-30,2026-10-02T00:00:00+05:30
1102,Ddev Plastiks Industries Limited,DDEVPLSTIK.NS,Unspecified,Scored,,0.5547940913066662,0.44520590869333376,1401,INE0HR601026,STANDALONE,2026-06-30,63.7934,2026-08-10T18:55:17+05:30,7,0,0.75,2026-09-30,2026-10-02T00:00:00+05:30
151,Bajaj Finserv,BAJAJFINSV.NS,Financial Services,Scored,,0.5545793656322267,0.44542063436777335,1402,INE918I01026,CONSOLIDATED,2026-06-30,6296.67,2026-07-31T16:36:11+05:30,30,3,0.0,2026-09-30,2026-10-02T00:00:00+05:30
405,LT Foods Ltd.,LTFOODS.NS,Fast Moving Consumer Goods,Scored,,0.5545278202985251,0.4454721797014749,1403,INE818H01020,CONSOLIDATED,2026-06-30,183.4458,2026-07-30T18:50:08+05:30,30,0,0.25,2026-09-30,2026-10-02T00:00:00+05:30
1435,Ishan Dyes and Chemicals Limited,ISHANCH.NS,Unspecified,Scored,,0.5544861391924962,0.44551386080750377,1404,INE561M01018,STANDALONE,2026-06-30,0.155,2026-08-14T20:04:13+05:30,6,0,0.25,2026-09-30,2026-10-02T00:00:00+05:30
669,Procter & Gamble Hygiene & Health Care Ltd.,PGHH.NS,Fast Moving Consumer Goods,Scored,,0.5541766334453843,0.44582336655461574,1405,INE179A01014,STANDALONE,2026-06-30,126.27,2026-07-29T15:46:05+05:30,20,0,0.5,2026-09-30,2026-10-02T00:00:00+05:30
691,SKF India (Industrial) Ltd.,SKFINDUS.NS,Capital Goods,Scored,,0.5532322367611063,0.44676776323889367,1406,INE2J8701016,STANDALONE,2026-06-30,61.92,2026-08-11T21:42:03+05:30,2,4,0.0,2026-09-30,2026-10-02T00:00:00+05:30
1271,Globale Tessile Limited,GLOBALE.NS,Unspecified,Scored,,0.5526475634413514,0.44735243655864865,1407,INE0URU01010,STANDALONE,2026-06-30,-0.1233,2026-08-13T18:48:07+05:30,8,0,0.5,2026-09-30,2026-10-02T00:00:00+05:30
2281,Vakrangee Limited,VAKRANGEE.NS,Unspecified,Scored,,0.5523400368353352,0.44765996316466483,1408,INE051B01021,CONSOLIDATED,2026-06-30,2.2562,2026-07-29T18:17:14+05:30,29,0,0.5,2026-09-30,2026-10-02T00:00:00+05:30
2031,Shah Metacorp Limited,SHAH.NS,Unspecified,Scored,,0.5522486857651587,0.44775131423484127,1409,INE482J01021,CONSOLIDATED,2026-06-30,3.5228,2026-08-12T18:26:15+05:30,25,0,0.5,2026-09-30,2026-10-02T00:00:00+05:30
1451,Jayshree Tea & Industries Limited,JAYSREETEA.NS,Unspecified,Scored,,0.5521831552920966,0.4478168447079034,1410,INE364A01020,CONSOLIDATED,2026-06-30,-5.94,2026-08-13T18:42:23+05:30,27,0,0.5,2026-09-30,2026-10-02T00:00:00+05:30
189,Piramal Finance.,PIRAMALFIN.NS,Financial Services,Scored,,0.5521518552243351,0.4478481447756649,1411,INE202B01038,CONSOLIDATED,2026-06-30,460.98,2026-07-16T18:42:05+05:30,3,3,0.5,2026-09-30,2026-10-02T00:00:00+05:30
345,Godawari Power & Ispat Ltd.,GPIL.NS,Capital Goods,Scored,,0.5520615852661032,0.44793841473389684,1412,INE177H01039,CONSOLIDATED,2026-06-30,222.37,2026-08-07T18:44:51+05:30,31,0,0.25,2026-09-30,2026-10-02T00:00:00+05:30
1729,Next Mediaworks Limited,NEXTMEDIA.NS,Unspecified,Scored,,0.5518807884725454,0.4481192115274546,1413,INE747B01016,STANDALONE,2026-06-30,-0.88,2026-07-31T13:00:16+05:30,5,2,0.75,2026-09-30,2026-10-02T00:00:00+05:30
2134,STL Networks Limited,STLNETWORK.NS,Unspecified,Scored,,0.5517300320689325,0.44826996793106755,1414,INE1VXE01018,CONSOLIDATED,2026-06-30,-21.88,2026-07-28T13:33:16+05:30,5,0,0.75,2026-09-30,2026-10-02T00:00:00+05:30
2030,Shadowfax Technologies Limited,SHADOWFAX.NS,Unspecified,Scored,,0.5511245816593116,0.44887541834068845,1415,INE12UN01015,CONSOLIDATED,2026-06-30,65.4,2026-07-31T20:36:15+05:30,3,3,1.0,2026-09-30,2026-10-02T00:00:00+05:30
1175,Emami Paper Mills Limited,EMAMIPAP.NS,Unspecified,Scored,,0.5510984370951769,0.4489015629048231,1416,INE830C01026,STANDALONE,2026-06-30,38.61,2026-07-22T13:46:11+05:30,25,0,1.0,2026-09-30,2026-10-02T00:00:00+05:30
1453,J.G.Chemicals Limited,JGCHEM.NS,Unspecified,Scored,,0.5510662065827955,0.4489337934172045,1417,INE0MB501011,CONSOLIDATED,2026-06-30,26.116,2026-08-08T14:37:45+05:30,10,0,0.75,2026-09-30,2026-10-02T00:00:00+05:30
1112,Denta Water and Infra Solutions Limited,DENTA.NS,Unspecified,Scored,,0.5509306116633883,0.4490693883366117,1418,INE0R4L01018,CONSOLIDATED,2026-06-30,11.168,2026-08-13T20:13:09+05:30,7,0,0.5,2026-09-30,2026-10-02T00:00:00+05:30
369,Indegene Ltd.,INDGN.NS,Healthcare,Scored,,0.5508940680453781,0.4491059319546219,1419,INE065X01017,CONSOLIDATED,2026-06-30,116.2,2026-07-30T19:59:08+05:30,10,0,0.5,2026-09-30,2026-10-02T00:00:00+05:30
2302,Vidhi Specialty Food Ingredients Limited,VIDHIING.NS,Unspecified,Scored,,0.5505591895885791,0.4494408104114209,1420,INE632C01026,CONSOLIDATED,2026-06-30,17.116,2026-07-29T18:00:15+05:30,26,0,0.5,2026-09-30,2026-10-02T00:00:00+05:30
740,Ujjivan Small Finance Bank Ltd.,UJJIVANSFB.NS,Financial Services,Scored,,0.5505429626364827,0.4494570373635173,1421,INE551W01018,STANDALONE,2026-06-30,316.5402,2026-07-23T16:57:06+05:30,21,0,1.0,2026-09-30,2026-10-02T00:00:00+05:30
460,Schneider Electric Infrastructure Ltd.,SCHNEIDER.NS,Capital Goods,Scored,,0.5504059286904758,0.4495940713095242,1422,INE839M01018,STANDALONE,2026-06-30,12.44,2026-08-14T17:50:57+05:30,30,0,0.5,2026-09-30,2026-10-02T00:00:00+05:30
2121,Shree Ram Twistex Limited,SRTL.NS,Unspecified,Scored,,0.5502832286983429,0.4497167713016571,1423,INE19GK01015,STANDALONE,2026-06-30,3.6086,2026-08-12T16:17:36+05:30,3,3,0.5,2026-09-30,2026-10-02T00:00:00+05:30
1035,Ceinsys Tech Limited,CEINSYS.NS,Unspecified,Scored,,0.5501631536534448,0.4498368463465552,1424,INE016Q01014,CONSOLIDATED,2026-06-30,30.95,2026-08-11T17:14:07+05:30,2,4,0.0,2026-09-30,2026-10-02T00:00:00+05:30
1724,North Eastern Carrying Corporation Limited,NECCLTD.NS,Unspecified,Scored,,0.5501346038265643,0.4498653961734357,1425,INE553C01016,STANDALONE,2026-06-30,2.0119,2026-08-04T17:30:38+05:30,32,0,0.75,2026-09-30,2026-10-02T00:00:00+05:30
89,Bharat Dynamics,BDL.NS,Aerospace & Defence,Scored,,0.5500835442575609,0.4499164557424391,1426,INE171Z01026,STANDALONE,2026-06-30,118.7911,2026-08-14T16:13:27+05:30,29,0,0.75,2026-09-30,2026-10-02T00:00:00+05:30
1765,Orissa Bengal Carrier Limited,OBCL.NS,Unspecified,Scored,,0.5498813013500041,0.4501186986499959,1427,INE426Z01016,CONSOLIDATED,2026-06-30,1.21,2026-07-29T14:36:21+05:30,8,0,0.5,2026-09-30,2026-10-02T00:00:00+05:30
596,Heritage Foods Ltd.,HERITGFOOD.NS,Fast Moving Consumer Goods,Scored,,0.5487449447477394,0.4512550552522606,1428,INE978A01027,CONSOLIDATED,2026-06-30,24.971,2026-07-16T16:56:07+05:30,29,0,1.0,2026-09-30,2026-10-02T00:00:00+05:30
2159,Suraksha Diagnostic Limited,SURAKSHA.NS,Unspecified,Scored,,0.5483154184560708,0.4516845815439292,1429,INE877V01027,CONSOLIDATED,2026-06-30,12.8454,2026-08-13T09:22:14+05:30,6,4,0.0,2026-09-30,2026-10-02T00:00:00+05:30
105,Indian Hotels Co,INDHOTEL.NS,Hospitality,Scored,,0.5480415312934562,0.45195846870654377,1430,INE053A01029,CONSOLIDATED,2026-06-30,390.81,2026-07-21T18:38:12+05:30,33,0,0.25,2026-09-30,2026-10-02T00:00:00+05:30
1398,Indian Hume Pipe Company Limited,INDIANHUME.NS,Unspecified,Scored,,0.547955949705046,0.452044050294954,1431,INE323C01030,STANDALONE,2026-06-30,23.5695,2026-08-12T17:32:08+05:30,32,0,0.75,2026-09-30,2026-10-02T00:00:00+05:30
2043,Shemaroo Entertainment Limited,SHEMAROO.NS,Unspecified,Scored,,0.5473261955498393,0.4526738044501607,1432,INE363M01019,CONSOLIDATED,2026-06-30,-8.0749,2026-07-23T17:42:24+05:30,31,0,0.5,2026-09-30,2026-10-02T00:00:00+05:30
1938,Raj Oil Mills Limited,ROML.NS,Unspecified,Scored,,0.5473098518025085,0.45269014819749154,1433,INE294G01026,STANDALONE,2026-06-30,1.113,2026-08-13T19:08:15+05:30,21,0,0.5,2026-09-30,2026-10-02T00:00:00+05:30
441,Poly Medicure Ltd.,POLYMED.NS,Healthcare,Scored,,0.546908452170677,0.45309154782932304,1434,INE205C01021,CONSOLIDATED,2026-06-30,85.2743,2026-08-07T16:54:02+05:30,28,0,0.25,2026-09-30,2026-10-02T00:00:00+05:30
842,Allcargo Logistics Limited,ALLCARGO.NS,Unspecified,Scored,,0.5467816299699046,0.45321837003009535,1435,INE418H01029,CONSOLIDATED,2026-06-30,15.0,2026-08-05T21:07:16+05:30,27,5,,2026-09-30,2026-10-02T00:00:00+05:30
1764,Oriental Aromatics Limited,OAL.NS,Unspecified,Scored,,0.5466621301074949,0.45333786989250513,1436,INE959C01023,CONSOLIDATED,2026-06-30,2.5142,2026-07-30T17:36:04+05:30,29,0,0.5,2026-09-30,2026-10-02T00:00:00+05:30
513,Aarti Pharmalabs Ltd.,AARTIPHARM.NS,Healthcare,Scored,,0.5466552070526721,0.4533447929473279,1437,INE0LRU01027,CONSOLIDATED,2026-06-30,76.1427,2026-08-07T20:08:12+05:30,12,5,,2026-09-30,2026-10-02T00:00:00+05:30
1780,Orchasp Limited,ORCHASP.NS,Unspecified,Scored,,0.5462678313681071,0.4537321686318929,1438,INE215B01022,CONSOLIDATED,2026-06-30,0.28,2026-08-11T16:31:07+05:30,7,0,0.25,2026-09-30,2026-10-02T00:00:00+05:30
1661,MITCON Consultancy & Engineering Services Limited,MITCON.NS,Unspecified,Scored,,0.5460968759412891,0.4539031240587109,1439,INE828O01033,CONSOLIDATED,2026-06-30,2.749,2026-08-13T19:04:24+05:30,18,0,0.5,2026-09-30,2026-10-02T00:00:00+05:30
2376,ZUARI INDUSTRIES LIMITED,ZUARIIND.NS,Unspecified,Scored,,0.545922570757513,0.45407742924248695,1440,INE217A01012,CONSOLIDATED,2026-06-30,0.0512,2026-08-13T17:20:47+05:30,25,0,0.5,2026-09-30,2026-10-02T00:00:00+05:30
1275,Globus Spirits Limited,GLOBUSSPR.NS,Unspecified,Scored,,0.5458272123283072,0.4541727876716928,1441,INE615I01010,CONSOLIDATED,2026-06-30,26.4806,2026-07-17T16:25:14+05:30,17,0,0.5,2026-09-30,2026-10-02T00:00:00+05:30
1348,HandsOn Global Management (HGM) Limited,HGM.NS,Unspecified,Scored,,0.545744299648065,0.45425570035193497,1442,INE596H01014,CONSOLIDATED,2026-06-30,-2.0627,2026-08-14T18:25:24+05:30,26,0,1.0,2026-09-30,2026-10-02T00:00:00+05:30
1310,GSS Infotech Limited,GSS.NS,Unspecified,Scored,,0.5456717517906426,0.45432824820935735,1443,INE871H01011,CONSOLIDATED,2026-06-30,0.1483,2026-08-14T20:13:13+05:30,27,1,1.0,2026-09-30,2026-10-02T00:00:00+05:30
1401,Indo Amines Limited,INDOAMIN.NS,Unspecified,Scored,,0.545602857296651,0.45439714270334897,1444,INE760F01028,CONSOLIDATED,2026-06-30,30.7551,2026-08-12T17:23:04+05:30,16,0,1.0,2026-09-30,2026-10-02T00:00:00+05:30
74,Supreme Inds.,SUPREMEIND.NS,Plastics,Scored,,0.544945363524071,0.45505463647592903,1445,INE195A01028,CONSOLIDATED,2026-06-30,280.72,2026-07-28T18:07:22+05:30,32,0,0.25,2026-09-30,2026-10-02T00:00:00+05:30
58,Asian Paints,ASIANPAINT.NS,Paints,Scored,,0.5448977117105466,0.4551022882894534,1446,INE021A01026,CONSOLIDATED,2026-06-30,1559.45,2026-07-29T18:54:04+05:30,31,0,0.75,2026-09-30,2026-10-02T00:00:00+05:30
601,India Glycols Ltd.,INDIAGLYCO.NS,Fast Moving Consumer Goods,Scored,,0.5448303809286489,0.4551696190713511,1447,INE560A01023,CONSOLIDATED,2026-06-30,96.83,2026-08-12T19:43:16+05:30,28,0,0.75,2026-09-30,2026-10-02T00:00:00+05:30
2133,Sterling Tools Limited,STERTOOLS.NS,Unspecified,Scored,,0.5448201451696499,0.45517985483035006,1448,INE334A01023,CONSOLIDATED,2026-06-30,5.8582,2026-08-05T15:53:05+05:30,29,0,0.75,2026-09-30,2026-10-02T00:00:00+05:30
2310,Vintage Coffee And Beverages Limited,VINCOFE.NS,Unspecified,Scored,,0.5448019405772355,0.4551980594227645,1449,INE498Q01014,CONSOLIDATED,2026-06-30,20.7917,2026-07-29T19:03:11+05:30,6,1,0.0,2026-09-30,2026-10-02T00:00:00+05:30
98,Avenue Super.,DMART.NS,Retail,Scored,,0.544662406197531,0.45533759380246897,1450,INE192R01011,CONSOLIDATED,2026-06-30,860.44,2026-07-11T16:11:16+05:30,29,0,0.5,2026-09-30,2026-10-02T00:00:00+05:30
1989,Sanghvi Movers Limited,SANGHVIMOV.NS,Unspecified,Scored,,0.5441734824831712,0.4558265175168288,1451,INE989A01032,CONSOLIDATED,2026-06-30,65.2537,2026-07-31T13:45:16+05:30,18,0,0.25,2026-09-30,2026-10-02T00:00:00+05:30
932,B.A.G Films and Media Limited,BAGFILMS.NS,Unspecified,Scored,,0.5438891942497239,0.45611080575027607,1452,INE116D01028,CONSOLIDATED,2026-06-30,3.569,2026-08-13T21:06:12+05:30,29,0,0.5,2026-09-30,2026-10-02T00:00:00+05:30
1850,Prabha Energy Limited,PRABHA.NS,Unspecified,Scored,,0.5438009422192785,0.45619905778072145,1453,INE0I0M01023,CONSOLIDATED,2026-06-30,0.2944,2026-07-30T20:37:03+05:30,7,0,0.75,2026-09-30,2026-10-02T00:00:00+05:30
585,Greaves Cotton Ltd.,GREAVESCOT.NS,Capital Goods,Scored,,0.5436751846390299,0.45632481536097014,1454,INE224A01026,CONSOLIDATED,2026-06-30,6.16,2026-08-04T23:41:37+05:30,29,0,0.25,2026-09-30,2026-10-02T00:00:00+05:30
531,AstraZenca Pharma India Ltd.,ASTRAZEN.NS,Healthcare,Scored,,0.5436708722518482,0.4563291277481518,1455,INE203A01020,STANDALONE,2026-06-30,37.93,2026-08-11T12:56:10+05:30,32,0,0.25,2026-09-30,2026-10-02T00:00:00+05:30
2099,Somany Ceramics Limited,SOMANYCERA.NS,Unspecified,Scored,,0.5436032569053035,0.45639674309469647,1456,INE355A01028,CONSOLIDATED,2026-06-30,34.23,2026-08-12T18:58:20+05:30,33,0,0.75,2026-09-30,2026-10-02T00:00:00+05:30
1610,Manaksia Steels Limited,MANAKSTEEL.NS,Unspecified,Scored,,0.5432419199903225,0.45675808000967755,1457,INE824Q01011,CONSOLIDATED,2026-06-30,22.6459,2026-08-10T20:32:16+05:30,30,0,0.75,2026-09-30,2026-10-02T00:00:00+05:30
1849,Prakash Pipes Limited,PPL.NS,Unspecified,Scored,,0.5427159928454408,0.4572840071545592,1458,INE050001010,STANDALONE,2026-06-30,16.42,2026-08-14T17:38:18+05:30,27,0,0.75,2026-09-30,2026-10-02T00:00:00+05:30
543,Birla Corporation Ltd.,BIRLACORPN.NS,Construction Materials,Scored,,0.5426829633979678,0.45731703660203216,1459,INE340A01012,CONSOLIDATED,2026-06-30,115.73,2026-07-25T14:57:13+05:30,33,0,0.25,2026-09-30,2026-10-02T00:00:00+05:30
91,Glenmark Pharma.,GLENMARK.NS,Pharmaceuticals,Scored,,0.5422045749977353,0.45779542500226467,1460,INE935A01035,CONSOLIDATED,2026-06-30,482.828,2026-07-31T19:53:16+05:30,31,0,0.5,2026-09-30,2026-10-02T00:00:00+05:30
1053,CL Educate Limited,CLEDUCATE.NS,Unspecified,Scored,,0.542111719987196,0.457888280012804,1461,INE201M01029,CONSOLIDATED,2026-06-30,-1.667,2026-08-04T18:05:31+05:30,29,0,1.0,2026-09-30,2026-10-02T00:00:00+05:30
2000,Saurashtra Cement Limited,SAURASHCEM.NS,Unspecified,Scored,,0.5417684039815713,0.45823159601842867,1462,INE626A01014,CONSOLIDATED,2026-06-30,9.1273,2026-08-06T19:59:08+05:30,10,0,0.5,2026-09-30,2026-10-02T00:00:00+05:30
1215,Filatex India Limited,FILATEX.NS,Unspecified,Scored,,0.541641365951705,0.458358634048295,1463,INE816B01035,CONSOLIDATED,2026-06-30,48.52,2026-07-30T18:44:34+05:30,8,0,0.5,2026-09-30,2026-10-02T00:00:00+05:30
912,Atlas Cycles (Haryana) Limited,ATLASCYCLE.NS,Unspecified,Scored,,0.5413468795931415,0.45865312040685846,1464,INE446A01025,STANDALONE,2026-06-30,-1.9202,2026-08-12T13:27:09+05:30,8,0,0.5,2026-09-30,2026-10-02T00:00:00+05:30
1519,KN Agri Resources Limited,KNAGRI.NS,Unspecified,Scored,,0.5409495582030129,0.45905044179698706,1465,INE0KNW01016,CONSOLIDATED,2026-06-30,13.46,2026-08-14T18:23:19+05:30,4,3,1.0,2026-09-30,2026-10-02T00:00:00+05:30
1109,Delta Manufacturing Limited,DELTAMAGNT.NS,Unspecified,Scored,,0.540841965609414,0.459158034390586,1466,INE393A01011,CONSOLIDATED,2026-06-30,-0.3109,2026-08-12T19:34:12+05:30,28,0,0.5,2026-09-30,2026-10-02T00:00:00+05:30
1897,Shree Rama Newsprint Limited,RAMANEWS.NS,Unspecified,Scored,,0.540780429210427,0.459219570789573,1467,INE278B01020,STANDALONE,2026-06-30,-10.4991,2026-08-13T18:13:11+05:30,32,0,0.75,2026-09-30,2026-10-02T00:00:00+05:30
820,Anlon Healthcare Limited,AHCL.NS,Unspecified,Scored,,0.5404125450814348,0.45958745491856523,1468,INE0Y8W01025,CONSOLIDATED,2026-06-30,8.2814,2026-07-30T16:50:49+05:30,2,4,0.0,2026-09-30,2026-10-02T00:00:00+05:30
1188,Esab India Limited,ESABINDIA.NS,Unspecified,Scored,,0.540404432706349,0.45959556729365103,1469,INE284A01012,STANDALONE,2026-06-30,56.14,2026-08-11T21:28:13+05:30,32,0,0.75,2026-09-30,2026-10-02T00:00:00+05:30
2264,Uniinfo Telecom Services Limited,UNIINFO.NS,Unspecified,Scored,,0.5401801710946462,0.4598198289053538,1470,INE481Z01011,CONSOLIDATED,2026-06-30,0.1347,2026-08-13T18:12:45+05:30,17,0,0.5,2026-09-30,2026-10-02T00:00:00+05:30
388,Jubilant Foodworks Ltd.,JUBLFOOD.NS,Consumer Services,Scored,,0.5401136344428129,0.4598863655571871,1471,INE797F01020,CONSOLIDATED,2026-06-30,100.028,2026-08-13T16:30:22+05:30,27,3,0.5,2026-09-30,2026-10-02T00:00:00+05:30
1037,Century Enka Limited,CENTENKA.NS,Unspecified,Scored,,0.5398661954670897,0.4601338045329103,1472,INE485A01015,CONSOLIDATED,2026-06-30,61.7,2026-07-28T20:21:12+05:30,16,0,1.0,2026-09-30,2026-10-02T00:00:00+05:30
1776,One Point One Solutions Limited,ONEPOINT.NS,Unspecified,Scored,,0.5397888315133758,0.46021116848662424,1473,INE840Y01029,CONSOLIDATED,2026-06-30,16.3115,2026-08-12T17:15:45+05:30,25,0,1.0,2026-09-30,2026-10-02T00:00:00+05:30
1299,Greenlam Industries Limited,GREENLAM.NS,Unspecified,Scored,,0.5396657644140467,0.4603342355859533,1474,INE544R01021,CONSOLIDATED,2026-06-30,21.24,2026-08-07T17:48:09+05:30,31,0,0.5,2026-09-30,2026-10-02T00:00:00+05:30
1309,GSP Crop Science Limited,GSPCROP.NS,Unspecified,Scored,,0.5389895774996175,0.4610104225003825,1475,INE713R01022,CONSOLIDATED,2026-06-30,26.394,2026-08-11T20:27:01+05:30,3,3,1.0,2026-09-30,2026-10-02T00:00:00+05:30
1217,Fine Organic Industries Limited,FINEORG.NS,Unspecified,Scored,,0.538879615031433,0.461120384968567,1476,INE686Y01026,CONSOLIDATED,2026-06-30,138.14,2026-08-07T15:59:11+05:30,30,0,0.5,2026-09-30,2026-10-02T00:00:00+05:30
1328,HALEOS LABS LIMITED,HALEOSLABS.NS,Unspecified,Scored,,0.5385112938208587,0.4614887061791413,1477,INE320X01016,CONSOLIDATED,2026-06-30,1.8403,2026-08-05T14:00:12+05:30,25,0,0.75,2026-09-30,2026-10-02T00:00:00+05:30
370,India Cements Ltd.,INDIACEM.NS,Construction Materials,Scored,,0.5381238528154177,0.46187614718458225,1478,INE383A01012,CONSOLIDATED,2026-06-30,26.85,2026-07-18T15:19:06+05:30,27,0,0.5,2026-09-30,2026-10-02T00:00:00+05:30
1557,Landmark Cars Limited,LANDMARK.NS,Unspecified,Scored,,0.5380183025952602,0.4619816974047398,1479,INE559R01029,CONSOLIDATED,2026-06-30,14.546,2026-08-11T19:30:09+05:30,15,0,0.5,2026-09-30,2026-10-02T00:00:00+05:30
696,Sandur Manganese & Iron Ores Ltd.,SANDUMA.NS,Metals & Mining,Scored,,0.5380149835586053,0.46198501644139467,1480,INE149K01016,CONSOLIDATED,2026-06-30,227.85,2026-08-06T19:08:13+05:30,12,0,0.25,2026-09-30,2026-10-02T00:00:00+05:30
943,Balkrishna Paper Mills Limited,BALKRISHNA.NS,Unspecified,Scored,,0.5379657602047723,0.46203423979522773,1481,INE875R01011,STANDALONE,2026-06-30,-1.7973,2026-08-12T18:28:13+05:30,31,0,0.5,2026-09-30,2026-10-02T00:00:00+05:30
1368,Hindustan Foods Limited,HNDFDS.NS,Unspecified,Scored,,0.5379543148198235,0.4620456851801765,1482,INE254N01026,CONSOLIDATED,2026-06-30,42.76,2026-08-04T18:42:03+05:30,11,5,,2026-09-30,2026-10-02T00:00:00+05:30
442,Poonawalla Fincorp Ltd.,POONAWALLA.NS,Financial Services,Scored,,0.5378568002051066,0.4621431997948934,1483,INE511C01022,CONSOLIDATED,2026-06-30,307.71,2026-07-17T19:37:15+05:30,29,0,1.0,2026-09-30,2026-10-02T00:00:00+05:30
1203,Exxaro Tiles Limited,EXXARO.NS,Unspecified,Scored,,0.5374169720649149,0.4625830279350851,1484,INE0GFE01026,CONSOLIDATED,2026-06-30,2.0727,2026-07-25T13:39:16+05:30,16,0,1.0,2026-09-30,2026-10-02T00:00:00+05:30
1893,Rajratan Global Wire Limited,RAJRATAN.NS,Unspecified,Scored,,0.5368660844374205,0.46313391556257955,1485,INE451D01029,CONSOLIDATED,2026-06-30,22.96,2026-07-24T15:45:16+05:30,23,0,0.5,2026-09-30,2026-10-02T00:00:00+05:30
1747,Nitin Spinners Limited,NITINSPIN.NS,Unspecified,Scored,,0.536596497079353,0.463403502920647,1486,INE229H01012,STANDALONE,2026-06-30,75.2668,2026-08-08T16:03:28+05:30,33,0,0.75,2026-09-30,2026-10-02T00:00:00+05:30
227,Info Edg.(India),NAUKRI.NS,IT,Scored,,0.5365767127523233,0.4634232872476767,1487,INE663F01032,CONSOLIDATED,2026-06-30,490.051,2026-08-10T16:15:10+05:30,26,0,0.5,2026-09-30,2026-10-02T00:00:00+05:30
735,Tilaknagar Industries Ltd.,TI.NS,Fast Moving Consumer Goods,Scored,,0.5363879896088164,0.4636120103911836,1488,INE133E01013,CONSOLIDATED,2026-06-30,31.5913,2026-07-27T19:29:56+05:30,29,3,0.0,2026-09-30,2026-10-02T00:00:00+05:30
2329,Vraj Iron and Steel Limited,VRAJ.NS,Unspecified,Scored,,0.5361033004343697,0.4638966995656303,1489,INE0S2V01010,CONSOLIDATED,2026-06-30,11.512,2026-08-12T18:20:18+05:30,10,0,0.5,2026-09-30,2026-10-02T00:00:00+05:30
494,UTI Asset Management Company Ltd.,UTIAMC.NS,Financial Services,Scored,,0.5356310954603171,0.46436890453968294,1490,INE094J01016,CONSOLIDATED,2026-06-30,293.86,2026-07-22T20:22:14+05:30,19,3,0.5,2026-09-30,2026-10-02T00:00:00+05:30
661,Pearl Global Industries Ltd.,PGIL.NS,Textiles,Scored,,0.5353665962796896,0.46463340372031037,1491,INE940H01022,CONSOLIDATED,2026-06-30,99.2343,2026-08-05T21:05:17+05:30,30,0,0.75,2026-09-30,2026-10-02T00:00:00+05:30
1605,Malu Paper Mills Limited,MALUPAPER.NS,Unspecified,Scored,,0.535185174545907,0.46481482545409303,1492,INE383H01017,STANDALONE,2026-06-30,1.2769,2026-07-23T16:59:06+05:30,32,0,1.0,2026-09-30,2026-10-02T00:00:00+05:30
144,SRF,SRF.NS,Chemicals,Scored,,0.5344186073154781,0.4655813926845219,1493,INE647A01010,CONSOLIDATED,2026-06-30,758.87,2026-07-22T16:15:11+05:30,28,0,0.75,2026-09-30,2026-10-02T00:00:00+05:30
519,Akums Drugs and Pharmaceuticals Ltd.,AKUMS.NS,Healthcare,Scored,,0.5342786139472059,0.4657213860527941,1494,INE09XN01023,CONSOLIDATED,2026-06-30,100.978,2026-08-08T18:02:59+05:30,9,0,0.75,2026-09-30,2026-10-02T00:00:00+05:30
2141,Sukhjit Starch & Chemicals Limited,SUKHJITS.NS,Unspecified,Scored,,0.5342565369076085,0.46574346309239145,1495,INE450E01029,CONSOLIDATED,2026-06-30,12.15,2026-07-29T13:23:19+05:30,15,0,0.5,2026-09-30,2026-10-02T00:00:00+05:30
198,Adani Green,ADANIGREEN.NS,Power,Scored,,0.5338776312212122,0.46612236877878777,1496,INE364U01010,CONSOLIDATED,2026-06-30,983.0,2026-07-22T14:30:26+05:30,29,0,1.0,2026-09-30,2026-10-02T00:00:00+05:30
1785,ORIENT CERATECH LIMITED,ORIENTCER.NS,Unspecified,Scored,,0.5336025767906543,0.46639742320934574,1497,INE569C01020,CONSOLIDATED,2026-06-30,8.569,2026-08-06T18:48:43+05:30,21,0,0.75,2026-09-30,2026-10-02T00:00:00+05:30
1412,Indraprastha Medical Corporation Limited,INDRAMEDCO.NS,Unspecified,Scored,,0.5334812374821689,0.4665187625178311,1498,INE681B01017,STANDALONE,2026-06-30,55.85,2026-08-06T18:04:02+05:30,33,0,0.5,2026-09-30,2026-10-02T00:00:00+05:30
821,Ahlada Engineers Limited,AHLADA.NS,Unspecified,Scored,,0.5334681440539011,0.4665318559460989,1499,INE00PV01013,STANDALONE,2026-06-30,0.1748,2026-08-14T19:11:03+05:30,23,0,0.25,2026-09-30,2026-10-02T00:00:00+05:30
1727,NELCO Limited,NELCO.NS,Unspecified,Scored,,0.5330727324954594,0.4669272675045406,1500,INE045B01015,CONSOLIDATED,2026-06-30,2.34,2026-07-16T18:06:12+05:30,32,0,0.5,2026-09-30,2026-10-02T00:00:00+05:30
796,Ace Integrated Solutions Limited,ACEINTEG.NS,Unspecified,Scored,,0.5329607807467396,0.4670392192532604,1501,INE543V01017,STANDALONE,2026-06-30,-0.2,2026-08-13T16:37:56+05:30,9,0,0.5,2026-09-30,2026-10-02T00:00:00+05:30
2194,TCPL Packaging Limited,TCPLPACK.NS,Unspecified,Scored,,0.5323752803271624,0.4676247196728376,1502,INE822C01015,CONSOLIDATED,2026-06-30,40.01,2026-08-11T15:27:14+05:30,16,5,,2026-09-30,2026-10-02T00:00:00+05:30
1571,Libas Consumer Products Limited,LIBAS.NS,Unspecified,Scored,,0.5323159776621464,0.46768402233785356,1503,INE908V01012,CONSOLIDATED,2026-06-30,0.0489,2026-08-14T18:47:59+05:30,26,0,0.75,2026-09-30,2026-10-02T00:00:00+05:30
1320,Gulf Oil Lubricants India Limited,GULFOILLUB.NS,Unspecified,Scored,,0.5314834272678558,0.4685165727321442,1504,INE635Q01029,CONSOLIDATED,2026-06-30,120.8383,2026-08-03T18:25:04+05:30,17,0,1.0,2026-09-30,2026-10-02T00:00:00+05:30
1110,Den Networks Limited,DEN.NS,Unspecified,Scored,,0.5314540563789426,0.4685459436210574,1505,INE947J01015,CONSOLIDATED,2026-06-30,34.589,2026-07-14T19:10:07+05:30,32,0,0.25,2026-09-30,2026-10-02T00:00:00+05:30
1033,Country Club Hospitality & Holidays Limited,CCHHL.NS,Unspecified,Scored,,0.53138025119742,0.46861974880257995,1506,INE652F01027,CONSOLIDATED,2026-06-30,0.4189,2026-08-13T20:23:12+05:30,27,0,0.5,2026-09-30,2026-10-02T00:00:00+05:30
652,Optiemus Infracom Ltd.,OPTIEMUS.NS,Telecommunication,Scored,,0.5313001553112284,0.46869984468877157,1507,INE350C01017,CONSOLIDATED,2026-06-30,21.1812,2026-08-04T17:22:10+05:30,27,0,0.5,2026-09-30,2026-10-02T00:00:00+05:30
892,Arvind SmartSpaces Limited,ARVSMART.NS,Unspecified,Scored,,0.5301994578731374,0.4698005421268626,1508,INE034S01021,CONSOLIDATED,2026-06-30,97.3912,2026-08-07T16:44:17+05:30,31,0,1.0,2026-09-30,2026-10-02T00:00:00+05:30
156,Jindal Steel,JINDALSTEL.NS,Metals,Scored,,0.5301565762674113,0.4698434237325887,1509,INE749A01030,CONSOLIDATED,2026-06-30,843.8,2026-07-24T19:47:13+05:30,31,0,0.25,2026-09-30,2026-10-02T00:00:00+05:30
2188,Tatva Chintan Pharma Chem Limited,TATVA.NS,Unspecified,Scored,,0.5301259924403084,0.46987400755969155,1510,INE0GK401011,CONSOLIDATED,2026-06-30,15.981,2026-07-17T20:19:10+05:30,20,0,0.75,2026-09-30,2026-10-02T00:00:00+05:30
818,Agri-Tech (India) Limited,AGRITECH.NS,Unspecified,Scored,,0.5299533168374235,0.4700466831625765,1511,INE449G01018,STANDALONE,2026-06-30,-0.0285,2026-07-15T16:23:13+05:30,21,0,1.0,2026-09-30,2026-10-02T00:00:00+05:30
1919,JHS Svendgaard Retail Ventures Limited,RETAIL.NS,Unspecified,Scored,,0.5299266321991,0.47007336780090003,1512,INE03DD01011,CONSOLIDATED,2026-06-30,0.1346,2026-08-13T16:48:33+05:30,4,0,0.5,2026-09-30,2026-10-02T00:00:00+05:30
1795,Oswal Agro Mills Limited,OSWALAGRO.NS,Unspecified,Scored,,0.5295246617452689,0.4704753382547311,1513,INE142A01012,CONSOLIDATED,2026-06-30,5.1269,2026-08-07T18:28:04+05:30,23,6,0.0,2026-09-30,2026-10-02T00:00:00+05:30
1222,Flexituff Ventures International Limited,FLEXITUFF.NS,Unspecified,Scored,,0.5293445620003198,0.47065543799968024,1514,INE060J01017,CONSOLIDATED,2026-06-30,-15.6838,2026-08-21T20:01:53+05:30,22,6,1.0,2026-09-30,2026-10-02T00:00:00+05:30
1835,Plastiblends India Limited,PLASTIBLEN.NS,Unspecified,Scored,,0.5290257761612942,0.4709742238387058,1515,INE083C01022,STANDALONE,2026-06-30,14.9506,2026-07-13T17:36:53+05:30,32,0,0.5,2026-09-30,2026-10-02T00:00:00+05:30
1942,Roto Pumps Limited,ROTO.NS,Unspecified,Scored,,0.5287113693607983,0.4712886306392017,1516,INE535D01037,CONSOLIDATED,2026-06-30,9.2462,2026-08-08T20:32:04+05:30,18,0,0.5,2026-09-30,2026-10-02T00:00:00+05:30
636,MTAR Technologies Ltd.,MTARTECH.NS,Capital Goods,Scored,,0.5283436518800264,0.4716563481199736,1517,INE864I01014,CONSOLIDATED,2026-06-30,50.227,2026-07-29T18:39:19+05:30,22,0,0.75,2026-09-30,2026-10-02T00:00:00+05:30
1359,Hisar Metal Industries Limited,HISARMETAL.NS,Unspecified,Scored,,0.5275858292454653,0.47241417075453473,1518,INE598C01011,STANDALONE,2026-06-30,1.8,2026-08-08T12:57:17+05:30,33,0,0.75,2026-09-30,2026-10-02T00:00:00+05:30
2158,Suraj Limited,SURAJLTD.NS,Unspecified,Scored,,0.5274136252518842,0.4725863747481158,1519,INE713C01016,CONSOLIDATED,2026-06-30,3.5896,2026-07-23T16:06:22+05:30,8,0,0.75,2026-09-30,2026-10-02T00:00:00+05:30
869,Apex Frozen Foods Limited,APEX.NS,Unspecified,Scored,,0.5271327526282062,0.47286724737179375,1520,INE346W01013,STANDALONE,2026-06-30,21.6653,2026-08-13T19:25:07+05:30,31,3,0.5,2026-09-30,2026-10-02T00:00:00+05:30
707,Smartworks Coworking Spaces Ltd.,SMARTWORKS.NS,Services,Scored,,0.5268001419755702,0.47319985802442976,1521,INE0NAZ01010,CONSOLIDATED,2026-06-30,13.148,2026-07-22T12:14:08+05:30,5,0,0.75,2026-09-30,2026-10-02T00:00:00+05:30
2289,Veedol Corporation Limited,VEEDOL.NS,Unspecified,Scored,,0.5262779871801314,0.4737220128198686,1522,INE484C01030,CONSOLIDATED,2026-06-30,77.92,2026-08-10T21:48:07+05:30,29,0,0.75,2026-09-30,2026-10-02T00:00:00+05:30
1129,Digjam Limited,DIGJAMLMTD.NS,Unspecified,Scored,,0.5257625101275589,0.4742374898724411,1523,INE731U01028,STANDALONE,2026-06-30,0.8243,2026-08-06T20:03:29+05:30,19,0,0.5,2026-09-30,2026-10-02T00:00:00+05:30
1539,Kriti Nutrients Limited,KRITINUT.NS,Unspecified,Scored,,0.5255563547103844,0.4744436452896156,1524,INE798K01010,CONSOLIDATED,2026-06-30,8.9186,2026-08-11T18:10:02+05:30,6,0,0.5,2026-09-30,2026-10-02T00:00:00+05:30
1887,Radiant Cash Management Services Limited,RADIANTCMS.NS,Unspecified,Scored,,0.5252335958370846,0.4747664041629154,1525,INE855R01021,CONSOLIDATED,2026-06-30,5.218,2026-08-12T19:59:03+05:30,11,0,0.75,2026-09-30,2026-10-02T00:00:00+05:30
1934,R&B Denims Limited,RNBDENIMS.NS,Unspecified,Scored,,0.5247253221255413,0.47527467787445865,1526,INE012Q01039,CONSOLIDATED,2026-06-30,4.3795,2026-08-14T17:09:14+05:30,4,3,0.6666666666666666,2026-09-30,2026-10-02T00:00:00+05:30
428,Ola Electric Mobility Ltd.,OLAELEC.NS,Automobile and Auto Components,Scored,,0.5244585055942215,0.47554149440577853,1527,INE0LXG01040,CONSOLIDATED,2026-06-30,-336.0,2026-08-08T12:15:15+05:30,9,0,0.5,2026-09-30,2026-10-02T00:00:00+05:30
1740,Nimbus Projects Limited,NIMBSPROJ.NS,Unspecified,Scored,,0.5239743751782052,0.4760256248217948,1528,INE875B01015,CONSOLIDATED,2026-06-30,3.26,2026-08-12T21:33:13+05:30,2,4,1.0,2026-09-30,2026-10-02T00:00:00+05:30
1176,Emami Realty Limited,EMAMIREAL.NS,Unspecified,Scored,,0.5225791645817505,0.47742083541824953,1529,INE778K01012,CONSOLIDATED,2026-06-30,-16.8175,2026-08-13T16:50:02+05:30,29,0,0.5,2026-09-30,2026-10-02T00:00:00+05:30
844,All Time Plastics Limited,ALLTIME.NS,Unspecified,Scored,,0.5224748682275351,0.4775251317724649,1530,INE0GV601021,CONSOLIDATED,2026-06-30,11.9594,2026-08-05T20:46:13+05:30,5,0,0.75,2026-09-30,2026-10-02T00:00:00+05:30
614,Jayaswal Neco Industries Ltd.,JAYNECOIND.NS,Capital Goods,Scored,,0.5222808392844398,0.4777191607155602,1531,INE854B01010,STANDALONE,2026-06-30,193.92,2026-07-17T16:43:16+05:30,33,0,0.75,2026-09-30,2026-10-02T00:00:00+05:30
1423,Intense Technologies Limited,INTENTECH.NS,Unspecified,Scored,,0.5216596018438451,0.4783403981561549,1532,INE781A01025,CONSOLIDATED,2026-06-30,0.8717,2026-08-07T17:43:04+05:30,28,0,0.5,2026-09-30,2026-10-02T00:00:00+05:30
1770,Omaxe Limited,OMAXE.NS,Unspecified,Scored,,0.521550479183747,0.478449520816253,1533,INE800H01010,CONSOLIDATED,2026-06-30,1.3,2026-08-12T16:31:11+05:30,32,0,0.75,2026-09-30,2026-10-02T00:00:00+05:30
1478,Kalyani Forge Limited,KALYANIFRG.NS,Unspecified,Scored,,0.5207700423586286,0.47922995764137144,1534,INE314G01014,STANDALONE,2026-06-30,4.4797,2026-08-11T20:01:12+05:30,32,0,0.5,2026-09-30,2026-10-02T00:00:00+05:30
1515,Kewal Kiran Clothing Limited,KKCL.NS,Unspecified,Scored,,0.5207483160595128,0.4792516839404872,1535,INE401H01017,CONSOLIDATED,2026-06-30,41.0,2026-08-06T18:35:14+05:30,25,5,,2026-09-30,2026-10-02T00:00:00+05:30
1958,Rudra Global Infra Products Limited,RUDRA.NS,Unspecified,Scored,,0.5204616475138127,0.47953835248618726,1536,INE027T01023,CONSOLIDATED,2026-06-30,3.622,2026-08-14T19:19:08+05:30,3,3,0.5,2026-09-30,2026-10-02T00:00:00+05:30
2311,Vindhya Telelinks Limited,VINDHYATEL.NS,Unspecified,Scored,,0.5203685933402508,0.47963140665974924,1537,INE707A01012,CONSOLIDATED,2026-06-30,75.6717,2026-08-07T21:39:11+05:30,29,0,0.5,2026-09-30,2026-10-02T00:00:00+05:30
213,Biocon,BIOCON.NS,Pharmaceuticals,Scored,,0.5197935625983372,0.4802064374016628,1538,INE376G01013,CONSOLIDATED,2026-06-30,136.8,2026-08-05T17:21:14+05:30,32,0,0.5,2026-09-30,2026-10-02T00:00:00+05:30
1259,GFL Limited,GFLLIMITED.NS,Unspecified,Scored,,0.5196880881082548,0.48031191189174516,1539,INE538A01037,CONSOLIDATED,2026-06-30,7.435,2026-08-10T16:56:16+05:30,26,0,0.5,2026-09-30,2026-10-02T00:00:00+05:30
1677,Mold-Tek Packaging Limited,MOLDTKPAC.NS,Unspecified,Scored,,0.5195224060822683,0.4804775939177317,1540,INE893J01029,STANDALONE,2026-06-30,25.5711,2026-07-27T18:45:07+05:30,17,0,0.5,2026-09-30,2026-10-02T00:00:00+05:30
899,Ashoka Metcast Limited,ASHOKAMET.NS,Unspecified,Scored,,0.5190997127990934,0.4809002872009066,1541,INE760Y01011,CONSOLIDATED,2026-06-30,3.234,2026-08-12T20:40:17+05:30,11,0,0.75,2026-09-30,2026-10-02T00:00:00+05:30
1371,Hindprakash Industries Limited,HPIL.NS,Unspecified,Scored,,0.5187599740907913,0.48124002590920867,1542,INE05X901010,STANDALONE,2026-06-30,0.8609,2026-08-12T19:28:10+05:30,10,0,0.75,2026-09-30,2026-10-02T00:00:00+05:30
880,Arihant Capital Markets Limited,ARIHANTCAP.NS,Unspecified,Scored,,0.5186264800441499,0.4813735199558501,1543,INE420B01036,CONSOLIDATED,2026-06-30,21.4894,2026-07-24T19:55:15+05:30,21,3,0.5,2026-09-30,2026-10-02T00:00:00+05:30
1790,Orient Technologies Limited,ORIENTTECH.NS,Unspecified,Scored,,0.5184903115241821,0.4815096884758179,1544,INE0PPK01015,CONSOLIDATED,2026-06-30,5.1722,2026-08-12T20:09:08+05:30,3,3,1.0,2026-09-30,2026-10-02T00:00:00+05:30
1872,Prudential Sugar Corporation Limited,PRUDMOULI.NS,Unspecified,Scored,,0.5184041306957364,0.48159586930426357,1545,INE024D01016,CONSOLIDATED,2026-06-30,1.5078,2026-08-14T17:48:10+05:30,28,0,0.5,2026-09-30,2026-10-02T00:00:00+05:30
1345,Heranba Industries Limited,HERANBA.NS,Unspecified,Scored,,0.5181461043528028,0.48185389564719716,1546,INE694N01015,CONSOLIDATED,2026-06-30,7.03,2026-08-22T14:13:10+05:30,15,0,0.25,2026-09-30,2026-10-02T00:00:00+05:30
1736,Nila Infrastructures Limited,NILAINFRA.NS,Unspecified,Scored,,0.5181420170197952,0.48185798298020477,1547,INE937C01029,CONSOLIDATED,2026-06-30,8.4409,2026-07-25T13:37:14+05:30,28,0,0.5,2026-09-30,2026-10-02T00:00:00+05:30
2327,VMS TMT Limited,VMSTMT.NS,Unspecified,Scored,,0.5171447119696709,0.48285528803032907,1548,INE0SJA01013,STANDALONE,2026-06-30,4.4675,2026-08-13T21:46:47+05:30,4,3,0.6666666666666666,2026-09-30,2026-10-02T00:00:00+05:30
1614,Mangalam Drugs And Organics Limited,MANGALAM.NS,Unspecified,Scored,,0.5168988002970608,0.4831011997029392,1549,INE584F01014,CONSOLIDATED,2026-06-30,-7.6388,2026-08-12T17:51:35+05:30,10,0,0.5,2026-09-30,2026-10-02T00:00:00+05:30
2340,Weizmann Limited,WEIZMANIND.NS,Unspecified,Scored,,0.5168954460772053,0.4831045539227947,1550,INE080A01014,CONSOLIDATED,2026-06-30,1.419,2026-08-13T16:43:07+05:30,28,0,0.75,2026-09-30,2026-10-02T00:00:00+05:30
1323,GVK Power & Infrastructure Limited,GVKPIL.NS,Unspecified,Scored,,0.5168129677038683,0.4831870322961317,1551,INE251H01024,CONSOLIDATED,2026-06-30,-0.55,2026-08-14T15:44:05+05:30,25,2,0.75,2026-09-30,2026-10-02T00:00:00+05:30
1277,Glottis Limited,GLOTTIS.NS,Unspecified,Scored,,0.5167984561904411,0.48320154380955893,1552,INE0TQE01026,CONSOLIDATED,2026-06-30,10.6781,2026-08-10T19:11:49+05:30,2,4,1.0,2026-09-30,2026-10-02T00:00:00+05:30
2033,Shalby Limited,SHALBY.NS,Unspecified,Scored,,0.5166097697880736,0.4833902302119264,1553,INE597J01018,CONSOLIDATED,2026-06-30,10.496,2026-08-12T20:11:14+05:30,26,0,0.25,2026-09-30,2026-10-02T00:00:00+05:30
569,Embassy Developments Ltd.,EMBDL.NS,Realty,Scored,,0.516576559056514,0.483423440943486,1554,INE069I01010,CONSOLIDATED,2026-06-30,-234.402,2026-08-10T21:28:44+05:30,30,0,0.5,2026-09-30,2026-10-02T00:00:00+05:30
1301,Greenply Industries Limited,GREENPLY.NS,Unspecified,Scored,,0.5165359468847007,0.4834640531152993,1555,INE461C01038,CONSOLIDATED,2026-06-30,37.611,2026-07-24T16:59:31+05:30,27,0,0.5,2026-09-30,2026-10-02T00:00:00+05:30
958,Bcl Industries Limited,BCLIND.NS,Unspecified,Scored,,0.5163166984785832,0.4836833015214168,1556,INE412G01024,CONSOLIDATED,2026-06-30,35.5197,2026-08-12T16:54:14+05:30,20,0,0.5,2026-09-30,2026-10-02T00:00:00+05:30
1656,MIC Electronics Limited,MICEL.NS,Unspecified,Scored,,0.5158151099261574,0.4841848900738426,1557,INE287C01037,CONSOLIDATED,2026-06-30,2.132,2026-07-31T16:32:10+05:30,12,3,0.3333333333333333,2026-09-30,2026-10-02T00:00:00+05:30
1573,Likhitha Infrastructure Limited,LIKHITHA.NS,Unspecified,Scored,,0.5157374360964593,0.4842625639035407,1558,INE060901027,CONSOLIDATED,2026-06-30,7.3112,2026-08-14T16:34:09+05:30,18,0,0.25,2026-09-30,2026-10-02T00:00:00+05:30
874,Archidply Industries Limited,ARCHIDPLY.NS,Unspecified,Scored,,0.5153925799134292,0.48460742008657076,1559,INE877I01016,CONSOLIDATED,2026-06-30,5.6172,2026-08-07T15:44:09+05:30,17,0,0.75,2026-09-30,2026-10-02T00:00:00+05:30
1676,Mold-Tek Technologies Limited,MOLDTECH.NS,Unspecified,Scored,,0.5152811380268911,0.48471886197310887,1560,INE835B01035,CONSOLIDATED,2026-06-30,9.0042,2026-08-06T19:21:14+05:30,32,0,0.75,2026-09-30,2026-10-02T00:00:00+05:30
1186,Epigral Limited,EPIGRAL.NS,Unspecified,Scored,,0.5151652759127104,0.48483472408728956,1561,INE071N01016,CONSOLIDATED,2026-06-30,99.74,2026-07-27T16:11:06+05:30,19,0,0.5,2026-09-30,2026-10-02T00:00:00+05:30
1028,Capital Trust Limited,CAPTRUST.NS,Unspecified,Scored,,0.5147382118347306,0.48526178816526944,1562,INE707C01018,STANDALONE,2026-06-30,0.2018,2026-08-12T18:49:09+05:30,16,0,0.5,2026-09-30,2026-10-02T00:00:00+05:30
1067,Coral India Finance & Housing Limited,CORALFINAC.NS,Unspecified,Scored,,0.5147123946952346,0.48528760530476545,1563,INE558D01021,STANDALONE,2026-06-30,4.4141,2026-08-12T17:35:14+05:30,33,0,0.5,2026-09-30,2026-10-02T00:00:00+05:30
72,Adani Power,ADANIPOWER.NS,Power,Scored,,0.5146521116105992,0.4853478883894008,1564,INE814H01029,CONSOLIDATED,2026-06-30,4866.6,2026-07-22T21:02:17+05:30,31,0,0.5,2026-09-30,2026-10-02T00:00:00+05:30
593,Hatsun Agro Product Ltd.,HATSUN.NS,Fast Moving Consumer Goods,Scored,,0.5134658034815692,0.4865341965184308,1565,INE473B01035,STANDALONE,2026-06-30,133.69,2026-07-21T18:18:07+05:30,26,8,,2026-09-30,2026-10-02T00:00:00+05:30
196,HDFC Bank,HDFCBANK.NS,Banks,Scored,,0.5134652539418583,0.48653474605814173,1566,INE040A01034,CONSOLIDATED,2026-06-30,20382.69,2026-07-18T16:01:12+05:30,22,5,,2026-09-30,2026-10-02T00:00:00+05:30
1501,Keynote Financial Services Limited,KEYFINSERV.NS,Unspecified,Scored,,0.5133731188265432,0.48662688117345676,1567,INE681C01015,CONSOLIDATED,2026-06-30,11.5849,2026-08-13T16:27:15+05:30,23,3,0.5,2026-09-30,2026-10-02T00:00:00+05:30
1544,KSH International Limited,KSHINTL.NS,Unspecified,Scored,,0.5126587004871066,0.4873412995128934,1568,INE987S01020,STANDALONE,2026-06-30,42.22,2026-08-10T21:19:16+05:30,4,3,0.6666666666666666,2026-09-30,2026-10-02T00:00:00+05:30
1967,Sadhana Nitrochem Limited,SADHNANIQ.NS,Unspecified,Scored,,0.5125715163697985,0.4874284836302015,1569,INE888C01040,CONSOLIDATED,2026-06-30,-0.55,2026-08-07T20:21:18+05:30,14,0,0.5,2026-09-30,2026-10-02T00:00:00+05:30
1627,Mask Investments Limited,MASKINVEST.NS,Unspecified,Scored,,0.5114682738784654,0.4885317261215346,1570,INE885F01015,STANDALONE,2026-06-30,-0.0246,2026-08-13T17:12:58+05:30,25,3,1.0,2026-09-30,2026-10-02T00:00:00+05:30
942,BALAXI PHARMACEUTICALS LIMITED,BALAXI.NS,Unspecified,Scored,,0.5108740944141957,0.48912590558580427,1571,INE618N01022,CONSOLIDATED,2026-06-30,1.2975,2026-08-05T16:12:12+05:30,26,0,0.75,2026-09-30,2026-10-02T00:00:00+05:30
682,Raymond Ltd.,RAYMOND.NS,Capital Goods,Scored,,0.5101500161305133,0.48984998386948675,1572,INE301A01014,CONSOLIDATED,2026-06-30,30.85,2026-08-07T17:42:09+05:30,30,0,0.5,2026-09-30,2026-10-02T00:00:00+05:30
1264,Ginni Filaments Limited,GINNIFILA.NS,Unspecified,Scored,,0.5100016815660837,0.4899983184339163,1573,INE424C01010,STANDALONE,2026-06-30,9.053,2026-07-28T15:43:44+05:30,31,0,0.25,2026-09-30,2026-10-02T00:00:00+05:30
1982,Sambhv Steel Tubes Limited,SAMBHV.NS,Unspecified,Scored,,0.5097951155707221,0.4902048844292779,1574,INE12NJ01018,CONSOLIDATED,2026-06-30,56.523,2026-08-03T20:17:26+05:30,6,0,0.5,2026-09-30,2026-10-02T00:00:00+05:30
966,Bhansali Engineering Polymers Limited,BEPL.NS,Unspecified,Scored,,0.5097536650913566,0.49024633490864344,1575,INE922A01025,CONSOLIDATED,2026-06-30,65.5977,2026-07-18T17:28:09+05:30,26,0,0.75,2026-09-30,2026-10-02T00:00:00+05:30
1687,MSP Steel & Power Limited,MSPL.NS,Unspecified,Scored,,0.5093269058220052,0.49067309417799476,1576,INE752G01015,CONSOLIDATED,2026-06-30,21.9753,2026-07-31T19:41:19+05:30,27,0,0.5,2026-09-30,2026-10-02T00:00:00+05:30
389,Jubilant Ingrevia Ltd.,JUBLINGREA.NS,Chemicals,Scored,,0.5092480393133745,0.4907519606866255,1577,INE0BY001018,CONSOLIDATED,2026-06-30,105.82,2026-07-22T15:34:15+05:30,22,0,0.5,2026-09-30,2026-10-02T00:00:00+05:30
1089,D.B.Corp Limited,DBCORP.NS,Unspecified,Scored,,0.5090057325170424,0.4909942674829576,1578,INE950I01011,CONSOLIDATED,2026-06-30,100.725,2026-07-16T15:26:15+05:30,32,0,0.75,2026-09-30,2026-10-02T00:00:00+05:30
535,Avanti Feeds Ltd.,AVANTIFEED.NS,Fast Moving Consumer Goods,Scored,,0.5085256288678013,0.4914743711321987,1579,INE871C01038,CONSOLIDATED,2026-06-30,116.305,2026-08-13T19:03:20+05:30,28,0,0.0,2026-09-30,2026-10-02T00:00:00+05:30
2049,Shiva Texyarn Limited,SHIVATEX.NS,Unspecified,Scored,,0.5084750708953455,0.4915249291046545,1580,INE705C01020,CONSOLIDATED,2026-06-30,1.8563,2026-08-06T15:25:10+05:30,12,0,0.5,2026-09-30,2026-10-02T00:00:00+05:30
1045,Chemcon Speciality Chemicals Limited,CHEMCON.NS,Unspecified,Scored,,0.5081959271875736,0.49180407281242644,1581,INE03YM01018,STANDALONE,2026-06-30,10.9629,2026-08-03T18:17:02+05:30,24,0,0.5,2026-09-30,2026-10-02T00:00:00+05:30
956,B&B Triplewall Containers Limited,BBTCL.NS,Unspecified,Scored,,0.5080433390378785,0.49195666096212154,1582,INE01EE01011,CONSOLIDATED,2026-06-30,14.3947,2026-08-14T18:56:14+05:30,16,0,1.0,2026-09-30,2026-10-02T00:00:00+05:30
1906,Ratnaveer Precision Engineering Limited,RATNAVEER.NS,Unspecified,Scored,,0.5076582336216319,0.49234176637836813,1583,INE05CZ01011,CONSOLIDATED,2026-06-30,18.237,2026-07-24T17:41:08+05:30,2,4,1.0,2026-09-30,2026-10-02T00:00:00+05:30
1342,Health X Platform Limited,HEALTHX.NS,Unspecified,Scored,,0.507201771585395,0.49279822841460497,1584,INE019J01013,CONSOLIDATED,2026-06-30,1.9867,2026-08-07T19:02:12+05:30,18,0,0.5,2026-09-30,2026-10-02T00:00:00+05:30
1871,Prozone Realty Limited,PROZONER.NS,Unspecified,Scored,,0.5070297309085379,0.49297026909146213,1585,INE195N01013,CONSOLIDATED,2026-06-30,1.3048,2026-08-14T22:08:11+05:30,28,5,,2026-09-30,2026-10-02T00:00:00+05:30
1454,JHS Svendgaard Laboratories Limited,JHS.NS,Unspecified,Scored,,0.5068496114045514,0.4931503885954486,1586,INE544H01014,CONSOLIDATED,2026-06-30,1.0904,2026-08-11T17:15:08+05:30,28,0,0.5,2026-09-30,2026-10-02T00:00:00+05:30
647,NEOGEN CHEMICALS LTD.,NEOGEN.NS,Chemicals,Scored,,0.5066074631073318,0.49339253689266815,1587,INE136S01016,CONSOLIDATED,2026-06-30,17.11,2026-07-24T21:10:18+05:30,27,0,0.75,2026-09-30,2026-10-02T00:00:00+05:30
2314,Vinyl Chemicals (India) Limited,VINYLINDIA.NS,Unspecified,Scored,,0.5059955651127198,0.4940044348872802,1588,INE250B01029,STANDALONE,2026-06-30,6.62,2026-07-30T14:28:07+05:30,32,3,0.5,2026-09-30,2026-10-02T00:00:00+05:30
1062,Compucom Software Limited,COMPUSOFT.NS,Unspecified,Scored,,0.5059070483933849,0.49409295160661515,1589,INE453B01029,CONSOLIDATED,2026-06-30,1.3664,2026-08-01T18:56:03+05:30,26,0,0.5,2026-09-30,2026-10-02T00:00:00+05:30
754,Wakefit Innovations Ltd.,WAKEFIT.NS,Consumer Durables,Scored,,0.505541081070431,0.49445891892956895,1590,INE0E7301029,STANDALONE,2026-06-30,23.382,2026-08-06T20:01:16+05:30,3,3,0.5,2026-09-30,2026-10-02T00:00:00+05:30
2246,TV Today Network Limited,TVTODAY.NS,Unspecified,Scored,,0.505420412931457,0.494579587068543,1591,INE038F01029,CONSOLIDATED,2026-06-30,10.26,2026-08-05T17:29:15+05:30,26,0,0.5,2026-09-30,2026-10-02T00:00:00+05:30
306,CreditAccess Grameen Ltd.,CREDITACC.NS,Financial Services,Scored,,0.5053774781453277,0.49462252185467226,1592,INE741K01010,CONSOLIDATED,2026-06-30,493.39,2026-07-24T19:17:05+05:30,24,0,1.0,2026-09-30,2026-10-02T00:00:00+05:30
1357,Hindware Home Innovation Limited,HINDWAREAP.NS,Unspecified,Scored,,0.5053750597678773,0.49462494023212267,1593,INE05AN01011,CONSOLIDATED,2026-06-30,4.37,2026-08-12T18:07:13+05:30,27,0,0.5,2026-09-30,2026-10-02T00:00:00+05:30
2106,S. P. Apparels Limited,SPAL.NS,Unspecified,Scored,,0.5051442833829443,0.49485571661705574,1594,INE212I01016,CONSOLIDATED,2026-06-30,24.874,2026-08-11T20:02:13+05:30,31,0,0.5,2026-09-30,2026-10-02T00:00:00+05:30
1910,Regency Ceramics Limited,REGENCERAM.NS,Unspecified,Scored,,0.5050208713874357,0.4949791286125643,1595,INE277C01012,STANDALONE,2026-06-30,-2.568,2026-08-13T18:40:23+05:30,32,0,0.25,2026-09-30,2026-10-02T00:00:00+05:30
1562,Laxmi Cotspin Limited,LAXMICOT.NS,Unspecified,Scored,,0.5046886303705033,0.49531136962949673,1596,INE801V01019,CONSOLIDATED,2026-06-30,-0.4412,2026-08-11T18:53:34+05:30,15,0,0.5,2026-09-30,2026-10-02T00:00:00+05:30
1771,Om Freight Forwarders Limited,OMFREIGHT.NS,Unspecified,Scored,,0.504101324152922,0.49589867584707803,1597,INE1BZC01019,CONSOLIDATED,2026-06-30,7.31,2026-08-13T19:47:14+05:30,5,0,0.75,2026-09-30,2026-10-02T00:00:00+05:30
1148,Dredging Corporation of India Limited,DREDGECORP.NS,Unspecified,Scored,,0.504021308572802,0.49597869142719797,1598,INE506A01018,STANDALONE,2026-06-30,11.2354,2026-08-04T18:36:17+05:30,32,0,0.5,2026-09-30,2026-10-02T00:00:00+05:30
994,Bliss GVS Pharma Limited,BLISSGVS.NS,Unspecified,Scored,,0.5039870258500246,0.49601297414997536,1599,INE416D01022,CONSOLIDATED,2026-06-30,51.372,2026-08-12T19:43:32+05:30,31,0,0.5,2026-09-30,2026-10-02T00:00:00+05:30
1151,Dhunseri Tea & Industries Limited,DTIL.NS,Unspecified,Scored,,0.5039447227588079,0.49605527724119214,1600,INE341R01014,CONSOLIDATED,2026-06-30,4.5189,2026-08-12T17:34:06+05:30,5,0,0.5,2026-09-30,2026-10-02T00:00:00+05:30
159,Ambuja Cements,AMBUJACEM.NS,Cement,Scored,,0.5038004359315091,0.49619956406849086,1601,INE079A01024,CONSOLIDATED,2026-06-30,660.0,2026-07-28T18:17:07+05:30,24,5,,2026-09-30,2026-10-02T00:00:00+05:30
1123,Prataap Snacks Limited,DIAMONDYD.NS,Unspecified,Scored,,0.5034034781897319,0.49659652181026814,1602,INE393P01035,STANDALONE,2026-06-30,2.4719,2026-08-01T22:56:37+05:30,13,0,0.5,2026-09-30,2026-10-02T00:00:00+05:30
703,Shilpa Medicare Ltd.,SHILPAMED.NS,Healthcare,Scored,,0.5023085332749433,0.4976914667250567,1603,INE790G01031,CONSOLIDATED,2026-06-30,100.88,2026-08-05T14:50:58+05:30,25,0,0.5,2026-09-30,2026-10-02T00:00:00+05:30
639,Manorama Industries Ltd.,MANORAMA.NS,Fast Moving Consumer Goods,Scored,,0.5018725491320518,0.4981274508679482,1604,INE00VM01036,CONSOLIDATED,2026-06-30,78.6582,2026-08-13T18:51:10+05:30,8,0,0.75,2026-09-30,2026-10-02T00:00:00+05:30
2204,Transwarranty Finance Limited,TFL.NS,Unspecified,Scored,,0.5017242289839485,0.49827577101605147,1605,INE804H01012,CONSOLIDATED,2026-06-30,-0.121,2026-07-31T19:49:14+05:30,30,0,0.5,2026-09-30,2026-10-02T00:00:00+05:30
846,Alpa Laboratories Limited,ALPA.NS,Unspecified,Scored,,0.5016174890796373,0.4983825109203627,1606,INE385I01010,CONSOLIDATED,2026-06-30,0.9802,2026-08-13T20:09:08+05:30,24,3,0.5,2026-09-30,2026-10-02T00:00:00+05:30
204,Godrej Propert.,GODREJPROP.NS,Real Estate,Scored,,0.5014110708608595,0.49858892913914055,1607,INE484J01027,CONSOLIDATED,2026-06-30,349.38,2026-08-04T12:50:11+05:30,32,0,0.25,2026-09-30,2026-10-02T00:00:00+05:30
814,Abans Financial Services Limited,AFSL.NS,Unspecified,Scored,,0.501334576179603,0.498665423820397,1608,INE00ZE01026,CONSOLIDATED,2026-06-30,65.8533,2026-08-10T18:58:51+05:30,13,0,0.5,2026-09-30,2026-10-02T00:00:00+05:30
1587,Maan Aluminium Limited,MAANALU.NS,Unspecified,Scored,,0.5001880823960454,0.4998119176039546,1609,INE215I01027,STANDALONE,2026-06-30,3.73,2026-08-13T21:34:06+05:30,33,0,0.5,2026-09-30,2026-10-02T00:00:00+05:30
2251,United Foodbrands Limited,UFBL.NS,Unspecified,Scored,,0.49991196109661745,0.5000880389033826,1610,INE382M01027,CONSOLIDATED,2026-06-30,2.308,2026-08-04T18:05:12+05:30,22,0,0.5,2026-09-30,2026-10-02T00:00:00+05:30
1951,Rajputana Stainless Limited,RSL.NS,Unspecified,Scored,,0.49983505800662664,0.5001649419933734,1611,INE313L01016,STANDALONE,2026-06-30,20.1993,2026-08-12T16:34:13+05:30,3,3,1.0,2026-09-30,2026-10-02T00:00:00+05:30
1341,Heads UP Ventures Limited,HEADSUP.NS,Unspecified,Scored,,0.4995230068121596,0.5004769931878403,1612,INE759V01019,CONSOLIDATED,2026-06-30,-0.0189,2026-08-14T20:36:16+05:30,5,2,0.25,2026-09-30,2026-10-02T00:00:00+05:30
2223,Tamil Nadu Newsprint & Papers Limited,TNPL.NS,Unspecified,Scored,,0.49931918115426505,0.500680818845735,1613,INE107A01015,STANDALONE,2026-06-30,5.74,2026-08-12T19:27:13+05:30,32,0,0.5,2026-09-30,2026-10-02T00:00:00+05:30
2011,Seamec Limited,SEAMECLTD.NS,Unspecified,Scored,,0.49890619482036325,0.5010938051796368,1614,INE497B01018,CONSOLIDATED,2026-06-30,81.34,2026-08-13T19:57:16+05:30,28,0,0.5,2026-09-30,2026-10-02T00:00:00+05:30
1457,Jindal Drilling And Industries Limited,JINDRILL.NS,Unspecified,Scored,,0.4986405983253679,0.5013594016746321,1615,INE742C01031,CONSOLIDATED,2026-06-30,47.14,2026-08-07T18:27:04+05:30,28,0,0.75,2026-09-30,2026-10-02T00:00:00+05:30
2271,Universal Cables Limited,UNIVCABLES.NS,Unspecified,Scored,,0.49854512633489295,0.501454873665107,1616,INE279A01012,CONSOLIDATED,2026-06-30,70.1419,2026-08-07T22:23:06+05:30,28,0,0.75,2026-09-30,2026-10-02T00:00:00+05:30
693,Saatvik Green Energy Ltd.,SAATVIKGL.NS,Capital Goods,Scored,,0.4983516709860419,0.5016483290139582,1617,INE13B501022,CONSOLIDATED,2026-06-30,5.363,2026-08-14T15:59:07+05:30,4,3,0.5,2026-09-30,2026-10-02T00:00:00+05:30
1518,K.M.Sugar Mills Limited,KMSUGAR.NS,Unspecified,Scored,,0.4982429925762676,0.5017570074237324,1618,INE157H01023,CONSOLIDATED,2026-06-30,7.83,2026-08-07T19:35:06+05:30,28,0,0.25,2026-09-30,2026-10-02T00:00:00+05:30
1016,BSL Limited,BSL.NS,Unspecified,Scored,,0.4977020657828886,0.5022979342171114,1619,INE594B01012,STANDALONE,2026-06-30,1.7223,2026-08-11T16:48:18+05:30,33,0,0.5,2026-09-30,2026-10-02T00:00:00+05:30
1810,Paras Petrofils Limited,PARASPETRO.NS,Unspecified,Scored,,0.4976400423267002,0.5023599576732998,1620,INE162C01024,STANDALONE,2026-06-30,0.1331,2026-08-14T18:44:29+05:30,23,2,0.5,2026-09-30,2026-10-02T00:00:00+05:30
1141,Donear Industries Limited,DONEAR.NS,Unspecified,Scored,,0.4962793140603326,0.5037206859396675,1621,INE668D01028,CONSOLIDATED,2026-06-30,11.2623,2026-08-14T16:06:13+05:30,10,0,0.75,2026-09-30,2026-10-02T00:00:00+05:30
1611,Manali Petrochemicals Limited,MANALIPETC.NS,Unspecified,Scored,,0.49588324029169734,0.5041167597083027,1622,INE201A01024,CONSOLIDATED,2026-06-30,64.3565,2026-08-13T19:03:12+05:30,29,0,0.75,2026-09-30,2026-10-02T00:00:00+05:30
559,Datamatics Global Services Ltd.,DATAMATICS.NS,Information Technology,Scored,,0.49571624178950036,0.5042837582104996,1623,INE365B01017,CONSOLIDATED,2026-06-30,72.36,2026-08-05T18:39:18+05:30,29,0,0.75,2026-09-30,2026-10-02T00:00:00+05:30
1250,Gretex Corporate Services Limited,GCSL.NS,Unspecified,Scored,,0.49548114204861454,0.5045188579513855,1624,INE199P01028,CONSOLIDATED,2026-06-30,12.7996,2026-07-31T18:58:13+05:30,4,3,0.6666666666666666,2026-09-30,2026-10-02T00:00:00+05:30
2152,Super Spinning Mills Limited,SUPERSPIN.NS,Unspecified,Scored,,0.4950958832383017,0.5049041167616983,1625,INE662A01027,STANDALONE,2026-06-30,0.5589,2026-08-06T13:55:22+05:30,30,0,0.75,2026-09-30,2026-10-02T00:00:00+05:30
427,Nuvoco Vistas Corporation Ltd.,NUVOCO.NS,Construction Materials,Scored,,0.495028048935884,0.504971951064116,1626,INE118D01016,CONSOLIDATED,2026-06-30,159.63,2026-07-13T21:15:11+05:30,21,0,0.75,2026-09-30,2026-10-02T00:00:00+05:30
138,General Insuranc,GICRE.NS,Insurance,Scored,,0.4950072647391126,0.5049927352608874,1627,INE481Y01014,CONSOLIDATED,2026-06-30,1743.67,2026-08-13T15:45:13+05:30,4,4,1.0,2026-09-30,2026-10-02T00:00:00+05:30
2094,Snowman Logistics Limited,SNOWMAN.NS,Unspecified,Scored,,0.49408501237182384,0.5059149876281761,1628,INE734N01019,STANDALONE,2026-06-30,4.5463,2026-08-05T17:47:02+05:30,32,0,0.5,2026-09-30,2026-10-02T00:00:00+05:30
1303,Grindwell Norton Limited,GRINDWELL.NS,Unspecified,Scored,,0.4940487901157163,0.5059512098842838,1629,INE536A01023,CONSOLIDATED,2026-06-30,115.3164,2026-07-24T18:57:11+05:30,28,5,,2026-09-30,2026-10-02T00:00:00+05:30
1260,GHCL Textiles Limited,GHCLTEXTIL.NS,Unspecified,Scored,,0.4937370042750074,0.5062629957249927,1630,INE0PA801013,STANDALONE,2026-06-30,39.35,2026-07-30T15:30:07+05:30,13,0,0.75,2026-09-30,2026-10-02T00:00:00+05:30
355,HBL Engineering Ltd.,HBLENGINE.NS,Capital Goods,Scored,,0.49370068000419276,0.5062993199958072,1631,INE292B01021,CONSOLIDATED,2026-06-30,109.14,2026-08-08T16:24:17+05:30,25,5,,2026-09-30,2026-10-02T00:00:00+05:30
1560,Lasa Supergenerics Limited,LASA.NS,Unspecified,Scored,,0.4936345624171967,0.5063654375828033,1632,INE670X01014,STANDALONE,2026-06-30,-3.5787,2026-08-14T19:02:14+05:30,27,3,1.0,2026-09-30,2026-10-02T00:00:00+05:30
1559,La Opala RG Limited,LAOPALA.NS,Unspecified,Scored,,0.4931707090932342,0.5068292909067658,1633,INE059D01020,STANDALONE,2026-06-30,26.1999,2026-08-12T18:46:17+05:30,33,0,0.5,2026-09-30,2026-10-02T00:00:00+05:30
1900,Ramco Industries Limited,RAMCOIND.NS,Unspecified,Scored,,0.49279233581887943,0.5072076641811205,1634,INE614A01028,CONSOLIDATED,2026-06-30,86.59,2026-08-10T16:01:09+05:30,27,3,0.5,2026-09-30,2026-10-02T00:00:00+05:30
838,Alembic Limited,ALEMBICLTD.NS,Unspecified,Scored,,0.4923515222588989,0.5076484777411011,1635,INE426A01027,CONSOLIDATED,2026-06-30,64.8867,2026-08-11T20:33:05+05:30,29,0,0.5,2026-09-30,2026-10-02T00:00:00+05:30
2109,Speciality Restaurants Limited,SPECIALITY.NS,Unspecified,Scored,,0.4921265915366909,0.5078734084633091,1636,INE247M01014,CONSOLIDATED,2026-06-30,7.1103,2026-08-10T19:28:09+05:30,29,0,0.5,2026-09-30,2026-10-02T00:00:00+05:30
1358,Hind Rectifiers Limited,HIRECT.NS,Unspecified,Scored,,0.49180593423863134,0.5081940657613686,1637,INE835D01023,CONSOLIDATED,2026-06-30,6.501,2026-08-11T17:48:11+05:30,7,0,0.5,2026-09-30,2026-10-02T00:00:00+05:30
1505,Khandwala Securities Limited,KHANDSE.NS,Unspecified,Scored,,0.491767647219462,0.508232352780538,1638,INE060B01014,CONSOLIDATED,2026-06-30,0.0843,2026-08-10T16:49:18+05:30,28,0,0.75,2026-09-30,2026-10-02T00:00:00+05:30
106,Linde India,LINDEINDIA.NS,Chemicals,Scored,,0.49147948406928826,0.5085205159307118,1639,INE473A01011,CONSOLIDATED,2026-06-30,104.594,2026-08-11T19:37:09+05:30,22,0,0.75,2026-09-30,2026-10-02T00:00:00+05:30
294,Central Depository Services (India) Ltd.,CDSL.NS,Financial Services,Scored,,0.49142940559557513,0.5085705944044249,1640,INE736A01011,CONSOLIDATED,2026-06-30,117.67,2026-08-01T13:18:58+05:30,30,0,0.5,2026-09-30,2026-10-02T00:00:00+05:30
2249,Updater Services Limited,UDS.NS,Unspecified,Scored,,0.4911007871715805,0.5088992128284195,1641,INE851I01011,CONSOLIDATED,2026-06-30,30.283,2026-07-30T19:44:04+05:30,12,0,1.0,2026-09-30,2026-10-02T00:00:00+05:30
1433,Intrasoft Technologies Limited,ISFT.NS,Unspecified,Scored,,0.49107949641889925,0.5089205035811007,1642,INE566K01011,CONSOLIDATED,2026-06-30,4.5452,2026-08-13T18:35:28+05:30,31,0,0.5,2026-09-30,2026-10-02T00:00:00+05:30
2323,Visagar Polytex Limited,VIVIDHA.NS,Unspecified,Scored,,0.49107299897751533,0.5089270010224847,1643,INE370E01029,STANDALONE,2026-06-30,-0.3879,2026-08-13T16:27:13+05:30,29,0,1.0,2026-09-30,2026-10-02T00:00:00+05:30
1136,Diligent Media Corporation Limited,DNAMEDIA.NS,Unspecified,Scored,,0.4909583293657426,0.5090416706342574,1644,INE016M01021,STANDALONE,2026-06-30,0.3999,2026-08-13T18:52:10+05:30,32,0,0.75,2026-09-30,2026-10-02T00:00:00+05:30
1080,Cyber Media (India) Limited,CYBERMEDIA.NS,Unspecified,Scored,,0.49091554594387754,0.5090844540561225,1645,INE278G01037,CONSOLIDATED,2026-06-30,1.6261,2026-07-24T15:50:50+05:30,23,3,0.5,2026-09-30,2026-10-02T00:00:00+05:30
2201,Texmaco Infrastructure & Holdings Limited,TEXINFRA.NS,Unspecified,Scored,,0.4907522885815096,0.5092477114184903,1646,INE435C01024,CONSOLIDATED,2026-06-30,1.6202,2026-08-03T18:48:12+05:30,27,0,0.5,2026-09-30,2026-10-02T00:00:00+05:30
1496,DSJ Keep Learning Limited,KEEPLEARN.NS,Unspecified,Scored,,0.4903502102855594,0.5096497897144405,1647,INE055C01020,STANDALONE,2026-06-30,0.1036,2026-08-14T20:53:05+05:30,30,0,0.25,2026-09-30,2026-10-02T00:00:00+05:30
884,Arman Financial Services Limited,ARMANFIN.NS,Unspecified,Scored,,0.49004260086700324,0.5099573991329968,1648,INE109C01017,CONSOLIDATED,2026-06-30,45.1715,2026-08-12T19:27:09+05:30,27,0,1.0,2026-09-30,2026-10-02T00:00:00+05:30
1273,GLOBE ENTERPRISES (INDIA) LIMITED,GLOBE.NS,Unspecified,Scored,,0.489821588129071,0.5101784118709289,1649,INE581X01021,CONSOLIDATED,2026-06-30,2.9143,2026-08-12T14:55:14+05:30,9,0,0.5,2026-09-30,2026-10-02T00:00:00+05:30
694,Safari Industries (India) Ltd.,SAFARI.NS,Consumer Durables,Scored,,0.4896881394487885,0.5103118605512116,1650,INE429E01023,CONSOLIDATED,2026-06-30,47.75,2026-08-04T16:37:40+05:30,28,0,0.5,2026-09-30,2026-10-02T00:00:00+05:30
1813,Pashupati Cotspin Limited,PASHUPATI.NS,Unspecified,Scored,,0.48902605454653525,0.5109739454534648,1651,INE124Y01028,CONSOLIDATED,2026-06-30,7.2502,2026-08-05T19:49:15+05:30,6,0,0.5,2026-09-30,2026-10-02T00:00:00+05:30
1940,Rossell India Limited,ROSSELLIND.NS,Unspecified,Scored,,0.4884326162698383,0.5115673837301618,1652,INE847C01020,STANDALONE,2026-06-30,3.81,2026-08-07T17:46:12+05:30,18,0,0.5,2026-09-30,2026-10-02T00:00:00+05:30
2116,Shankar Lal Rampal Dye-Chem Limited,SRD.NS,Unspecified,Scored,,0.488158607513587,0.511841392486413,1653,INE01NE01012,STANDALONE,2026-06-30,9.1851,2026-08-14T17:24:13+05:30,7,0,1.0,2026-09-30,2026-10-02T00:00:00+05:30
1311,G-TEC JAINX EDUCATION LIMITED,GTECJAINX.NS,Unspecified,Scored,,0.4875787641374526,0.5124212358625474,1654,INE586X01012,CONSOLIDATED,2026-06-30,0.2979,2026-08-11T17:07:21+05:30,21,0,1.0,2026-09-30,2026-10-02T00:00:00+05:30
1283,Go Fashion (India) Limited,GOCOLORS.NS,Unspecified,Scored,,0.4875254776957804,0.5124745223042195,1655,INE0BJS01011,STANDALONE,2026-06-30,16.4899,2026-07-30T14:51:17+05:30,18,0,0.5,2026-09-30,2026-10-02T00:00:00+05:30
653,Orient Cement Ltd.,ORIENTCEM.NS,Construction Materials,Scored,,0.4872559363531865,0.5127440636468135,1656,INE876N01018,STANDALONE,2026-06-30,77.0,2026-07-23T20:16:12+05:30,33,0,0.5,2026-09-30,2026-10-02T00:00:00+05:30
1935,Royal Orchid Hotels Limited,ROHLTD.NS,Unspecified,Scored,,0.4872295976831128,0.5127704023168872,1657,INE283H01019,CONSOLIDATED,2026-06-30,6.7944,2026-08-11T14:47:08+05:30,26,0,0.25,2026-09-30,2026-10-02T00:00:00+05:30
1015,Bombay Super Hybrid Seeds Limited,BSHSL.NS,Unspecified,Scored,,0.48717125036753284,0.5128287496324672,1658,INE032Z01020,STANDALONE,2026-06-30,14.3018,2026-08-07T19:32:57+05:30,23,3,0.5,2026-09-30,2026-10-02T00:00:00+05:30
2164,Suryoday Small Finance Bank Limited,SURYODAY.NS,Unspecified,Scored,,0.48633479466713303,0.513665205332867,1659,INE428Q01011,STANDALONE,2026-06-30,75.18,2026-07-23T18:42:56+05:30,15,0,0.75,2026-09-30,2026-10-02T00:00:00+05:30
597,Hindustan Construction Co. Ltd.,HCC.NS,Construction,Scored,,0.48626717514611356,0.5137328248538864,1660,INE549A01026,CONSOLIDATED,2026-06-30,51.08,2026-08-06T16:41:10+05:30,23,0,0.25,2026-09-30,2026-10-02T00:00:00+05:30
382,JSW Cement Ltd.,JSWCEMENT.NS,Construction Materials,Scored,,0.4861494567696953,0.5138505432303047,1661,INE718I01012,CONSOLIDATED,2026-06-30,153.43,2026-08-13T21:33:10+05:30,5,0,0.75,2026-09-30,2026-10-02T00:00:00+05:30
1886,Radhika Jeweltech Limited,RADHIKAJWE.NS,Unspecified,Scored,,0.48607755810459563,0.5139224418954044,1662,INE583V01021,STANDALONE,2026-06-30,22.8535,2026-08-11T17:32:14+05:30,15,0,0.75,2026-09-30,2026-10-02T00:00:00+05:30
1122,Diamines & Chemicals Limited,DIAMINESQ.NS,Unspecified,Scored,,0.4860014280227292,0.5139985719772708,1663,INE591D01014,CONSOLIDATED,2026-06-30,-0.1033,2026-08-05T16:27:12+05:30,12,0,0.75,2026-09-30,2026-10-02T00:00:00+05:30
324,Elecon Engineering Co. Ltd.,ELECON.NS,Capital Goods,Scored,,0.48549027575446774,0.5145097242455323,1664,INE205B01031,CONSOLIDATED,2026-06-30,70.35,2026-07-10T15:59:13+05:30,30,0,0.25,2026-09-30,2026-10-02T00:00:00+05:30
1405,Indo Rama Synthetics (India) Limited,INDORAMA.NS,Unspecified,Scored,,0.48546186730789864,0.5145381326921014,1665,INE156A01020,CONSOLIDATED,2026-06-30,63.74,2026-07-29T18:06:09+05:30,27,0,0.25,2026-09-30,2026-10-02T00:00:00+05:30
478,Tata Motors Ltd.,TMCV.NS,Capital Goods,Scored,,0.4854497532979849,0.5145502467020151,1666,INE1TAE01010,CONSOLIDATED,2026-06-30,2556.0,2026-08-12T16:19:02+05:30,4,3,1.0,2026-09-30,2026-10-02T00:00:00+05:30
256,Anand Rathi Wealth Ltd.,ANANDRATHI.NS,Financial Services,Scored,,0.48531173411326556,0.5146882658867344,1667,INE463V01026,CONSOLIDATED,2026-06-30,163.0077,2026-07-09T20:05:13+05:30,18,0,1.0,2026-09-30,2026-10-02T00:00:00+05:30
741,V-Guard Industries Ltd.,VGUARD.NS,Consumer Durables,Scored,,0.4851764311035476,0.5148235688964524,1668,INE951I01027,CONSOLIDATED,2026-06-30,130.25,2026-07-29T17:09:11+05:30,28,0,0.5,2026-09-30,2026-10-02T00:00:00+05:30
451,Reliance Power Ltd.,RPOWER.NS,Power,Scored,,0.484469972653234,0.515530027346766,1669,INE614G01033,CONSOLIDATED,2026-06-30,64.71,2026-08-06T20:11:11+05:30,30,0,0.5,2026-09-30,2026-10-02T00:00:00+05:30
1396,Indbank Merchant Banking Services Limited,INDBANK.NS,Unspecified,Scored,,0.4841029893200893,0.5158970106799107,1670,INE841B01017,STANDALONE,2026-06-30,2.3753,2026-07-08T18:26:03+05:30,32,0,0.5,2026-09-30,2026-10-02T00:00:00+05:30
1021,Barak Valley Cements Limited,BVCL.NS,Unspecified,Scored,,0.4835308306966481,0.5164691693033518,1671,INE139I01011,CONSOLIDATED,2026-06-30,3.0625,2026-08-13T17:43:07+05:30,28,0,0.5,2026-09-30,2026-10-02T00:00:00+05:30
375,Intellect Design Arena Ltd.,INTELLECT.NS,Information Technology,Scored,,0.4824183564050227,0.5175816435949774,1672,INE306R01017,CONSOLIDATED,2026-06-30,101.822,2026-07-31T15:34:14+05:30,28,0,0.5,2026-09-30,2026-10-02T00:00:00+05:30
992,BLB Limited,BLBLIMITED.NS,Unspecified,Scored,,0.48237452664319874,0.5176254733568013,1673,INE791A01024,CONSOLIDATED,2026-06-30,5.53,2026-08-12T16:46:10+05:30,2,4,1.0,2026-09-30,2026-10-02T00:00:00+05:30
986,Birla Cable Limited,BIRLACABLE.NS,Unspecified,Scored,,0.4821924664287525,0.5178075335712475,1674,INE800A01015,CONSOLIDATED,2026-06-30,30.6951,2026-08-02T18:22:07+05:30,17,0,0.75,2026-09-30,2026-10-02T00:00:00+05:30
65,ICICI Lombard,ICICIGI.NS,Insurance,Scored,,0.48217945944211554,0.5178205405578844,1675,INE765G01017,STANDALONE,2026-06-30,403.17,2026-07-15T21:12:05+05:30,6,0,0.25,2026-09-30,2026-10-02T00:00:00+05:30
659,PTC India Ltd.,PTC.NS,Power,Scored,,0.48180509088812407,0.5181949091118759,1676,INE877F01012,CONSOLIDATED,2026-06-30,112.08,2026-08-04T19:45:12+05:30,25,0,0.0,2026-09-30,2026-10-02T00:00:00+05:30
679,RattanIndia Enterprises Ltd.,RTNINDIA.NS,Consumer Services,Scored,,0.4816374727718993,0.5183625272281007,1677,INE834M01019,CONSOLIDATED,2026-06-30,14.735,2026-08-05T18:19:11+05:30,18,1,1.0,2026-09-30,2026-10-02T00:00:00+05:30
1818,Paushak Limited,PAUSHAKLTD.NS,Unspecified,Scored,,0.4811635732539369,0.5188364267460631,1678,INE111F01024,STANDALONE,2026-06-30,15.1041,2026-07-30T22:14:05+05:30,3,3,1.0,2026-09-30,2026-10-02T00:00:00+05:30
62,Berger Paints,BERGEPAINT.NS,Paints,Scored,,0.48043890255482824,0.5195610974451718,1679,INE463A01038,CONSOLIDATED,2026-06-30,405.01,2026-08-05T16:35:16+05:30,31,0,0.75,2026-09-30,2026-10-02T00:00:00+05:30
568,Ellenbarrie Industrial Gases Ltd.,ELLEN.NS,Chemicals,Scored,,0.48033319312185546,0.5196668068781445,1680,INE236E01022,STANDALONE,2026-06-30,34.962,2026-08-07T19:07:42+05:30,5,0,0.5,2026-09-30,2026-10-02T00:00:00+05:30
1905,Rane Holdings Limited,RANEHOLDIN.NS,Unspecified,Scored,,0.47938104127702846,0.5206189587229715,1681,INE384A01010,CONSOLIDATED,2026-06-30,48.27,2026-08-13T16:05:12+05:30,26,0,0.25,2026-09-30,2026-10-02T00:00:00+05:30
1716,N. B. I. Industrial Finance Company Limited,NBIFIN.NS,Unspecified,Scored,,0.4793141791767688,0.5206858208232312,1682,INE365I01020,STANDALONE,2026-06-30,1.1068,2026-08-11T15:51:11+05:30,16,4,1.0,2026-09-30,2026-10-02T00:00:00+05:30
236,ACME Solar Holdings Ltd.,ACMESOLAR.NS,Power,Scored,,0.4787892389076182,0.5212107610923817,1683,INE622W01025,CONSOLIDATED,2026-06-30,235.33,2026-07-29T20:28:06+05:30,8,0,0.5,2026-09-30,2026-10-02T00:00:00+05:30
1492,KCP Limited,KCP.NS,Unspecified,Scored,,0.47873591436528884,0.5212640856347112,1684,INE805C01028,CONSOLIDATED,2026-06-30,55.25,2026-08-03T15:04:17+05:30,28,0,0.25,2026-09-30,2026-10-02T00:00:00+05:30
748,Varroc Engineering Ltd.,VARROC.NS,Automobile and Auto Components,Scored,,0.47802896953622076,0.5219710304637792,1685,INE665L01035,CONSOLIDATED,2026-06-30,77.703,2026-08-06T17:06:03+05:30,31,0,0.5,2026-09-30,2026-10-02T00:00:00+05:30
1177,Emkay Global Financial Services Limited,EMKAY.NS,Unspecified,Scored,,0.4779106529299699,0.5220893470700301,1686,INE296H01011,CONSOLIDATED,2026-06-30,9.1069,2026-07-27T18:14:12+05:30,21,3,0.5,2026-09-30,2026-10-02T00:00:00+05:30
1670,Modis Navnirman Limited,MODIS.NS,Unspecified,Scored,,0.4778842786087198,0.5221157213912802,1687,INE0L0L01012,CONSOLIDATED,2026-06-30,8.5807,2026-08-07T13:28:02+05:30,2,4,1.0,2026-09-30,2026-10-02T00:00:00+05:30
507,Zydus Wellness Ltd.,ZYDUSWELL.NS,Fast Moving Consumer Goods,Scored,,0.47775038444446466,0.5222496155555354,1688,INE768C01028,CONSOLIDATED,2026-06-30,118.9,2026-08-04T18:05:57+05:30,29,0,0.5,2026-09-30,2026-10-02T00:00:00+05:30
1682,Morepen Laboratories Limited,MOREPENLAB.NS,Unspecified,Scored,,0.4775704252968557,0.5224295747031442,1689,INE083A01026,CONSOLIDATED,2026-06-30,56.3994,2026-08-04T16:20:04+05:30,31,0,0.5,2026-09-30,2026-10-02T00:00:00+05:30
995,B. L. Kashyap and Sons Limited,BLKASHYAP.NS,Unspecified,Scored,,0.47753019729949436,0.5224698027005057,1690,INE350H01032,CONSOLIDATED,2026-06-30,10.0048,2026-08-12T16:52:12+05:30,29,0,0.5,2026-09-30,2026-10-02T00:00:00+05:30
2227,Total Transport Systems Limited,TOTAL.NS,Unspecified,Scored,,0.47746609534583917,0.5225339046541608,1691,INE336X01012,CONSOLIDATED,2026-06-30,4.1253,2026-08-06T23:04:46+05:30,22,0,0.25,2026-09-30,2026-10-02T00:00:00+05:30
603,Indian Metals & Ferro Alloys Ltd.,IMFA.NS,Metals & Mining,Scored,,0.4773911159901871,0.5226088840098129,1692,INE919H01018,CONSOLIDATED,2026-06-30,192.59,2026-08-04T17:59:06+05:30,29,0,0.75,2026-09-30,2026-10-02T00:00:00+05:30
1043,Chembond Material Technologies Limited,CHEMBOND.NS,Unspecified,Scored,,0.47712193454663027,0.5228780654533698,1693,INE995D01025,CONSOLIDATED,2026-06-30,5.7263,2026-07-17T20:28:10+05:30,25,0,0.5,2026-09-30,2026-10-02T00:00:00+05:30
275,Blue Dart Express Ltd.,BLUEDART.NS,Services,Scored,,0.476987155657721,0.523012844342279,1694,INE233B01017,CONSOLIDATED,2026-06-30,88.49,2026-07-31T19:03:02+05:30,29,0,0.5,2026-09-30,2026-10-02T00:00:00+05:30
1263,Gillanders Arbuthnot & Company Limited,GILLANDERS.NS,Unspecified,Scored,,0.47676723621762357,0.5232327637823764,1695,INE047B01011,CONSOLIDATED,2026-06-30,2.5178,2026-08-07T14:50:13+05:30,29,0,0.5,2026-09-30,2026-10-02T00:00:00+05:30
2107,Spandana Sphoorty Financial Limited,SPANDANA.NS,Unspecified,Scored,,0.47656169618439936,0.5234383038156006,1696,INE572J01011,CONSOLIDATED,2026-06-30,11.88,2026-07-23T18:55:16+05:30,22,0,1.0,2026-09-30,2026-10-02T00:00:00+05:30
561,Dilip Buildcon Ltd.,DBL.NS,Construction,Scored,,0.47645725203533595,0.523542747964664,1697,INE917M01012,CONSOLIDATED,2026-06-30,128.0127,2026-08-10T19:33:12+05:30,25,0,0.5,2026-09-30,2026-10-02T00:00:00+05:30
2242,TTK Prestige Limited,TTKPRESTIG.NS,Unspecified,Scored,,0.47632346565539785,0.5236765343446022,1698,INE690A01028,CONSOLIDATED,2026-06-30,58.97,2026-07-28T18:14:02+05:30,28,0,0.75,2026-09-30,2026-10-02T00:00:00+05:30
834,AksharChem India Limited,AKSHARCHEM.NS,Unspecified,Scored,,0.4761221372808185,0.5238778627191816,1699,INE542B01011,STANDALONE,2026-06-30,15.2124,2026-08-12T17:35:11+05:30,30,0,0.5,2026-09-30,2026-10-02T00:00:00+05:30
1322,Gulshan Polyols Limited,GULPOLY.NS,Unspecified,Scored,,0.4756242365589416,0.5243757634410584,1700,INE255D01024,STANDALONE,2026-06-30,53.5052,2026-08-06T17:53:51+05:30,19,3,0.5,2026-09-30,2026-10-02T00:00:00+05:30
1758,N R Agarwal Industries Limited,NRAIL.NS,Unspecified,Scored,,0.47541299797154374,0.5245870020284562,1701,INE740D01017,STANDALONE,2026-06-30,34.9753,2026-08-05T16:07:08+05:30,30,0,0.5,2026-09-30,2026-10-02T00:00:00+05:30
1580,Lovable Lingerie Limited,LOVABLE.NS,Unspecified,Scored,,0.4753071592141038,0.5246928407858962,1702,INE597L01014,STANDALONE,2026-06-30,3.4883,2026-08-13T19:56:15+05:30,29,0,0.5,2026-09-30,2026-10-02T00:00:00+05:30
2238,Trigyn Technologies Limited,TRIGYN.NS,Unspecified,Scored,,0.47514393584251274,0.5248560641574873,1703,INE948A01012,CONSOLIDATED,2026-06-30,3.4875,2026-08-11T20:43:06+05:30,32,0,0.5,2026-09-30,2026-10-02T00:00:00+05:30
825,Airo Lam limited,AIROLAM.NS,Unspecified,Scored,,0.47464249064473174,0.5253575093552683,1704,INE801L01010,CONSOLIDATED,2026-06-30,1.2763,2026-08-14T17:36:43+05:30,18,0,0.5,2026-09-30,2026-10-02T00:00:00+05:30
1149,DCM Shriram Fine Chemicals Limited,DSFCL.NS,Unspecified,Scored,,0.4745897804546173,0.5254102195453827,1705,INE0OFM01015,CONSOLIDATED,2026-06-30,2.5937,2026-08-14T16:32:05+05:30,3,3,0.5,2026-09-30,2026-10-02T00:00:00+05:30
2119,Sree Rayalaseema Hi-Strength Hypo Limited,SRHHYPOLTD.NS,Unspecified,Scored,,0.474588950871114,0.5254110491288859,1706,INE917H01012,CONSOLIDATED,2026-06-30,24.7298,2026-08-12T16:15:18+05:30,25,0,0.5,2026-09-30,2026-10-02T00:00:00+05:30
1334,Hathway Cable & Datacom Limited,HATHWAY.NS,Unspecified,Scored,,0.47443723365310136,0.5255627663468987,1707,INE982F01036,CONSOLIDATED,2026-06-30,24.56,2026-07-16T18:02:12+05:30,28,0,0.5,2026-09-30,2026-10-02T00:00:00+05:30
1517,Knowledge Marine & Engineering Works Limited,KMEW.NS,Unspecified,Scored,,0.47365880610800704,0.526341193891993,1708,INE0CJD01029,CONSOLIDATED,2026-06-30,62.7468,2026-08-14T18:09:16+05:30,7,0,0.5,2026-09-30,2026-10-02T00:00:00+05:30
418,NMDC Steel Ltd.,NSLNISP.NS,Metals & Mining,Scored,,0.4735659688175335,0.5264340311824665,1709,INE0NNS01018,STANDALONE,2026-06-30,50.51,2026-08-15T14:16:08+05:30,14,0,0.25,2026-09-30,2026-10-02T00:00:00+05:30
1239,GANESH HOUSING LIMITED,GANESHHOU.NS,Unspecified,Scored,,0.473341117480836,0.526658882519164,1710,INE460C01014,CONSOLIDATED,2026-06-30,41.9568,2026-07-24T16:33:13+05:30,27,0,0.5,2026-09-30,2026-10-02T00:00:00+05:30
2280,Vaishali Pharma Limited,VAISHALI.NS,Unspecified,Scored,,0.47209739394944056,0.5279026060505594,1711,INE972X01022,CONSOLIDATED,2026-06-30,1.5462,2026-08-14T16:39:43+05:30,4,3,0.6666666666666666,2026-09-30,2026-10-02T00:00:00+05:30
582,Godrej Agrovet Ltd.,GODREJAGRO.NS,Fast Moving Consumer Goods,Scored,,0.4718360217030422,0.5281639782969578,1712,INE850D01014,CONSOLIDATED,2026-06-30,128.31,2026-08-05T18:39:16+05:30,33,0,0.5,2026-09-30,2026-10-02T00:00:00+05:30
563,Dynamatic Technologies Ltd.,DYNAMATECH.NS,Capital Goods,Scored,,0.4715426462189984,0.5284573537810016,1713,INE221B01012,CONSOLIDATED,2026-06-30,20.79,2026-08-07T22:00:25+05:30,32,0,0.75,2026-09-30,2026-10-02T00:00:00+05:30
664,Praj Industries Ltd.,PRAJIND.NS,Capital Goods,Scored,,0.4715206479320752,0.5284793520679247,1714,INE074A01025,CONSOLIDATED,2026-06-30,11.606,2026-08-13T16:59:08+05:30,31,0,0.5,2026-09-30,2026-10-02T00:00:00+05:30
1642,Medi Assist Healthcare Services Limited,MEDIASSIST.NS,Unspecified,Scored,,0.47126116014079883,0.5287388398592012,1715,INE456Z01021,CONSOLIDATED,2026-06-30,27.597,2026-08-08T16:28:05+05:30,10,0,0.25,2026-09-30,2026-10-02T00:00:00+05:30
2240,TruAlt Bioenergy Limited,TRUALT.NS,Unspecified,Scored,,0.4710557468976778,0.5289442531023222,1716,INE0MWH01014,CONSOLIDATED,2026-06-30,59.2714,2026-07-28T21:08:03+05:30,5,0,0.25,2026-09-30,2026-10-02T00:00:00+05:30
1698,Muthoot Capital Services Limited,MUTHOOTCAP.NS,Unspecified,Scored,,0.47096508313400964,0.5290349168659904,1717,INE296G01013,STANDALONE,2026-06-30,8.1221,2026-07-16T21:49:15+05:30,30,0,0.75,2026-09-30,2026-10-02T00:00:00+05:30
1706,Nahar Industrial Enterprises Limited,NAHARINDUS.NS,Unspecified,Scored,,0.4708383565208807,0.5291616434791193,1718,INE289A01011,CONSOLIDATED,2026-06-30,24.975,2026-08-14T16:36:22+05:30,27,0,0.75,2026-09-30,2026-10-02T00:00:00+05:30
1361,Hitech Corporation Limited,HITECHCORP.NS,Unspecified,Scored,,0.46961644758778676,0.5303835524122132,1719,INE120D01012,CONSOLIDATED,2026-06-30,7.1086,2026-08-14T20:51:06+05:30,9,0,0.25,2026-09-30,2026-10-02T00:00:00+05:30
1199,Excel Industries Limited,EXCELINDUS.NS,Unspecified,Scored,,0.46908464998808386,0.5309153500119161,1720,INE369A01029,CONSOLIDATED,2026-06-30,29.4665,2026-08-13T19:18:19+05:30,27,0,1.0,2026-09-30,2026-10-02T00:00:00+05:30
1356,Hindustan Oil Exploration Company Limited,HINDOILEXP.NS,Unspecified,Scored,,0.468654587368688,0.531345412631312,1721,INE345A01011,CONSOLIDATED,2026-06-30,6.2355,2026-08-12T18:05:16+05:30,27,0,0.25,2026-09-30,2026-10-02T00:00:00+05:30
583,Gokaldas Exports Ltd.,GOKEX.NS,Textiles,Scored,,0.46849492180363106,0.5315050781963689,1722,INE887G01027,CONSOLIDATED,2026-06-30,44.2982,2026-08-11T21:27:15+05:30,28,0,0.75,2026-09-30,2026-10-02T00:00:00+05:30
883,Arkade Developers Limited,ARKADE.NS,Unspecified,Scored,,0.46825065205845073,0.5317493479415493,1723,INE0QRL01017,CONSOLIDATED,2026-06-30,19.0783,2026-08-11T19:05:16+05:30,9,0,0.5,2026-09-30,2026-10-02T00:00:00+05:30
1443,Jagsonpal Pharmaceuticals Limited,JAGSNPHARM.NS,Unspecified,Scored,,0.46812283326804627,0.5318771667319537,1724,INE048B01035,STANDALONE,2026-06-30,13.189,2026-07-29T19:23:11+05:30,30,0,0.5,2026-09-30,2026-10-02T00:00:00+05:30
2048,Shiva Mills Limited,SHIVAMILLS.NS,Unspecified,Scored,,0.46688484756645526,0.5331151524335447,1725,INE644Y01017,STANDALONE,2026-06-30,2.8277,2026-08-06T17:03:16+05:30,33,0,0.75,2026-09-30,2026-10-02T00:00:00+05:30
2245,TVS Srichakra Limited,TVSSRICHAK.NS,Unspecified,Scored,,0.4666468593551532,0.5333531406448468,1726,INE421C01016,CONSOLIDATED,2026-06-30,34.02,2026-08-13T13:31:17+05:30,28,0,0.5,2026-09-30,2026-10-02T00:00:00+05:30
1742,Indo-National Limited,NIPPOBATRY.NS,Unspecified,Scored,,0.46619925831398423,0.5338007416860158,1727,INE567A01028,CONSOLIDATED,2026-06-30,2.01,2026-08-14T16:51:26+05:30,24,0,0.5,2026-09-30,2026-10-02T00:00:00+05:30
1978,Salona Cotspin Limited,SALONA.NS,Unspecified,Scored,,0.4657797395484353,0.5342202604515647,1728,INE498E01010,STANDALONE,2026-06-30,2.2561,2026-08-13T18:07:33+05:30,32,0,0.25,2026-09-30,2026-10-02T00:00:00+05:30
960,BCPL Railway Infrastructure Limited,BCPL.NS,Unspecified,Scored,,0.46572938547169246,0.5342706145283076,1729,INE00SW01015,CONSOLIDATED,2026-06-30,3.9904,2026-08-14T19:05:14+05:30,2,4,1.0,2026-09-30,2026-10-02T00:00:00+05:30
610,JSW Holdings Ltd.,JSWHL.NS,Financial Services,Scored,,0.46428831053351777,0.5357116894664822,1730,INE824G01012,CONSOLIDATED,2026-06-30,24.5357,2026-08-06T17:06:01+05:30,23,0,0.5,2026-09-30,2026-10-02T00:00:00+05:30
824,Airan Limited,AIRAN.NS,Unspecified,Scored,,0.46421194816094313,0.5357880518390569,1731,INE645W01026,CONSOLIDATED,2026-06-30,6.6968,2026-08-13T19:55:24+05:30,27,3,0.5,2026-09-30,2026-10-02T00:00:00+05:30
2145,Summit Securities Limited,SUMMITSEC.NS,Unspecified,Scored,,0.46381627268979186,0.5361837273102081,1732,INE519C01017,CONSOLIDATED,2026-06-30,35.2912,2026-08-04T17:40:13+05:30,20,3,0.5,2026-09-30,2026-10-02T00:00:00+05:30
790,A B Cotspin India Limited,ABCOTS.NS,Unspecified,Scored,,0.4631798749618721,0.5368201250381279,1733,INE08PH01015,CONSOLIDATED,2026-06-30,5.1059,2026-08-12T17:11:24+05:30,6,0,0.25,2026-09-30,2026-10-02T00:00:00+05:30
1307,GRP Limited,GRPLTD.NS,Unspecified,Scored,,0.46281851443863226,0.5371814855613677,1734,INE137I01015,CONSOLIDATED,2026-06-30,4.1984,2026-07-23T20:36:15+05:30,29,0,0.5,2026-09-30,2026-10-02T00:00:00+05:30
1521,Kokuyo Camlin Limited,KOKUYOCMLN.NS,Unspecified,Scored,,0.4626058544526245,0.5373941455473755,1735,INE760A01029,STANDALONE,2026-06-30,7.3014,2026-08-06T21:33:10+05:30,33,0,0.25,2026-09-30,2026-10-02T00:00:00+05:30
246,Aditya Birla Sun Life AMC Ltd.,ABSLAMC.NS,Financial Services,Scored,,0.4625252103056702,0.5374747896943298,1736,INE404A01024,CONSOLIDATED,2026-06-30,309.49,2026-07-21T19:07:17+05:30,20,0,0.5,2026-09-30,2026-10-02T00:00:00+05:30
1520,Kohinoor Foods Limited,KOHINOOR.NS,Unspecified,Scored,,0.46246410825653556,0.5375358917434645,1737,INE080B01012,CONSOLIDATED,2026-06-30,2.1,2026-08-13T18:21:19+05:30,25,0,0.5,2026-09-30,2026-10-02T00:00:00+05:30
2319,Visaka Industries Limited,VISAKAIND.NS,Unspecified,Scored,,0.4613314481675656,0.5386685518324343,1738,INE392A01021,CONSOLIDATED,2026-06-30,52.6795,2026-08-06T19:45:07+05:30,25,0,0.75,2026-09-30,2026-10-02T00:00:00+05:30
107,Balkrishna Inds,BALKRISIND.NS,Auto Ancillaries,Scored,,0.46055008187066043,0.5394499181293395,1739,INE787D01026,CONSOLIDATED,2026-06-30,450.77,2026-07-29T18:54:05+05:30,27,0,0.5,2026-09-30,2026-10-02T00:00:00+05:30
2237,TRF Limited,TRF.NS,Unspecified,Scored,,0.460384686978557,0.5396153130214429,1740,INE391D01019,CONSOLIDATED,2026-06-30,1.8765,2026-07-16T18:48:10+05:30,30,0,0.5,2026-09-30,2026-10-02T00:00:00+05:30
1902,Ramky Infrastructure Limited,RAMKY.NS,Unspecified,Scored,,0.46014382607008986,0.5398561739299101,1741,INE874I01013,CONSOLIDATED,2026-06-30,38.797,2026-08-10T22:01:10+05:30,26,0,0.0,2026-09-30,2026-10-02T00:00:00+05:30
649,National Fertilizers Ltd.,NFL.NS,Chemicals,Scored,,0.45982017488315163,0.5401798251168484,1742,INE870D01012,CONSOLIDATED,2026-06-30,113.38,2026-08-12T19:40:17+05:30,27,0,0.75,2026-09-30,2026-10-02T00:00:00+05:30
1234,Gandhar Oil Refinery (India) Limited,GANDHAR.NS,Unspecified,Scored,,0.4595708917476583,0.5404291082523417,1743,INE717W01049,CONSOLIDATED,2026-06-30,205.9,2026-07-22T20:12:15+05:30,11,3,0.5,2026-09-30,2026-10-02T00:00:00+05:30
2269,The United Nilgiri Tea Estates Company Limited,UNITEDTEA.NS,Unspecified,Scored,,0.4591253732314803,0.5408746267685197,1744,INE458F01011,STANDALONE,2026-06-30,6.3751,2026-08-06T18:45:58+05:30,26,0,0.5,2026-09-30,2026-10-02T00:00:00+05:30
411,Manappuram Finance Ltd.,MANAPPURAM.NS,Financial Services,Scored,,0.4588745628362861,0.541125437163714,1745,INE522D01027,CONSOLIDATED,2026-06-30,584.77,2026-08-11T17:55:15+05:30,29,0,1.0,2026-09-30,2026-10-02T00:00:00+05:30
700,Shakti Pumps (India) Ltd.,SHAKTIPUMP.NS,Capital Goods,Scored,,0.4582887561528293,0.5417112438471707,1746,INE908D01010,CONSOLIDATED,2026-06-30,51.59,2026-07-24T18:10:20+05:30,32,0,0.5,2026-09-30,2026-10-02T00:00:00+05:30
2248,UCAL LIMITED,UCAL.NS,Unspecified,Scored,,0.45748255131885524,0.5425174486811448,1747,INE139B01016,CONSOLIDATED,2026-06-30,5.8366,2026-08-13T12:16:14+05:30,26,0,0.5,2026-09-30,2026-10-02T00:00:00+05:30
1384,Igarashi Motors India Limited,IGARASHI.NS,Unspecified,Scored,,0.4574470090148576,0.5425529909851424,1748,INE188B01013,STANDALONE,2026-06-30,6.7669,2026-08-06T14:36:14+05:30,32,0,0.5,2026-09-30,2026-10-02T00:00:00+05:30
1696,Munjal Showa Limited,MUNJALSHOW.NS,Unspecified,Scored,,0.45705009378368483,0.5429499062163152,1749,INE577A01027,STANDALONE,2026-06-30,11.2258,2026-08-03T15:30:04+05:30,32,0,0.5,2026-09-30,2026-10-02T00:00:00+05:30
1585,Lyka Labs Limited,LYKALABS.NS,Unspecified,Scored,,0.45673848064880446,0.5432615193511956,1750,INE933A01014,CONSOLIDATED,2026-06-30,2.0466,2026-08-10T14:30:18+05:30,21,0,0.5,2026-09-30,2026-10-02T00:00:00+05:30
1755,Nova Agritech Limited,NOVAAGRI.NS,Unspecified,Scored,,0.4566610239989754,0.5433389760010245,1751,INE02H701025,CONSOLIDATED,2026-06-30,3.2483,2026-08-14T20:34:17+05:30,11,0,0.5,2026-09-30,2026-10-02T00:00:00+05:30
1240,Ganga Forging Limited,GANGAFORGE.NS,Unspecified,Scored,,0.4566160502623151,0.5433839497376849,1752,INE691Z01023,STANDALONE,2026-06-30,1.0582,2026-07-18T18:10:52+05:30,15,0,0.5,2026-09-30,2026-10-02T00:00:00+05:30
928,Axita Cotton Limited,AXITA.NS,Unspecified,Scored,,0.45661081326578923,0.5433891867342108,1753,INE02EZ01022,STANDALONE,2026-06-30,3.5905,2026-08-12T20:50:51+05:30,12,3,0.6666666666666666,2026-09-30,2026-10-02T00:00:00+05:30
1763,Nureca Limited,NURECA.NS,Unspecified,Scored,,0.456165190462956,0.543834809537044,1754,INE0DSF01015,CONSOLIDATED,2026-06-30,3.068,2026-07-21T18:01:04+05:30,21,0,0.5,2026-09-30,2026-10-02T00:00:00+05:30
978,Bharat Rasayan Limited,BHARATRAS.NS,Unspecified,Scored,,0.45612580898406047,0.5438741910159395,1755,INE838B01021,CONSOLIDATED,2026-06-30,37.23,2026-08-13T17:27:42+05:30,24,1,0.0,2026-09-30,2026-10-02T00:00:00+05:30
2091,SMC Global Securities Limited,SMCGLOBAL.NS,Unspecified,Scored,,0.4558814061652115,0.5441185938347886,1756,INE103C01036,CONSOLIDATED,2026-06-30,36.7355,2026-07-26T20:56:11+05:30,20,0,0.5,2026-09-30,2026-10-02T00:00:00+05:30
1169,Eldeco Housing And Industries Limited,ELDEHSG.NS,Unspecified,Scored,,0.45581590062809274,0.5441840993719073,1757,INE668G01021,CONSOLIDATED,2026-06-30,15.1064,2026-08-12T18:19:18+05:30,16,0,0.5,2026-09-30,2026-10-02T00:00:00+05:30
953,Bannari Amman Spinning Mills Limited,BASML.NS,Unspecified,Scored,,0.45551130632424275,0.5444886936757573,1758,INE186H01022,CONSOLIDATED,2026-06-30,13.6942,2026-08-10T18:12:42+05:30,25,5,,2026-09-30,2026-10-02T00:00:00+05:30
689,Route Mobile Ltd.,ROUTE.NS,Telecommunication,Scored,,0.45546322831584374,0.5445367716841563,1759,INE450U01017,CONSOLIDATED,2026-06-30,68.55,2026-07-23T22:29:14+05:30,22,0,0.5,2026-09-30,2026-10-02T00:00:00+05:30
2067,Sigachi Industries Limited,SIGACHI.NS,Unspecified,Scored,,0.4554121382259918,0.5445878617740082,1760,INE0D0K01022,CONSOLIDATED,2026-06-30,8.1447,2026-08-13T17:32:14+05:30,18,0,0.75,2026-09-30,2026-10-02T00:00:00+05:30
1488,Karma Energy Limited,KARMAENG.NS,Unspecified,Scored,,0.45399387853804496,0.546006121461955,1761,INE725L01011,STANDALONE,2026-06-30,0.4406,2026-08-13T17:03:08+05:30,20,0,0.5,2026-09-30,2026-10-02T00:00:00+05:30
2295,Veranda Learning Solutions Limited,VERANDA.NS,Unspecified,Scored,,0.4529628159414386,0.5470371840585614,1762,INE0IQ001011,CONSOLIDATED,2026-06-30,33.8735,2026-08-13T16:18:15+05:30,15,0,1.0,2026-09-30,2026-10-02T00:00:00+05:30
968,Beta Drugs Limited,BETA.NS,Unspecified,Scored,,0.4529379567725835,0.5470620432274165,1763,INE351Y01019,CONSOLIDATED,2026-06-30,16.4856,2026-07-20T13:41:31+05:30,4,3,1.0,2026-09-30,2026-10-02T00:00:00+05:30
68,P I Industries,PIIND.NS,Chemicals,Scored,,0.4528120682349053,0.5471879317650947,1764,INE603J01030,CONSOLIDATED,2026-06-30,244.2,2026-08-11T19:51:10+05:30,29,0,0.5,2026-09-30,2026-10-02T00:00:00+05:30
972,Bhagiradha Chemicals & Industries Limited,BHAGCHEM.NS,Unspecified,Scored,,0.4526596478616123,0.5473403521383877,1765,INE414D01027,CONSOLIDATED,2026-06-30,13.3292,2026-08-03T16:11:16+05:30,20,0,0.5,2026-09-30,2026-10-02T00:00:00+05:30
611,Jai Balaji Industries Ltd.,JAIBALAJI.NS,Metals & Mining,Scored,,0.4525006122089369,0.5474993877910631,1766,INE091G01026,STANDALONE,2026-06-30,85.23,2026-08-14T16:03:15+05:30,7,3,1.0,2026-09-30,2026-10-02T00:00:00+05:30
1579,Lotus Eye Hospital and Institute Limited,LOTUSEYE.NS,Unspecified,Scored,,0.45237598165073356,0.5476240183492664,1767,INE947I01017,STANDALONE,2026-06-30,0.6137,2026-08-10T19:08:08+05:30,31,0,0.25,2026-09-30,2026-10-02T00:00:00+05:30
1127,DiGiSPICE Technologies Limited,DIGISPICE.NS,Unspecified,Scored,,0.45236105020115697,0.547638949798843,1768,INE927C01020,CONSOLIDATED,2026-06-30,6.5955,2026-08-05T16:57:43+05:30,31,0,0.75,2026-09-30,2026-10-02T00:00:00+05:30
2122,Saraswati Saree Depot Limited,SSDL.NS,Unspecified,Scored,,0.4521198863199882,0.5478801136800118,1769,INE0PQ101010,STANDALONE,2026-06-30,6.605,2026-08-14T18:19:18+05:30,8,0,1.0,2026-09-30,2026-10-02T00:00:00+05:30
2291,Venky's (India) Limited,VENKEYS.NS,Unspecified,Scored,,0.45174214288401227,0.5482578571159877,1770,INE398A01010,STANDALONE,2026-06-30,49.99,2026-08-11T15:57:05+05:30,33,0,0.5,2026-09-30,2026-10-02T00:00:00+05:30
1306,The Grob Tea Company Limited,GROBTEA.NS,Unspecified,Scored,,0.45097801681960964,0.5490219831803904,1771,INE646C01018,STANDALONE,2026-06-30,3.2685,2026-08-12T16:30:34+05:30,33,0,0.5,2026-09-30,2026-10-02T00:00:00+05:30
1953,RSWM Limited,RSWM.NS,Unspecified,Scored,,0.4502661295656458,0.5497338704343542,1772,INE611A01016,CONSOLIDATED,2026-06-30,19.65,2026-08-05T17:43:06+05:30,28,0,0.25,2026-09-30,2026-10-02T00:00:00+05:30
187,Max Financial,MFSL.NS,Insurance,Scored,,0.4499942747041306,0.5500057252958694,1773,INE180A01020,CONSOLIDATED,2026-06-30,118.29,2026-08-13T19:25:04+05:30,25,0,0.5,2026-09-30,2026-10-02T00:00:00+05:30
1241,Ganges Securities Limited,GANGESSECU.NS,Unspecified,Scored,,0.4497854004460518,0.5502145995539482,1774,INE335W01016,CONSOLIDATED,2026-06-30,1.2227,2026-08-13T17:33:03+05:30,22,0,0.5,2026-09-30,2026-10-02T00:00:00+05:30
859,The Andhra Sugars Limited,ANDHRSUGAR.NS,Unspecified,Scored,,0.4492181150117908,0.5507818849882091,1775,INE715B01021,CONSOLIDATED,2026-06-30,46.6296,2026-08-08T16:55:36+05:30,25,0,1.0,2026-09-30,2026-10-02T00:00:00+05:30
1898,Rama Phosphates Limited,RAMAPHO.NS,Unspecified,Scored,,0.4485911012512364,0.5514088987487635,1776,INE809A01032,STANDALONE,2026-06-30,17.0644,2026-07-24T15:26:05+05:30,15,0,0.5,2026-09-30,2026-10-02T00:00:00+05:30
876,Rajdarshan Industries Limited,ARENTERP.NS,Unspecified,Scored,,0.4484835420871569,0.5515164579128431,1777,INE610C01014,CONSOLIDATED,2026-06-30,0.3551,2026-08-14T16:06:19+05:30,29,0,0.5,2026-09-30,2026-10-02T00:00:00+05:30
2057,Shree Rama Multi-Tech Limited,SHREERAMA.NS,Unspecified,Scored,,0.4482978173372016,0.5517021826627984,1778,INE879A01019,STANDALONE,2026-06-30,8.0613,2026-08-13T15:23:17+05:30,32,0,0.25,2026-09-30,2026-10-02T00:00:00+05:30
1752,Noida Toll Bridge Company Limited,NOIDATOLL.NS,Unspecified,Scored,,0.44738719539651123,0.5526128046034888,1779,INE781B01015,CONSOLIDATED,2026-06-30,5.3273,2026-08-03T16:53:14+05:30,27,0,0.5,2026-09-30,2026-10-02T00:00:00+05:30
1791,The Orissa Minerals Development Company Limited,ORISSAMINE.NS,Unspecified,Scored,,0.4463776098451043,0.5536223901548958,1780,INE725E01024,STANDALONE,2026-06-30,3.4527,2026-09-18T15:02:10+05:30,29,0,0.5,2026-09-30,2026-10-02T00:00:00+05:30
787,Aarti Surfactants Limited,AARTISURF.NS,Unspecified,Scored,,0.4462584192327791,0.5537415807672209,1781,INE09EO01013,CONSOLIDATED,2026-06-30,9.0008,2026-08-01T17:09:52+05:30,22,0,0.75,2026-09-30,2026-10-02T00:00:00+05:30
1352,Hilton Metal Forging Limited,HILTON.NS,Unspecified,Scored,,0.44625110951816316,0.5537488904818368,1782,INE788H01017,STANDALONE,2026-06-30,1.8054,2026-08-14T17:39:17+05:30,26,0,0.5,2026-09-30,2026-10-02T00:00:00+05:30
276,Blue Jet Healthcare Ltd.,BLUEJET.NS,Healthcare,Scored,,0.4461500919281411,0.5538499080718589,1783,INE0KBH01020,STANDALONE,2026-06-30,78.264,2026-08-03T13:24:07+05:30,12,0,0.5,2026-09-30,2026-10-02T00:00:00+05:30
2135,Stove Kraft Limited,STOVEKRAFT.NS,Unspecified,Scored,,0.4458445094258906,0.5541554905741094,1784,INE00IN01015,STANDALONE,2026-06-30,17.056,2026-08-03T16:54:59+05:30,20,0,0.75,2026-09-30,2026-10-02T00:00:00+05:30
2265,Unimech Aerospace and Manufacturing Limited,UNIMECH.NS,Unspecified,Scored,,0.4456745869138367,0.5543254130861632,1785,INE0U3I01011,CONSOLIDATED,2026-06-30,27.8636,2026-08-03T19:18:27+05:30,7,0,0.5,2026-09-30,2026-10-02T00:00:00+05:30
1800,PAKKA LIMITED,PAKKA.NS,Unspecified,Scored,,0.44544888471366173,0.5545511152863383,1786,INE551D01018,CONSOLIDATED,2026-06-30,5.8911,2026-08-14T16:26:02+05:30,13,0,0.5,2026-09-30,2026-10-02T00:00:00+05:30
410,Mahanagar Gas Ltd.,MGL.NS,Oil Gas & Consumable Fuels,Scored,,0.4452162569927551,0.5547837430072449,1787,INE002S01010,CONSOLIDATED,2026-06-30,192.64,2026-07-30T19:13:14+05:30,11,0,0.5,2026-09-30,2026-10-02T00:00:00+05:30
282,CESC Ltd.,CESC.NS,Power,Scored,,0.44508486529910724,0.5549151347008927,1788,INE486A01021,CONSOLIDATED,2026-06-30,419.0,2026-08-13T17:30:16+05:30,25,1,0.0,2026-09-30,2026-10-02T00:00:00+05:30
1458,Jindal Worldwide Limited,JINDWORLD.NS,Unspecified,Scored,,0.4443861032841888,0.5556138967158112,1789,INE247D01039,CONSOLIDATED,2026-06-30,32.4054,2026-07-31T17:54:14+05:30,30,0,0.75,2026-09-30,2026-10-02T00:00:00+05:30
1669,Modi Rubber Limited,MODIRUBBER.NS,Unspecified,Scored,,0.4443684264014291,0.5556315735985708,1790,INE832A01018,CONSOLIDATED,2026-06-30,4.2467,2026-08-14T16:44:09+05:30,27,0,0.5,2026-09-30,2026-10-02T00:00:00+05:30
1503,Khaitan Chemicals & Fertilizers Limited,KHAICHEM.NS,Unspecified,Scored,,0.444132888754924,0.5558671112450759,1791,INE745B01028,STANDALONE,2026-06-30,10.9136,2026-07-13T16:38:15+05:30,22,0,0.5,2026-09-30,2026-10-02T00:00:00+05:30
1672,Modern Threads (India) Limited,MODTHREAD.NS,Unspecified,Scored,,0.4435075680155925,0.5564924319844076,1792,INE794W01014,CONSOLIDATED,2026-06-30,5.8844,2026-08-14T21:05:13+05:30,3,3,0.5,2026-09-30,2026-10-02T00:00:00+05:30
1861,Premier Explosives Limited,PREMEXPLN.NS,Unspecified,Scored,,0.4427360186724333,0.5572639813275667,1793,INE863B01029,CONSOLIDATED,2026-06-30,3.076,2026-08-13T17:13:16+05:30,28,0,0.5,2026-09-30,2026-10-02T00:00:00+05:30
1040,Centum Electronics Limited,CENTUM.NS,Unspecified,Scored,,0.44248677154123356,0.5575132284587665,1794,INE320B01020,CONSOLIDATED,2026-06-30,105.5,2026-08-13T18:32:19+05:30,26,4,0.0,2026-09-30,2026-10-02T00:00:00+05:30
1295,Gradiente Infotainment Limited,GRADIENTE.NS,Unspecified,Scored,,0.4422493966278577,0.5577506033721422,1795,INE361K01017,STANDALONE,2026-06-30,1.3335,2026-07-11T00:02:11+05:30,2,4,1.0,2026-09-30,2026-10-02T00:00:00+05:30
1383,IFGL Refractories Limited,IFGLEXPOR.NS,Unspecified,Scored,,0.44212122174234225,0.5578787782576577,1796,INE133Y01011,CONSOLIDATED,2026-06-30,17.06,2026-08-08T16:25:06+05:30,30,0,0.75,2026-09-30,2026-10-02T00:00:00+05:30
1629,Matrimony.Com Limited,MATRIMONY.NS,Unspecified,Scored,,0.44189245725415827,0.5581075427458417,1797,INE866R01028,CONSOLIDATED,2026-06-30,19.08,2026-08-11T19:33:09+05:30,31,0,0.75,2026-09-30,2026-10-02T00:00:00+05:30
2096,Solara Active Pharma Sciences Limited,SOLARA.NS,Unspecified,Scored,,0.4410061493443519,0.5589938506556481,1798,INE624Z01016,CONSOLIDATED,2026-06-30,16.31,2026-07-23T17:42:10+05:30,32,0,0.5,2026-09-30,2026-10-02T00:00:00+05:30
1010,BOSCH HOME COMFORT INDIA LIMITED,BOSCH-HCIL.NS,Unspecified,Scored,,0.4406325775743908,0.5593674224256092,1799,INE782A01015,STANDALONE,2026-06-30,22.79,2026-08-06T20:13:13+05:30,31,0,0.5,2026-09-30,2026-10-02T00:00:00+05:30
1760,Nupur Recyclers Limited,NRL.NS,Unspecified,Scored,,0.4405957367115307,0.5594042632884693,1800,INE0JM501013,CONSOLIDATED,2026-06-30,7.3857,2026-08-12T17:35:13+05:30,14,0,0.75,2026-09-30,2026-10-02T00:00:00+05:30
552,Canara Robeco Asset Management Company Ltd.,CRAMC.NS,Financial Services,Scored,,0.4398291752635852,0.5601708247364148,1801,INE218I01013,STANDALONE,2026-06-30,75.6034,2026-07-21T18:35:11+05:30,3,3,0.5,2026-09-30,2026-10-02T00:00:00+05:30
1524,Kothari Sugars And Chemicals Limited,KOTARISUG.NS,Unspecified,Scored,,0.43959177676252803,0.560408223237472,1802,INE419A01022,STANDALONE,2026-06-30,0.0798,2026-08-13T17:51:42+05:30,33,0,0.25,2026-09-30,2026-10-02T00:00:00+05:30
330,Engineers India Ltd.,ENGINERSIN.NS,Construction,Scored,,0.4394741466948118,0.5605258533051882,1803,INE510A01028,CONSOLIDATED,2026-06-30,157.9358,2026-08-13T20:14:10+05:30,28,0,0.5,2026-09-30,2026-10-02T00:00:00+05:30
432,PG Electroplast Ltd.,PGEL.NS,Consumer Durables,Scored,,0.4390426119119825,0.5609573880880174,1804,INE457L01029,CONSOLIDATED,2026-06-30,76.2183,2026-08-06T21:36:22+05:30,22,0,0.75,2026-09-30,2026-10-02T00:00:00+05:30
1591,Madhucon Projects Limited,MADHUCON.NS,Unspecified,Scored,,0.4389456748892146,0.5610543251107853,1805,INE378D01032,CONSOLIDATED,2026-06-30,17.2606,2026-08-13T20:52:04+05:30,26,0,0.75,2026-09-30,2026-10-02T00:00:00+05:30
1847,Powerica Limited,POWERICA.NS,Unspecified,Scored,,0.4387995337200339,0.5612004662799661,1806,INE921L01032,CONSOLIDATED,2026-06-30,64.43,2026-08-07T22:51:16+05:30,3,3,0.5,2026-09-30,2026-10-02T00:00:00+05:30
2362,Yasho Industries Limited,YASHO.NS,Unspecified,Scored,,0.438532956572175,0.561467043427825,1807,INE616Z01012,CONSOLIDATED,2026-06-30,36.0525,2026-07-31T12:35:11+05:30,11,0,1.0,2026-09-30,2026-10-02T00:00:00+05:30
1820,Pudumjee Paper Products Limited,PDMJEPAPER.NS,Unspecified,Scored,,0.4384497268933775,0.5615502731066224,1808,INE865T01018,STANDALONE,2026-06-30,33.72,2026-08-11T14:40:51+05:30,32,0,0.5,2026-09-30,2026-10-02T00:00:00+05:30
1064,Confidence Petroleum India Limited,CONFIPET.NS,Unspecified,Scored,,0.43819945805202776,0.5618005419479722,1809,INE552D01024,CONSOLIDATED,2026-06-30,62.55,2026-08-11T20:55:44+05:30,27,0,0.5,2026-09-30,2026-10-02T00:00:00+05:30
2202,Texmo Pipes and Products Limited,TEXMOPIPES.NS,Unspecified,Scored,,0.4376211699214101,0.5623788300785899,1810,INE141K01013,CONSOLIDATED,2026-06-30,6.1753,2026-08-12T21:10:05+05:30,24,0,0.5,2026-09-30,2026-10-02T00:00:00+05:30
333,Exide Industries Ltd.,EXIDEIND.NS,Automobile and Auto Components,Scored,,0.43729794744485767,0.5627020525551423,1811,INE302A01020,CONSOLIDATED,2026-06-30,351.3,2026-07-30T15:48:17+05:30,26,0,0.75,2026-09-30,2026-10-02T00:00:00+05:30
2124,Stallion India Fluorochemicals Limited,STALLION.NS,Unspecified,Scored,,0.43696520770299047,0.5630347922970096,1812,INE0RYC01010,STANDALONE,2026-06-30,18.5797,2026-08-12T18:11:15+05:30,6,0,0.5,2026-09-30,2026-10-02T00:00:00+05:30
862,Anmol India Limited,ANMOL.NS,Unspecified,Scored,,0.4369558148788179,0.563044185121182,1813,INE02AR01019,STANDALONE,2026-06-30,6.0,2026-08-08T17:40:07+05:30,19,0,0.5,2026-09-30,2026-10-02T00:00:00+05:30
326,Emami Ltd.,EMAMILTD.NS,Fast Moving Consumer Goods,Scored,,0.43689838873836245,0.5631016112616376,1814,INE548C01032,CONSOLIDATED,2026-06-30,138.94,2026-08-04T16:12:22+05:30,30,0,0.25,2026-09-30,2026-10-02T00:00:00+05:30
18,Oracle Fin.Serv.,OFSS.NS,IT,Scored,,0.4365079605864712,0.5634920394135288,1815,INE881D01027,CONSOLIDATED,2026-06-30,1415.5,2026-07-22T19:02:08+05:30,31,0,0.75,2026-09-30,2026-10-02T00:00:00+05:30
445,RHI MAGNESITA INDIA LTD.,RHIM.NS,Capital Goods,Scored,,0.43563675181751677,0.5643632481824832,1816,INE743M01012,CONSOLIDATED,2026-06-30,64.6078,2026-08-11T17:34:13+05:30,27,0,0.75,2026-09-30,2026-10-02T00:00:00+05:30
1138,Dolat Algotech Limited,DOLATALGO.NS,Unspecified,Scored,,0.43563250290131167,0.5643674970986883,1817,INE966A01022,CONSOLIDATED,2026-06-30,53.865,2026-08-14T18:00:38+05:30,10,0,0.5,2026-09-30,2026-10-02T00:00:00+05:30
872,Aptech Limited,APTECHT.NS,Unspecified,Scored,,0.43523851188164087,0.5647614881183591,1818,INE266F01018,CONSOLIDATED,2026-06-30,7.6455,2026-08-05T15:55:05+05:30,28,0,0.5,2026-09-30,2026-10-02T00:00:00+05:30
415,NATCO Pharma Ltd.,NATCOPHARM.NS,Healthcare,Scored,,0.4350957365716237,0.5649042634283763,1819,INE987B01026,CONSOLIDATED,2026-06-30,206.5,2026-08-14T16:04:41+05:30,33,0,0.5,2026-09-30,2026-10-02T00:00:00+05:30
1355,Hindcon Chemicals Limited,HINDCON.NS,Unspecified,Scored,,0.4350015575125902,0.5649984424874098,1820,INE642Y01029,CONSOLIDATED,2026-06-30,2.3391,2026-08-12T16:02:14+05:30,21,0,0.5,2026-09-30,2026-10-02T00:00:00+05:30
1617,Man Infraconstruction Limited,MANINFRA.NS,Unspecified,Scored,,0.4347765297004907,0.5652234702995094,1821,INE949H01023,CONSOLIDATED,2026-06-30,62.7434,2026-08-12T18:31:15+05:30,31,0,0.5,2026-09-30,2026-10-02T00:00:00+05:30
101,Voltas,VOLTAS.NS,Consumer Durables,Scored,,0.43469432879846026,0.5653056712015397,1822,INE226A01021,CONSOLIDATED,2026-06-30,212.76,2026-08-14T20:08:42+05:30,31,0,0.75,2026-09-30,2026-10-02T00:00:00+05:30
891,Arvee Laboratories (India) Limited,ARVEE.NS,Unspecified,Scored,,0.4333518647774684,0.5666481352225317,1823,INE006Z01016,STANDALONE,2026-06-30,1.6942,2026-08-07T18:12:19+05:30,20,0,0.5,2026-09-30,2026-10-02T00:00:00+05:30
1839,PNB Gilts Limited,PNBGILTS.NS,Unspecified,Scored,,0.4327714970698807,0.5672285029301193,1824,INE859A01011,STANDALONE,2026-06-30,80.698,2026-07-16T22:57:11+05:30,20,1,1.0,2026-09-30,2026-10-02T00:00:00+05:30
1753,Norben Tea & Exports Limited,NORBTEAEXP.NS,Unspecified,Scored,,0.43268079255489644,0.5673192074451036,1825,INE369C01017,STANDALONE,2026-06-30,0.3229,2026-08-12T21:33:14+05:30,30,0,0.25,2026-09-30,2026-10-02T00:00:00+05:30
873,Aqylon Nexus Limited,AQYLON.NS,Unspecified,Scored,,0.43260271859634924,0.5673972814036508,1826,INE416A01051,STANDALONE,2026-06-30,4.2558,2026-08-07T22:34:08+05:30,3,6,0.0,2026-09-30,2026-10-02T00:00:00+05:30
573,Eureka Forbes Ltd.,EUREKAFORB.NS,Consumer Durables,Scored,,0.43171743243007404,0.5682825675699259,1827,INE0KCE01017,CONSOLIDATED,2026-06-30,56.9874,2026-08-12T15:18:05+05:30,8,0,0.75,2026-09-30,2026-10-02T00:00:00+05:30
594,Healthcare Global Enterprises Ltd.,HCG.NS,Healthcare,Scored,,0.4314678247574296,0.5685321752425704,1828,INE075I01017,CONSOLIDATED,2026-06-30,16.46,2026-08-06T19:34:00+05:30,31,0,0.75,2026-09-30,2026-10-02T00:00:00+05:30
1116,Dhampur Sugar Mills Limited,DHAMPURSUG.NS,Unspecified,Scored,,0.4314549441208125,0.5685450558791876,1829,INE041A01016,CONSOLIDATED,2026-06-30,6.09,2026-07-31T18:09:19+05:30,29,0,0.5,2026-09-30,2026-10-02T00:00:00+05:30
232,One 97,PAYTM.NS,Financial Services,Scored,,0.4311085452561322,0.5688914547438678,1830,INE982J01020,CONSOLIDATED,2026-06-30,220.0,2026-07-20T22:38:17+05:30,17,0,0.5,2026-09-30,2026-10-02T00:00:00+05:30
2085,SIS LIMITED,SIS.NS,Unspecified,Scored,,0.43045202816501943,0.5695479718349805,1831,INE285J01028,CONSOLIDATED,2026-06-30,101.66,2026-08-05T20:11:06+05:30,33,0,0.25,2026-09-30,2026-10-02T00:00:00+05:30
853,AMD Industries Limited,AMDIND.NS,Unspecified,Scored,,0.4287515259477862,0.5712484740522138,1832,INE005I01014,CONSOLIDATED,2026-06-30,9.1236,2026-08-12T19:28:11+05:30,3,3,1.0,2026-09-30,2026-10-02T00:00:00+05:30
1805,Panama Petrochem Limited,PANAMAPET.NS,Unspecified,Scored,,0.4274998906620873,0.5725001093379127,1833,INE305C01029,CONSOLIDATED,2026-06-30,308.91,2026-08-12T11:33:11+05:30,33,0,0.75,2026-09-30,2026-10-02T00:00:00+05:30
2140,Sudarshan Colorants India Limited,SUDARCOLOR.NS,Unspecified,Scored,,0.42749772639652456,0.5725022736034755,1834,INE492A01029,STANDALONE,2026-06-30,20.36,2026-08-05T20:13:08+05:30,31,0,0.5,2026-09-30,2026-10-02T00:00:00+05:30
1748,Nitiraj Engineers Limited,NITIRAJ.NS,Unspecified,Scored,,0.42737059869064853,0.5726294013093515,1835,INE439T01012,STANDALONE,2026-06-30,1.023,2026-08-13T17:49:03+05:30,13,0,0.5,2026-09-30,2026-10-02T00:00:00+05:30
2151,Superhouse Limited,SUPERHOUSE.NS,Unspecified,Scored,,0.42707191929984933,0.5729280807001507,1836,INE712B01010,CONSOLIDATED,2026-06-30,3.557,2026-08-13T15:57:52+05:30,25,0,0.5,2026-09-30,2026-10-02T00:00:00+05:30
2073,Sikko Industries Limited,SIKKO.NS,Unspecified,Scored,,0.4270262132466703,0.5729737867533298,1837,INE112X01025,CONSOLIDATED,2026-06-30,3.1255,2026-08-12T14:43:14+05:30,7,0,0.5,2026-09-30,2026-10-02T00:00:00+05:30
504,Zee Entertainment Enterprises Ltd.,ZEEL.NS,Media Entertainment & Publication,Scored,,0.4266906293856942,0.5733093706143058,1838,INE256A01028,CONSOLIDATED,2026-06-30,74.3,2026-08-10T20:05:09+05:30,31,0,0.5,2026-09-30,2026-10-02T00:00:00+05:30
698,Senco Gold Ltd.,SENCO.NS,Consumer Durables,Scored,,0.4264570197536414,0.5735429802463585,1839,INE602W01027,CONSOLIDATED,2026-06-30,101.143,2026-08-11T20:01:17+05:30,12,0,0.25,2026-09-30,2026-10-02T00:00:00+05:30
930,AYM Syntex Limited,AYMSYNTEX.NS,Unspecified,Scored,,0.42600335379294957,0.5739966462070505,1840,INE193B01039,CONSOLIDATED,2026-06-30,8.6701,2026-08-11T20:36:06+05:30,15,0,0.75,2026-09-30,2026-10-02T00:00:00+05:30
1197,Eveready Industries India Limited,EVEREADY.NS,Unspecified,Scored,,0.4258951049375457,0.5741048950624543,1841,INE128A01029,CONSOLIDATED,2026-06-30,36.97,2026-08-08T16:23:07+05:30,26,0,0.5,2026-09-30,2026-10-02T00:00:00+05:30
1481,Kamdhenu Limited,KAMDHENU.NS,Unspecified,Scored,,0.42587464292742205,0.574125357072578,1842,INE390H01020,STANDALONE,2026-06-30,28.6881,2026-07-29T15:35:36+05:30,23,0,0.5,2026-09-30,2026-10-02T00:00:00+05:30
338,Gabriel India Ltd.,GABRIEL.NS,Automobile and Auto Components,Scored,,0.42578857998065006,0.57421142001935,1843,INE524A01029,CONSOLIDATED,2026-06-30,108.126,2026-07-21T21:46:15+05:30,13,0,0.75,2026-09-30,2026-10-02T00:00:00+05:30
1485,Kanoria Chemicals & Industries Limited,KANORICHEM.NS,Unspecified,Scored,,0.4254971063982478,0.5745028936017522,1844,INE138C01024,CONSOLIDATED,2026-06-30,26.36,2026-08-11T16:37:12+05:30,28,0,0.5,2026-09-30,2026-10-02T00:00:00+05:30
845,Almondz Global Securities Limited,ALMONDZ.NS,Unspecified,Scored,,0.425462496096226,0.574537503903774,1845,INE326B01035,CONSOLIDATED,2026-06-30,12.53,2026-07-28T18:11:06+05:30,30,0,0.5,2026-09-30,2026-10-02T00:00:00+05:30
1608,Manaksia Coated Metals & Industries Limited,MANAKCOAT.NS,Unspecified,Scored,,0.4252701732103033,0.5747298267896968,1846,INE830Q01018,CONSOLIDATED,2026-06-30,14.0997,2026-07-14T17:21:17+05:30,31,0,0.25,2026-09-30,2026-10-02T00:00:00+05:30
44,Pidilite Inds.,PIDILITIND.NS,Chemicals,Scored,,0.42507149861688653,0.5749285013831135,1847,INE318A01026,CONSOLIDATED,2026-06-30,883.51,2026-08-04T17:30:15+05:30,31,0,0.5,2026-09-30,2026-10-02T00:00:00+05:30
1845,Polyplex Corporation Limited,POLYPLEX.NS,Unspecified,Scored,,0.42468624145749156,0.5753137585425084,1848,INE633B01018,CONSOLIDATED,2026-06-30,171.07,2026-08-11T19:15:19+05:30,31,0,0.75,2026-09-30,2026-10-02T00:00:00+05:30
567,Electrosteel Castings Ltd.,ELECTCAST.NS,Capital Goods,Scored,,0.4235116064560327,0.5764883935439673,1849,INE086A01029,CONSOLIDATED,2026-06-30,48.3667,2026-08-07T16:45:16+05:30,28,0,0.5,2026-09-30,2026-10-02T00:00:00+05:30
858,ANDHRA PAPER LIMITED,ANDHRAPAP.NS,Unspecified,Scored,,0.4228941002761406,0.5771058997238594,1850,INE435A01051,STANDALONE,2026-06-30,30.3157,2026-08-04T16:51:12+05:30,33,0,0.5,2026-09-30,2026-10-02T00:00:00+05:30
2130,Steel City Securities Limited,STEELCITY.NS,Unspecified,Scored,,0.42274786034983475,0.5772521396501653,1851,INE395H01011,CONSOLIDATED,2026-06-30,6.8046,2026-08-03T19:44:46+05:30,25,0,0.5,2026-09-30,2026-10-02T00:00:00+05:30
621,KRBL Ltd.,KRBL.NS,Fast Moving Consumer Goods,Scored,,0.422721555451515,0.577278444548485,1852,INE001B01026,CONSOLIDATED,2026-06-30,260.74,2026-08-13T18:07:24+05:30,31,0,0.5,2026-09-30,2026-10-02T00:00:00+05:30
2157,Suraj Estate Developers Limited,SURAJEST.NS,Unspecified,Scored,,0.42225800904150335,0.5777419909584967,1853,INE843S01025,CONSOLIDATED,2026-06-30,22.8508,2026-08-14T19:21:07+05:30,11,3,0.3333333333333333,2026-09-30,2026-10-02T00:00:00+05:30
1410,Indowind Energy Limited,INDOWIND.NS,Unspecified,Scored,,0.4214464079676317,0.5785535920323683,1854,INE227G01018,CONSOLIDATED,2026-06-30,2.1061,2026-08-13T17:41:05+05:30,23,3,0.5,2026-09-30,2026-10-02T00:00:00+05:30
314,Deepak Nitrite Ltd.,DEEPAKNTR.NS,Chemicals,Scored,,0.42131423539750507,0.578685764602495,1855,INE288B01029,CONSOLIDATED,2026-06-30,345.01,2026-08-04T18:36:19+05:30,30,0,0.75,2026-09-30,2026-10-02T00:00:00+05:30
1448,Jayant Agro Organics Limited,JAYAGROGN.NS,Unspecified,Scored,,0.4203761821211468,0.5796238178788532,1856,INE785A01026,CONSOLIDATED,2026-06-30,20.6274,2026-07-31T21:07:15+05:30,33,0,0.5,2026-09-30,2026-10-02T00:00:00+05:30
525,Archean Chemical Industries Ltd.,ACI.NS,Chemicals,Scored,,0.42035929682102313,0.5796407031789769,1857,INE128X01021,CONSOLIDATED,2026-06-30,30.3544,2026-07-30T20:43:03+05:30,15,0,0.25,2026-09-30,2026-10-02T00:00:00+05:30
1822,Pearl Polymers Limited,PEARLPOLY.NS,Unspecified,Scored,,0.4195982118299183,0.5804017881700817,1858,INE844A01013,STANDALONE,2026-06-30,2.3498,2026-08-12T18:49:17+05:30,32,0,0.5,2026-09-30,2026-10-02T00:00:00+05:30
229,Jio Financial,JIOFIN.NS,Financial Services,Scored,,0.4191244106742447,0.5808755893257553,1859,INE758E01017,CONSOLIDATED,2026-06-30,830.25,2026-07-16T19:18:02+05:30,12,0,0.75,2026-09-30,2026-10-02T00:00:00+05:30
2149,Sundrop Brands Limited,SUNDROP.NS,Unspecified,Scored,,0.41860525505947205,0.5813947449405279,1860,INE209A01019,CONSOLIDATED,2026-06-30,12.13,2026-08-06T18:48:52+05:30,27,0,0.75,2026-09-30,2026-10-02T00:00:00+05:30
2115,Sportking India Limited,SPORTKING.NS,Unspecified,Scored,,0.4186048685947223,0.5813951314052777,1861,INE885H01029,STANDALONE,2026-06-30,75.974,2026-08-01T17:53:07+05:30,15,0,1.0,2026-09-30,2026-10-02T00:00:00+05:30
1866,Prince Pipes And Fittings Limited,PRINCEPIPE.NS,Unspecified,Scored,,0.4186035812831719,0.5813964187168281,1862,INE689W01016,STANDALONE,2026-06-30,33.749,2026-08-04T15:50:08+05:30,27,0,0.5,2026-09-30,2026-10-02T00:00:00+05:30
1779,Orbit Exports Limited,ORBTEXP.NS,Unspecified,Scored,,0.418040168006506,0.581959831993494,1863,INE231G01010,CONSOLIDATED,2026-06-30,24.6274,2026-08-08T16:57:10+05:30,28,3,0.0,2026-09-30,2026-10-02T00:00:00+05:30
941,Balaji Telefilms Limited,BALAJITELE.NS,Unspecified,Scored,,0.4176369466833692,0.5823630533166309,1864,INE794B01026,CONSOLIDATED,2026-06-30,22.3916,2026-08-13T20:26:20+05:30,32,0,0.75,2026-09-30,2026-10-02T00:00:00+05:30
868,Apcotex Industries Limited,APCOTEXIND.NS,Unspecified,Scored,,0.4172376753652715,0.5827623246347284,1865,INE116A01032,STANDALONE,2026-06-30,78.9393,2026-07-29T14:26:23+05:30,32,0,0.75,2026-09-30,2026-10-02T00:00:00+05:30
363,IFCI Ltd.,IFCI.NS,Financial Services,Scored,,0.4172258101969787,0.5827741898030213,1866,INE039A01010,CONSOLIDATED,2026-06-30,60.27,2026-08-11T18:04:51+05:30,25,0,0.75,2026-09-30,2026-10-02T00:00:00+05:30
1936,Rolex Rings Limited,ROLEXRINGS.NS,Unspecified,Scored,,0.41721242154835375,0.5827875784516463,1867,INE645S01024,STANDALONE,2026-06-30,60.14,2026-08-05T14:29:15+05:30,19,0,0.5,2026-09-30,2026-10-02T00:00:00+05:30
1365,HMA Agro Industries Limited,HMAAGRO.NS,Unspecified,Scored,,0.4166711431872984,0.5833288568127015,1868,INE0ECP01024,CONSOLIDATED,2026-06-30,50.514,2026-08-13T16:04:20+05:30,14,0,0.5,2026-09-30,2026-10-02T00:00:00+05:30
711,Sterling and Wilson Renewable Energy Ltd.,SWSOLAR.NS,Construction,Scored,,0.41651949628207235,0.5834805037179276,1869,INE00M201021,CONSOLIDATED,2026-06-30,53.27,2026-07-16T16:00:13+05:30,27,3,0.5,2026-09-30,2026-10-02T00:00:00+05:30
2150,Sunflag Iron And Steel Company Limited,SUNFLAG.NS,Unspecified,Scored,,0.4153862843398274,0.5846137156601726,1870,INE947A01014,CONSOLIDATED,2026-06-30,66.05,2026-08-11T17:10:04+05:30,26,0,0.5,2026-09-30,2026-10-02T00:00:00+05:30
269,Bandhan Bank Ltd.,BANDHANBNK.NS,Financial Services,Scored,,0.4153756689177814,0.5846243310822186,1871,INE545U01014,STANDALONE,2026-06-30,501.6687,2026-07-21T17:25:13+05:30,28,0,0.5,2026-09-30,2026-10-02T00:00:00+05:30
1622,Marathon Nextgen Realty Limited,MARATHON.NS,Unspecified,Scored,,0.4153592598646813,0.5846407401353186,1872,INE182D01020,CONSOLIDATED,2026-06-30,52.4299,2026-08-07T16:58:05+05:30,24,0,0.75,2026-09-30,2026-10-02T00:00:00+05:30
1386,IG Petrochemicals Limited,IGPL.NS,Unspecified,Scored,,0.41491170957853,0.58508829042147,1873,INE204A01010,CONSOLIDATED,2026-06-30,66.4408,2026-08-05T17:52:03+05:30,28,0,0.75,2026-09-30,2026-10-02T00:00:00+05:30
586,Gujarat Ambuja Exports Ltd.,GAEL.NS,Fast Moving Consumer Goods,Scored,,0.4148409453894057,0.5851590546105943,1874,INE036B01030,CONSOLIDATED,2026-06-30,176.77,2026-08-01T14:49:06+05:30,23,0,0.75,2026-09-30,2026-10-02T00:00:00+05:30
38,Apar Inds.,APARINDS.NS,Capital Goods,Scored,,0.41482191117381034,0.5851780888261897,1875,INE372A01015,CONSOLIDATED,2026-06-30,467.45,2026-07-24T18:33:13+05:30,30,0,0.5,2026-09-30,2026-10-02T00:00:00+05:30
1834,The Peria Karamalai Tea & Produce Company Limited,PKTEA.NS,Unspecified,Scored,,0.41428360555568616,0.5857163944443138,1876,INE431F01018,STANDALONE,2026-06-30,9.8991,2026-08-08T12:45:05+05:30,11,3,0.5,2026-09-30,2026-10-02T00:00:00+05:30
270,Bata India Ltd.,BATAINDIA.NS,Consumer Durables,Scored,,0.41393448693795504,0.5860655130620449,1877,INE176A01028,CONSOLIDATED,2026-06-30,63.984,2026-08-11T21:32:15+05:30,29,0,0.5,2026-09-30,2026-10-02T00:00:00+05:30
769,SML Mahindra Ltd.,SMLMAH.NS,Capital Goods,Scored,,0.413910156768096,0.5860898432319039,1878,INE294B01019,STANDALONE,2026-06-30,63.62,2026-07-20T19:29:10+05:30,31,0,0.5,2026-09-30,2026-10-02T00:00:00+05:30
9,LG Electronics,LGEINDIA.NS,Unspecified,Scored,,0.41382285036081173,0.5861771496391883,1879,INE324D01010,STANDALONE,2026-06-30,652.863,2026-08-13T18:27:00+05:30,4,3,0.3333333333333333,2026-09-30,2026-10-02T00:00:00+05:30
1815,Patel Engineering Limited,PATELENG.NS,Unspecified,Scored,,0.4133448096388702,0.5866551903611298,1880,INE244B01030,CONSOLIDATED,2026-06-30,98.503,2026-08-10T15:36:21+05:30,30,0,0.25,2026-09-30,2026-10-02T00:00:00+05:30
1428,IOL Chemicals and Pharmaceuticals Limited,IOLCP.NS,Unspecified,Scored,,0.41296602387185194,0.587033976128148,1881,INE485C01029,CONSOLIDATED,2026-06-30,64.4,2026-08-10T14:58:40+05:30,18,0,0.5,2026-09-30,2026-10-02T00:00:00+05:30
497,Vardhman Textiles Ltd.,VTL.NS,Textiles,Scored,,0.41285820437551957,0.5871417956244804,1882,INE825A01020,CONSOLIDATED,2026-06-30,314.56,2026-07-30T14:14:16+05:30,30,0,0.5,2026-09-30,2026-10-02T00:00:00+05:30
2322,Vital Chemtech Limited,VITAL.NS,Unspecified,Scored,,0.4128167292529817,0.5871832707470184,1883,INE0L4K01016,CONSOLIDATED,2026-06-30,2.5894,2026-08-14T18:30:52+05:30,2,4,1.0,2026-09-30,2026-10-02T00:00:00+05:30
916,Ausom Enterprise Limited,AUSOMENT.NS,Unspecified,Scored,,0.4127429349302528,0.5872570650697472,1884,INE218C01016,CONSOLIDATED,2026-06-30,20.1274,2026-08-12T17:26:40+05:30,19,0,0.5,2026-09-30,2026-10-02T00:00:00+05:30
479,Tata Technologies Ltd.,TATATECH.NS,Information Technology,Scored,,0.41213812359843216,0.5878618764015678,1885,INE142M01025,CONSOLIDATED,2026-06-30,180.75,2026-07-17T17:09:11+05:30,11,0,0.25,2026-09-30,2026-10-02T00:00:00+05:30
529,Ashoka Buildcon Ltd.,ASHOKA.NS,Construction,Scored,,0.4117072522241458,0.5882927477758542,1886,INE442H01029,CONSOLIDATED,2026-06-30,127.1724,2026-08-11T21:33:15+05:30,28,0,0.25,2026-09-30,2026-10-02T00:00:00+05:30
2051,S H Kelkar and Company Limited,SHK.NS,Unspecified,Scored,,0.4115043686995405,0.5884956313004595,1887,INE500L01026,CONSOLIDATED,2026-06-30,45.43,2026-07-28T19:57:02+05:30,31,0,0.5,2026-09-30,2026-10-02T00:00:00+05:30
1184,EPACK Durable Limited,EPACK.NS,Unspecified,Scored,,0.4113661606489958,0.5886338393510042,1888,INE0G5901015,CONSOLIDATED,2026-06-30,11.8179,2026-08-11T18:29:09+05:30,11,0,0.5,2026-09-30,2026-10-02T00:00:00+05:30
2155,Supreme Engineering Limited,SUPREMEENG.NS,Unspecified,Scored,,0.41135715566322406,0.5886428443367759,1889,INE319Z01021,STANDALONE,2026-06-30,1.4899,2026-09-18T18:36:27+05:30,15,0,0.5,2026-09-30,2026-10-02T00:00:00+05:30
878,Aries Agro Limited,ARIES.NS,Unspecified,Scored,,0.4105253583077961,0.5894746416922039,1890,INE298I01015,CONSOLIDATED,2026-06-30,14.8454,2026-08-11T19:35:07+05:30,32,0,0.5,2026-09-30,2026-10-02T00:00:00+05:30
293,Central Bank of India,CENTRALBK.NS,Financial Services,Scored,,0.4104389295535181,0.589561070446482,1891,INE483A01010,CONSOLIDATED,2026-06-30,1328.95,2026-07-17T15:17:08+05:30,25,0,0.5,2026-09-30,2026-10-02T00:00:00+05:30
2144,Sumit Woods Limited,SUMIT.NS,Unspecified,Scored,,0.4104179262014311,0.5895820737985689,1892,INE748Z01013,CONSOLIDATED,2026-06-30,4.0368,2026-08-05T18:44:27+05:30,28,0,0.75,2026-09-30,2026-10-02T00:00:00+05:30
772,Share India Securities Ltd.,SHAREINDIA.NS,Financial Services,Scored,,0.40971891188680576,0.5902810881131942,1893,INE932X01026,CONSOLIDATED,2026-06-30,124.4108,2026-07-24T21:48:12+05:30,23,0,0.5,2026-09-30,2026-10-02T00:00:00+05:30
132,United Breweries,UBL.NS,Beverages,Scored,,0.4094021289788706,0.5905978710211294,1894,INE686F01025,CONSOLIDATED,2026-06-30,166.28,2026-08-04T20:57:18+05:30,26,0,0.75,2026-09-30,2026-10-02T00:00:00+05:30
2187,Tasty Bite Eatables Limited,TASTYBITE.NS,Unspecified,Scored,,0.40918039294390685,0.5908196070560932,1895,INE488B01017,STANDALONE,2026-06-30,8.839,2026-08-12T17:57:09+05:30,31,0,0.5,2026-09-30,2026-10-02T00:00:00+05:30
716,Sudarshan Chemical Industries Ltd.,SUDARSCHEM.NS,Chemicals,Scored,,0.4086051071395142,0.5913948928604857,1896,INE659A01023,CONSOLIDATED,2026-06-30,103.4,2026-08-12T20:38:12+05:30,28,0,0.5,2026-09-30,2026-10-02T00:00:00+05:30
1956,Ruchi Infrastructure Limited,RUCHINFRA.NS,Unspecified,Scored,,0.4077632260245041,0.5922367739754959,1897,INE413B01023,CONSOLIDATED,2026-06-30,4.59,2026-08-11T17:44:12+05:30,27,0,0.5,2026-09-30,2026-10-02T00:00:00+05:30
752,Voltamp Transformers Ltd,VOLTAMP.NS,Capital Goods,Scored,,0.4071781743689514,0.5928218256310487,1898,INE540H01012,STANDALONE,2026-06-30,91.2228,2026-07-31T14:24:05+05:30,33,0,0.5,2026-09-30,2026-10-02T00:00:00+05:30
1302,Orient Green Power Company Limited,GREENPOWER.NS,Unspecified,Scored,,0.4067618684358984,0.5932381315641015,1899,INE999K01014,CONSOLIDATED,2026-06-30,23.94,2026-07-22T19:13:45+05:30,30,0,0.75,2026-09-30,2026-10-02T00:00:00+05:30
461,Shipping Corporation of India Ltd.,SCI.NS,Services,Scored,,0.4067052188594994,0.5932947811405006,1900,INE109A01011,CONSOLIDATED,2026-06-30,619.34,2026-08-06T19:39:05+05:30,27,0,0.5,2026-09-30,2026-10-02T00:00:00+05:30
1304,G R Infraprojects Limited,GRINFRA.NS,Unspecified,Scored,,0.4067018388167505,0.5932981611832495,1901,INE201P01022,CONSOLIDATED,2026-06-30,357.7909,2026-08-06T19:14:14+05:30,20,0,0.5,2026-09-30,2026-10-02T00:00:00+05:30
2334,V.S.T Tillers Tractors Limited,VSTTILLERS.NS,Unspecified,Scored,,0.4063723522642057,0.5936276477357942,1902,INE764D01017,CONSOLIDATED,2026-06-30,48.43,2026-08-13T16:58:08+05:30,9,0,0.5,2026-09-30,2026-10-02T00:00:00+05:30
1106,Deep Industries Limited,DEEPINDS.NS,Unspecified,Scored,,0.4062863351839171,0.5937136648160829,1903,INE0FHS01024,CONSOLIDATED,2026-06-30,89.1445,2026-07-28T18:10:08+05:30,21,0,0.75,2026-09-30,2026-10-02T00:00:00+05:30
2267,Unitech Limited,UNITECH.NS,Unspecified,Scored,,0.40556415490592534,0.5944358450940747,1904,INE694A01020,CONSOLIDATED,2026-06-30,-702.8437,2026-08-13T15:23:15+05:30,28,0,0.25,2026-09-30,2026-10-02T00:00:00+05:30
322,E.I.D. Parry (India) Ltd.,EIDPARRY.NS,Fast Moving Consumer Goods,Scored,,0.40553428055420637,0.5944657194457936,1905,INE126A01031,CONSOLIDATED,2026-06-30,311.5,2026-08-12T18:26:18+05:30,31,0,0.5,2026-09-30,2026-10-02T00:00:00+05:30
893,Asahi Songwon Colors Limited,ASAHISONG.NS,Unspecified,Scored,,0.40519794970080897,0.5948020502991911,1906,INE228I01012,CONSOLIDATED,2026-06-30,19.0267,2026-07-29T16:59:09+05:30,26,0,0.75,2026-09-30,2026-10-02T00:00:00+05:30
12,Life Insurance,LICI.NS,Insurance,Scored,,0.4039467700265444,0.5960532299734556,1907,INE0J1Y01017,CONSOLIDATED,2026-06-30,13584.25,2026-08-06T17:35:11+05:30,6,4,0.5,2026-09-30,2026-10-02T00:00:00+05:30
141,Vishal Mega Mart,VMM.NS,Unspecified,Scored,,0.4038305331382858,0.5961694668617141,1908,INE01EA01019,CONSOLIDATED,2026-06-30,258.77,2026-07-23T13:05:20+05:30,7,0,0.5,2026-09-30,2026-10-02T00:00:00+05:30
19,Marico,MARICO.NS,FMCG,Scored,,0.40367661334438804,0.5963233866556119,1909,INE196A01026,CONSOLIDATED,2026-06-30,652.0,2026-08-04T19:09:16+05:30,33,0,0.5,2026-09-30,2026-10-02T00:00:00+05:30
822,Asian Hotels (East) Limited,AHLEAST.NS,Unspecified,Scored,,0.4034231424585735,0.5965768575414265,1910,INE926K01017,CONSOLIDATED,2026-06-30,4.3177,2026-08-13T18:14:21+05:30,28,0,0.25,2026-09-30,2026-10-02T00:00:00+05:30
1046,Chemfab Alkalis Limited,CHEMFAB.NS,Unspecified,Scored,,0.40319710417690063,0.5968028958230993,1911,INE783X01023,CONSOLIDATED,2026-06-30,5.7304,2026-07-29T20:18:14+05:30,25,0,0.5,2026-09-30,2026-10-02T00:00:00+05:30
2017,SEL Manufacturing Company Limited,SELMC.NS,Unspecified,Scored,,0.40263342595740276,0.5973665740425973,1912,INE105I01020,STANDALONE,2026-06-30,-41.995,2026-08-06T17:35:45+05:30,9,0,0.25,2026-09-30,2026-10-02T00:00:00+05:30
579,GMM Pfaudler Ltd.,GMMPFAUDLR.NS,Capital Goods,Scored,,0.40232886025848047,0.5976711397415195,1913,INE541A01023,CONSOLIDATED,2026-06-30,22.1,2026-08-05T17:51:35+05:30,26,3,0.5,2026-09-30,2026-10-02T00:00:00+05:30
1796,Oswal Greentech Limited,OSWALGREEN.NS,Unspecified,Scored,,0.40206037259660005,0.5979396274033999,1914,INE143A01010,STANDALONE,2026-06-30,8.4191,2026-08-07T18:11:14+05:30,31,3,0.5,2026-09-30,2026-10-02T00:00:00+05:30
1180,EMS Limited,EMSLIMITED.NS,Unspecified,Scored,,0.4019263058743054,0.5980736941256946,1915,INE0OV601013,CONSOLIDATED,2026-06-30,15.4911,2026-08-12T17:30:07+05:30,11,0,0.25,2026-09-30,2026-10-02T00:00:00+05:30
60,Vedanta,VEDL.NS,Metals,Scored,,0.4017804064005774,0.5982195935994226,1916,INE205A01025,CONSOLIDATED,2026-06-30,7918.0,2026-07-30T15:34:13+05:30,27,4,0.0,2026-09-30,2026-10-02T00:00:00+05:30
1189,ESAF Small Finance Bank Limited,ESAFSFB.NS,Unspecified,Scored,,0.40163605591659535,0.5983639440834047,1917,INE818W01011,STANDALONE,2026-06-30,80.08,2026-07-31T16:20:07+05:30,11,3,0.5,2026-09-30,2026-10-02T00:00:00+05:30
935,Bajaj Healthcare Limited,BAJAJHCARE.NS,Unspecified,Scored,,0.40148860705130074,0.5985113929486993,1918,INE411U01027,STANDALONE,2026-06-30,13.698,2026-07-20T20:35:51+05:30,18,0,0.5,2026-09-30,2026-10-02T00:00:00+05:30
1442,Jagran Prakashan Limited,JAGRAN.NS,Unspecified,Scored,,0.40094672801054393,0.5990532719894561,1919,INE199G01027,CONSOLIDATED,2026-06-30,61.2315,2026-08-12T16:33:06+05:30,33,0,0.25,2026-09-30,2026-10-02T00:00:00+05:30
1844,Pokarna Limited,POKARNA.NS,Unspecified,Scored,,0.4005956195977653,0.5994043804022346,1920,INE637C01025,CONSOLIDATED,2026-06-30,42.5992,2026-08-07T16:28:10+05:30,32,0,0.75,2026-09-30,2026-10-02T00:00:00+05:30
1236,Ganesha Ecosphere Limited,GANECOS.NS,Unspecified,Scored,,0.4004007749971201,0.5995992250028799,1921,INE845D01014,CONSOLIDATED,2026-06-30,29.0348,2026-08-03T20:13:15+05:30,27,0,0.75,2026-09-30,2026-10-02T00:00:00+05:30
1347,Hexa Tradex Limited,HEXATRADEX.NS,Unspecified,Scored,,0.3986032426289974,0.6013967573710026,1922,INE750M01017,CONSOLIDATED,2026-06-30,1.6725,2026-08-11T16:04:07+05:30,22,2,0.5,2026-09-30,2026-10-02T00:00:00+05:30
1313,GTL Infrastructure Limited,GTLINFRA.NS,Unspecified,Scored,,0.3984728702397687,0.6015271297602314,1923,INE221H01019,STANDALONE,2026-06-30,69.39,2026-08-06T16:38:10+05:30,31,0,0.5,2026-09-30,2026-10-02T00:00:00+05:30
412,Mangalore Refinery & Petrochemicals Ltd.,MRPL.NS,Oil Gas & Consumable Fuels,Scored,,0.39824947295765006,0.60175052704235,1924,INE103A01014,CONSOLIDATED,2026-06-30,945.68,2026-07-15T19:35:16+05:30,28,0,0.75,2026-09-30,2026-10-02T00:00:00+05:30
2203,Tourism Finance Corporation of India Limited,TFCILTD.NS,Unspecified,Scored,,0.39818145716522824,0.6018185428347718,1925,INE305A01023,STANDALONE,2026-06-30,61.2093,2026-07-20T15:50:15+05:30,24,0,0.75,2026-09-30,2026-10-02T00:00:00+05:30
383,JSW Dulux Ltd.,JSWDULUX.NS,Consumer Durables,Scored,,0.3979662197661582,0.6020337802338418,1926,INE133A01011,CONSOLIDATED,2026-06-30,79.72,2026-08-11T20:06:03+05:30,28,3,0.5,2026-09-30,2026-10-02T00:00:00+05:30
1719,Nandan Denim Limited,NDL.NS,Unspecified,Scored,,0.397237882567843,0.602762117432157,1927,INE875G01048,STANDALONE,2026-06-30,14.7961,2026-08-12T18:20:17+05:30,28,0,0.5,2026-09-30,2026-10-02T00:00:00+05:30
1077,Cambridge Technology Enterprises Limited,CTE.NS,Unspecified,Scored,,0.3967798686949296,0.6032201313050705,1928,INE627H01017,CONSOLIDATED,2026-06-30,7.0753,2026-08-14T19:27:11+05:30,32,0,0.75,2026-09-30,2026-10-02T00:00:00+05:30
847,Alphageo (India) Limited,ALPHAGEO.NS,Unspecified,Scored,,0.3961175042238019,0.6038824957761981,1929,INE137C01018,CONSOLIDATED,2026-06-30,14.8585,2026-08-11T16:42:17+05:30,31,0,0.5,2026-09-30,2026-10-02T00:00:00+05:30
1165,Eimco Elecon (India) Limited,EIMCOELECO.NS,Unspecified,Scored,,0.39600561637917225,0.6039943836208277,1930,INE158B01016,STANDALONE,2026-06-30,15.3785,2026-07-09T17:33:09+05:30,9,0,0.5,2026-09-30,2026-10-02T00:00:00+05:30
2126,Star Paper Mills Limited,STARPAPER.NS,Unspecified,Scored,,0.3959189289971793,0.6040810710028207,1931,INE733A01018,STANDALONE,2026-06-30,11.0051,2026-08-12T16:35:09+05:30,33,0,0.5,2026-09-30,2026-10-02T00:00:00+05:30
1321,GP Petroleums Limited,GULFPETRO.NS,Unspecified,Scored,,0.395248109381092,0.604751890618908,1932,INE586G01017,CONSOLIDATED,2026-06-30,20.5833,2026-07-24T16:39:20+05:30,2,4,1.0,2026-09-30,2026-10-02T00:00:00+05:30
609,JK Paper Ltd.,JKPAPER.NS,Forest Materials,Scored,,0.394986323200902,0.605013676799098,1933,INE789E01012,CONSOLIDATED,2026-06-30,136.27,2026-07-27T18:18:13+05:30,26,3,0.0,2026-09-30,2026-10-02T00:00:00+05:30
1807,Par Drugs And Chemicals Limited,PAR.NS,Unspecified,Scored,,0.3948855519584037,0.6051144480415963,1934,INE04LG01015,STANDALONE,2026-06-30,4.7127,2026-08-08T17:41:39+05:30,19,0,0.75,2026-09-30,2026-10-02T00:00:00+05:30
1592,Madras Fertilizers Limited,MADRASFERT.NS,Unspecified,Scored,,0.3946544379492047,0.6053455620507953,1935,INE414A01015,STANDALONE,2026-06-30,34.59,2026-08-11T15:06:39+05:30,30,0,0.5,2026-09-30,2026-10-02T00:00:00+05:30
1550,Kwality Wall's (India) Limited,KWIL.NS,Unspecified,Scored,,0.3943261098518977,0.6056738901481022,1936,INE2KCE01013,STANDALONE,2026-06-30,50.7,2026-08-14T21:06:09+05:30,3,3,1.0,2026-09-30,2026-10-02T00:00:00+05:30
307,Crompton Greaves Consumer Electricals Ltd.,CROMPTON.NS,Consumer Durables,Scored,,0.3942566923411563,0.6057433076588437,1937,INE299U01018,CONSOLIDATED,2026-06-30,142.7,2026-08-06T17:16:40+05:30,30,0,0.5,2026-09-30,2026-10-02T00:00:00+05:30
121,Hindalco Inds.,HINDALCO.NS,Metals,Scored,,0.39405236258191745,0.6059476374180826,1938,INE038A01020,CONSOLIDATED,2026-06-30,7013.0,2026-08-07T17:24:55+05:30,28,0,0.75,2026-09-30,2026-10-02T00:00:00+05:30
222,IndusInd Bank,INDUSINDBK.NS,Banks,Scored,,0.39347693415895085,0.6065230658410492,1939,INE095A01012,CONSOLIDATED,2026-06-30,1037.02,2026-07-22T17:28:45+05:30,24,0,0.75,2026-09-30,2026-10-02T00:00:00+05:30
202,S A I L,SAIL.NS,Metals,Scored,,0.3915817627616115,0.6084182372383885,1940,INE114A01011,CONSOLIDATED,2026-06-30,1644.05,2026-07-24T18:51:10+05:30,27,0,0.25,2026-09-30,2026-10-02T00:00:00+05:30
2056,Shree Pushkar Chemicals & Fertilisers Limited,SHREEPUSHK.NS,Unspecified,Scored,,0.39133527805538343,0.6086647219446166,1941,INE712K01011,CONSOLIDATED,2026-06-30,22.9265,2026-08-12T21:08:01+05:30,31,0,0.25,2026-09-30,2026-10-02T00:00:00+05:30
1111,De Nora India Limited,DENORA.NS,Unspecified,Scored,,0.39130570711201984,0.6086942928879802,1942,INE244A01016,STANDALONE,2026-06-30,6.3896,2026-07-30T18:02:09+05:30,32,0,0.5,2026-09-30,2026-10-02T00:00:00+05:30
1432,IRM Energy Limited,IRMENERGY.NS,Unspecified,Scored,,0.39097307040634477,0.6090269295936552,1943,INE07U701015,CONSOLIDATED,2026-06-30,33.809,2026-08-06T22:41:36+05:30,12,0,0.5,2026-09-30,2026-10-02T00:00:00+05:30
1751,NOCIL Limited,NOCIL.NS,Unspecified,Scored,,0.38999868520233955,0.6100013147976604,1944,INE163A01018,CONSOLIDATED,2026-06-30,27.76,2026-08-03T15:21:16+05:30,29,0,0.5,2026-09-30,2026-10-02T00:00:00+05:30
1609,Manaksia Limited,MANAKSIA.NS,Unspecified,Scored,,0.3895129869221195,0.6104870130778806,1945,INE015D01022,CONSOLIDATED,2026-06-30,26.6778,2026-08-12T16:50:11+05:30,32,0,0.5,2026-09-30,2026-10-02T00:00:00+05:30
165,Gujarat Fluoroch,FLUOROCHEM.NS,Chemicals,Scored,,0.3891591007606008,0.6108408992393992,1946,INE09N301011,CONSOLIDATED,2026-06-30,219.0,2026-08-12T17:49:09+05:30,27,0,0.5,2026-09-30,2026-10-02T00:00:00+05:30
1091,Dhampur Bio Organics Limited,DBOL.NS,Unspecified,Scored,,0.3884954462657237,0.6115045537342763,1947,INE0I3401014,CONSOLIDATED,2026-06-30,36.79,2026-07-14T17:41:12+05:30,15,0,0.75,2026-09-30,2026-10-02T00:00:00+05:30
1858,Precot Limited,PRECOT.NS,Unspecified,Scored,,0.38839727230083704,0.6116027276991629,1948,INE283A01014,CONSOLIDATED,2026-06-30,26.6077,2026-08-13T17:54:51+05:30,22,3,0.0,2026-09-30,2026-10-02T00:00:00+05:30
84,Dabur India,DABUR.NS,FMCG,Scored,,0.3878653642453011,0.6121346357546988,1949,INE016A01026,CONSOLIDATED,2026-06-30,586.16,2026-07-29T17:00:11+05:30,32,0,0.5,2026-09-30,2026-10-02T00:00:00+05:30
1231,Fusion Finance Limited,FUSION.NS,Unspecified,Scored,,0.38724173645296245,0.6127582635470376,1950,INE139R01012,STANDALONE,2026-06-30,62.41,2026-08-11T15:26:12+05:30,15,0,0.5,2026-09-30,2026-10-02T00:00:00+05:30
1419,Innovana Thinklabs Limited,INNOVANA.NS,Unspecified,Scored,,0.3867978286500375,0.6132021713499625,1951,INE403Y01018,CONSOLIDATED,2026-06-30,5.5369,2026-08-13T19:02:14+05:30,7,0,0.25,2026-09-30,2026-10-02T00:00:00+05:30
449,Ramkrishna Forgings Ltd.,RKFORGE.NS,Automobile and Auto Components,Scored,,0.3865431019025429,0.6134568980974571,1952,INE399G01023,CONSOLIDATED,2026-06-30,46.88,2026-07-24T16:32:13+05:30,24,0,0.0,2026-09-30,2026-10-02T00:00:00+05:30
962,Bedmutha Industries Limited,BEDMUTHA.NS,Unspecified,Scored,,0.38642301282573477,0.6135769871742652,1953,INE844K01012,CONSOLIDATED,2026-06-30,6.922,2026-08-12T15:29:08+05:30,29,0,0.5,2026-09-30,2026-10-02T00:00:00+05:30
1702,NACL Industries Limited,NACLIND.NS,Unspecified,Scored,,0.38636602668714076,0.6136339733128593,1954,INE295D01020,CONSOLIDATED,2026-06-30,20.84,2026-07-22T17:31:08+05:30,27,0,0.5,2026-09-30,2026-10-02T00:00:00+05:30
973,Bhageria Industries Limited,BHAGERIA.NS,Unspecified,Scored,,0.38569836187651785,0.6143016381234822,1955,INE354C01027,CONSOLIDATED,2026-06-30,33.911,2026-07-22T19:16:15+05:30,24,0,0.75,2026-09-30,2026-10-02T00:00:00+05:30
316,Devyani International Ltd.,DEVYANI.NS,Consumer Services,Scored,,0.3855454612098173,0.6144545387901827,1956,INE872J01023,CONSOLIDATED,2026-06-30,17.104,2026-07-29T14:37:26+05:30,20,0,0.75,2026-09-30,2026-10-02T00:00:00+05:30
2208,The Investment Trust Of India Limited,THEINVEST.NS,Unspecified,Scored,,0.3835003343304756,0.6164996656695244,1957,INE924D01017,CONSOLIDATED,2026-06-30,12.3798,2026-08-13T17:26:57+05:30,30,0,0.5,2026-09-30,2026-10-02T00:00:00+05:30
1578,Lords Chloro Alkali Limited,LORDSCHLO.NS,Unspecified,Scored,,0.3834575805181199,0.61654241948188,1958,INE846D01012,STANDALONE,2026-06-30,14.9536,2026-07-27T19:41:06+05:30,12,0,0.25,2026-09-30,2026-10-02T00:00:00+05:30
1888,Music Broadcast Limited,RADIOCITY.NS,Unspecified,Scored,,0.38320482712883097,0.616795172871169,1959,INE919I01024,STANDALONE,2026-06-30,9.2225,2026-07-22T18:14:06+05:30,32,0,0.5,2026-09-30,2026-10-02T00:00:00+05:30
1575,Lincoln Pharmaceuticals Limited,LINCOLN.NS,Unspecified,Scored,,0.3831211209967544,0.6168788790032456,1960,INE405C01035,CONSOLIDATED,2026-06-30,36.2345,2026-08-13T15:15:13+05:30,23,0,0.5,2026-09-30,2026-10-02T00:00:00+05:30
723,TARC Ltd.,TARC.NS,Realty,Scored,,0.38298813342211113,0.6170118665778889,1961,INE0EK901012,CONSOLIDATED,2026-06-30,22.6457,2026-08-11T20:15:15+05:30,22,0,0.5,2026-09-30,2026-10-02T00:00:00+05:30
1205,Fairchem Organics Limited,FAIRCHEMOR.NS,Unspecified,Scored,,0.38231755213260293,0.617682447867397,1962,INE0DNW01011,STANDALONE,2026-06-30,10.0138,2026-07-27T13:03:09+05:30,23,0,0.5,2026-09-30,2026-10-02T00:00:00+05:30
1135,DMCC SPECIALITY CHEMICALS LIMITED,DMCC.NS,Unspecified,Scored,,0.38188790213938734,0.6181120978606127,1963,INE505A01010,CONSOLIDATED,2026-06-30,20.4044,2026-08-10T16:27:13+05:30,18,0,0.75,2026-09-30,2026-10-02T00:00:00+05:30
733,Thomas Cook (India) Ltd.,THOMASCOOK.NS,Consumer Services,Scored,,0.3817265384212615,0.6182734615787385,1964,INE332A01027,CONSOLIDATED,2026-06-30,63.71,2026-08-03T18:21:36+05:30,30,0,0.25,2026-09-30,2026-10-02T00:00:00+05:30
1470,Jubilant Agri and Consumer Products Limited,JUBLCPL.NS,Unspecified,Scored,,0.38089640289527826,0.6191035971047217,1965,INE03CC01015,CONSOLIDATED,2026-06-30,46.11,2026-08-11T17:30:30+05:30,7,0,0.25,2026-09-30,2026-10-02T00:00:00+05:30
605,Indo Count Industries Ltd.,ICIL.NS,Textiles,Scored,,0.38037016104340465,0.6196298389565953,1966,INE483B01026,CONSOLIDATED,2026-06-30,63.2244,2026-08-12T17:42:06+05:30,22,0,0.5,2026-09-30,2026-10-02T00:00:00+05:30
420,Nava Ltd.,NAVA.NS,Power,Scored,,0.38018991180406425,0.6198100881959357,1967,INE725A01030,CONSOLIDATED,2026-06-30,332.8229,2026-08-14T17:53:09+05:30,31,0,0.5,2026-09-30,2026-10-02T00:00:00+05:30
742,V-Mart Retail Ltd.,VMART.NS,Consumer Services,Scored,,0.3798931090275897,0.6201068909724103,1968,INE665J01013,STANDALONE,2026-06-30,47.21,2026-07-24T14:06:07+05:30,32,0,0.5,2026-09-30,2026-10-02T00:00:00+05:30
1596,Maha Rashtra Apex Corporation Limited,MAHAPEXLTD.NS,Unspecified,Scored,,0.37981658305582605,0.620183416944174,1969,INE843B01013,CONSOLIDATED,2026-06-30,1.0812,2026-08-13T15:53:09+05:30,23,0,0.5,2026-09-30,2026-10-02T00:00:00+05:30
898,Ashima Limited,ASHIMASYN.NS,Unspecified,Scored,,0.379693956447066,0.620306043552934,1970,INE440A01010,CONSOLIDATED,2026-06-30,1.9335,2026-07-18T16:40:15+05:30,14,0,0.5,2026-09-30,2026-10-02T00:00:00+05:30
714,Styrenix Performance Materials Ltd.,STYRENIX.NS,Chemicals,Scored,,0.37849829907770505,0.621501700922295,1971,INE189B01011,CONSOLIDATED,2026-06-30,138.3,2026-08-04T19:45:14+05:30,7,0,0.5,2026-09-30,2026-10-02T00:00:00+05:30
967,Best Agrolife Limited,BESTAGRO.NS,Unspecified,Scored,,0.37790534091318695,0.622094659086813,1972,INE052T01021,CONSOLIDATED,2026-06-30,40.65,2026-07-30T19:25:16+05:30,10,0,0.5,2026-09-30,2026-10-02T00:00:00+05:30
71,Dr Reddy's Labs,DRREDDY.NS,Pharmaceuticals,Scored,,0.3777921014553766,0.6222078985446233,1973,INE089A01031,CONSOLIDATED,2026-06-30,435.6,2026-07-22T18:46:03+05:30,33,0,0.25,2026-09-30,2026-10-02T00:00:00+05:30
1833,Pix Transmissions Limited,PIXTRANS.NS,Unspecified,Scored,,0.3773465399522283,0.6226534600477718,1974,INE751B01018,CONSOLIDATED,2026-06-30,52.7477,2026-08-07T17:29:17+05:30,17,0,0.5,2026-09-30,2026-10-02T00:00:00+05:30
599,IIFL Capital Services Ltd.,IIFLCAPS.NS,Financial Services,Scored,,0.3769626932272138,0.6230373067727861,1975,INE489L01022,CONSOLIDATED,2026-06-30,184.1634,2026-07-23T18:39:56+05:30,25,0,0.5,2026-09-30,2026-10-02T00:00:00+05:30
2214,Technocraft Industries (India) Limited,TIIL.NS,Unspecified,Scored,,0.3764903392256426,0.6235096607743573,1976,INE545H01011,CONSOLIDATED,2026-06-30,137.7495,2026-08-13T16:24:15+05:30,29,0,0.5,2026-09-30,2026-10-02T00:00:00+05:30
692,SKF India Ltd.,SKFINDIA.NS,Automobile and Auto Components,Scored,,0.3758485699116114,0.6241514300883886,1977,INE640A01023,CONSOLIDATED,2026-06-30,61.92,2026-08-12T21:06:01+05:30,22,0,0.25,2026-09-30,2026-10-02T00:00:00+05:30
571,Equitas Small Finance Bank Ltd.,EQUITASBNK.NS,Financial Services,Scored,,0.3756435281413624,0.6243564718586376,1978,INE063P01018,STANDALONE,2026-06-30,183.6069,2026-07-28T17:23:06+05:30,16,0,0.5,2026-09-30,2026-10-02T00:00:00+05:30
491,Trident Ltd.,TRIDENT.NS,Textiles,Scored,,0.3754719539071657,0.6245280460928343,1979,INE064C01022,CONSOLIDATED,2026-06-30,158.09,2026-07-21T20:19:16+05:30,27,0,0.5,2026-09-30,2026-10-02T00:00:00+05:30
1876,Punjab Chemicals & Crop Protection Limited,PUNJABCHEM.NS,Unspecified,Scored,,0.37545132317097757,0.6245486768290225,1980,INE277B01014,CONSOLIDATED,2026-06-30,22.07,2026-07-31T16:09:21+05:30,28,0,0.25,2026-09-30,2026-10-02T00:00:00+05:30
1601,Mahindra Logistics Limited,MAHLOG.NS,Unspecified,Scored,,0.37528360749677925,0.6247163925032208,1981,INE766P01016,CONSOLIDATED,2026-06-30,27.83,2026-07-20T22:23:13+05:30,33,0,1.0,2026-09-30,2026-10-02T00:00:00+05:30
457,Sapphire Foods India Ltd.,SAPPHIRE.NS,Consumer Services,Scored,,0.37508125710695084,0.6249187428930492,1982,INE806T01020,CONSOLIDATED,2026-06-30,14.022,2026-07-24T16:24:11+05:30,18,0,0.5,2026-09-30,2026-10-02T00:00:00+05:30
2069,Sigma Solve Limited,SIGMA.NS,Unspecified,Scored,,0.37493760293197526,0.6250623970680247,1983,INE0A0S01028,CONSOLIDATED,2026-06-30,12.5753,2026-07-31T15:10:17+05:30,10,0,0.5,2026-09-30,2026-10-02T00:00:00+05:30
1235,Gandhi Special Tubes Limited,GANDHITUBE.NS,Unspecified,Scored,,0.3742216697310887,0.6257783302689113,1984,INE524B01027,STANDALONE,2026-06-30,27.9367,2026-08-12T17:41:45+05:30,30,0,0.5,2026-09-30,2026-10-02T00:00:00+05:30
413,Minda Corporation Ltd.,MINDACORP.NS,Automobile and Auto Components,Scored,,0.3732729389782974,0.6267270610217026,1985,INE842C01021,CONSOLIDATED,2026-06-30,206.25,2026-08-13T13:42:07+05:30,31,0,0.75,2026-09-30,2026-10-02T00:00:00+05:30
590,Gujarat State Fertilizers & Chemicals Ltd.,GSFC.NS,Chemicals,Scored,,0.3713544296264721,0.6286455703735279,1986,INE026A01025,CONSOLIDATED,2026-06-30,158.54,2026-08-12T17:12:19+05:30,22,0,0.5,2026-09-30,2026-10-02T00:00:00+05:30
352,Gujarat Mineral Development Corporation Ltd.,GMDCLTD.NS,Metals & Mining,Scored,,0.37127080987846134,0.6287291901215386,1987,INE131A01031,CONSOLIDATED,2026-06-30,163.43,2026-07-31T15:13:07+05:30,26,0,0.5,2026-09-30,2026-10-02T00:00:00+05:30
1526,Kothari Products Limited,KOTHARIPRO.NS,Unspecified,Scored,,0.3695144825896081,0.6304855174103918,1988,INE823A01017,CONSOLIDATED,2026-06-30,7.5,2026-08-13T17:45:10+05:30,26,0,0.5,2026-09-30,2026-10-02T00:00:00+05:30
224,NTPC Green Ene.,NTPCGREEN.NS,Power,Scored,,0.3691875945820815,0.6308124054179185,1989,INE0ONG01011,CONSOLIDATED,2026-06-30,304.84,2026-07-22T19:45:07+05:30,7,0,0.5,2026-09-30,2026-10-02T00:00:00+05:30
1556,Lancor Holdings Limited,LANCORHOL.NS,Unspecified,Scored,,0.36878790075668244,0.6312120992433176,1990,INE572G01025,CONSOLIDATED,2026-06-30,17.2453,2026-08-12T20:06:07+05:30,10,0,0.5,2026-09-30,2026-10-02T00:00:00+05:30
667,Prism Johnson Ltd.,PRSMJOHNSN.NS,Construction Materials,Scored,,0.36847950685258757,0.6315204931474124,1991,INE010A01011,CONSOLIDATED,2026-06-30,112.7,2026-08-07T18:48:10+05:30,26,3,1.0,2026-09-30,2026-10-02T00:00:00+05:30
658,PNC Infratech Ltd.,PNCINFRA.NS,Construction,Scored,,0.36815978355397155,0.6318402164460284,1992,INE195J01029,CONSOLIDATED,2026-06-30,331.9329,2026-08-08T18:40:22+05:30,29,0,0.5,2026-09-30,2026-10-02T00:00:00+05:30
1378,ICDS Limited,ICDSLTD.NS,Unspecified,Scored,,0.3668084172552983,0.6331915827447017,1993,INE613B01010,CONSOLIDATED,2026-06-30,0.9343,2026-08-11T17:31:14+05:30,29,0,0.5,2026-09-30,2026-10-02T00:00:00+05:30
81,Alkem Lab,ALKEM.NS,Pharmaceuticals,Scored,,0.3659831632293019,0.6340168367706981,1994,INE540L01014,CONSOLIDATED,2026-06-30,520.98,2026-08-14T17:49:06+05:30,30,0,0.5,2026-09-30,2026-10-02T00:00:00+05:30
1979,S.A.L. Steel Limited,SALSTEEL.NS,Unspecified,Scored,,0.3658741374132077,0.6341258625867923,1995,INE658G01014,STANDALONE,2026-06-30,3.09,2026-08-14T14:52:11+05:30,31,0,1.0,2026-09-30,2026-10-02T00:00:00+05:30
288,Carborundum Universal Ltd.,CARBORUNIV.NS,Capital Goods,Scored,,0.3655177142795744,0.6344822857204255,1996,INE120A01034,CONSOLIDATED,2026-06-30,80.34,2026-08-07T17:35:19+05:30,33,0,0.5,2026-09-30,2026-10-02T00:00:00+05:30
436,Paradeep Phosphates Ltd.,PARADEEP.NS,Chemicals,Scored,,0.3624222556444637,0.6375777443555364,1997,INE088F01024,CONSOLIDATED,2026-06-30,392.54,2026-07-28T18:45:21+05:30,17,0,0.5,2026-09-30,2026-10-02T00:00:00+05:30
629,Laxmi Organic Industries Ltd.,LXCHEM.NS,Chemicals,Scored,,0.3594627373694909,0.640537262630509,1998,INE576O01020,CONSOLIDATED,2026-06-30,67.716,2026-07-29T21:30:20+05:30,21,0,0.5,2026-09-30,2026-10-02T00:00:00+05:30
1715,Navneet Education Limited,NAVNETEDUL.NS,Unspecified,Scored,,0.3593072416196385,0.6406927583803614,1999,INE060A01024,CONSOLIDATED,2026-06-30,141.0,2026-07-28T15:00:12+05:30,24,3,0.5,2026-09-30,2026-10-02T00:00:00+05:30
2250,Ujaas Energy Limited,UEL.NS,Unspecified,Scored,,0.3577401742441469,0.6422598257558532,2000,INE899L01030,STANDALONE,2026-06-30,3.2507,2026-07-30T17:12:19+05:30,10,0,0.75,2026-09-30,2026-10-02T00:00:00+05:30
1421,Insecticides (India) Limited,INSECTICID.NS,Unspecified,Scored,,0.35750305879375616,0.6424969412062438,2001,INE070I01018,CONSOLIDATED,2026-06-30,43.8744,2026-08-11T14:51:58+05:30,27,0,0.75,2026-09-30,2026-10-02T00:00:00+05:30
2042,Shekhawati Industries Limited,SHEKHAWATI.NS,Unspecified,Scored,,0.35683115920479314,0.6431688407952069,2002,INE268L01046,STANDALONE,2026-06-30,6.3675,2026-08-12T17:35:05+05:30,30,0,0.5,2026-09-30,2026-10-02T00:00:00+05:30
522,Alkyl Amines Chemicals Ltd.,ALKYLAMINE.NS,Chemicals,Scored,,0.35679119957222083,0.6432088004277792,2003,INE150B01039,STANDALONE,2026-06-30,94.63,2026-08-04T18:36:18+05:30,30,0,0.5,2026-09-30,2026-10-02T00:00:00+05:30
234,3M India Ltd.,3MINDIA.NS,Diversified,Scored,,0.35606182655267693,0.6439381734473231,2004,INE470A01017,STANDALONE,2026-06-30,233.07,2026-08-14T17:04:16+05:30,10,0,0.75,2026-09-30,2026-10-02T00:00:00+05:30
805,Advance Agrolife Limited,ADVANCE.NS,Unspecified,Scored,,0.3559655263023787,0.6440344736976213,2005,INE1B0W01010,STANDALONE,2026-06-30,22.546,2026-08-06T19:33:02+05:30,5,0,0.75,2026-09-30,2026-10-02T00:00:00+05:30
1692,Mukand Limited,MUKANDLTD.NS,Unspecified,Scored,,0.3557514194876783,0.6442485805123217,2006,INE304A01026,CONSOLIDATED,2026-06-30,57.36,2026-08-12T14:21:08+05:30,27,0,0.5,2026-09-30,2026-10-02T00:00:00+05:30
69,Cipla,CIPLA.NS,Pharmaceuticals,Scored,,0.355501867939098,0.644498132060902,2007,INE059A01026,CONSOLIDATED,2026-06-30,785.55,2026-07-23T18:34:11+05:30,32,0,0.5,2026-09-30,2026-10-02T00:00:00+05:30
2081,Sindhu Trade Links Limited,SINDHUTRAD.NS,Unspecified,Scored,,0.35308804034004837,0.6469119596599516,2008,INE325D01025,CONSOLIDATED,2026-06-30,38.7397,2026-08-13T18:20:18+05:30,12,0,1.0,2026-09-30,2026-10-02T00:00:00+05:30
1456,Jindal Poly Films Limited,JINDALPOLY.NS,Unspecified,Scored,,0.3526301252861568,0.6473698747138432,2009,INE197D01010,CONSOLIDATED,2026-06-30,107.1972,2026-08-15T01:26:16+05:30,25,5,,2026-09-30,2026-10-02T00:00:00+05:30
1797,ShreeOswal Seeds And Chemicals Limited,OSWALSEEDS.NS,Unspecified,Scored,,0.3523994733887459,0.6476005266112541,2010,INE00IK01029,CONSOLIDATED,2026-06-30,12.2737,2026-08-13T19:08:12+05:30,14,0,0.75,2026-09-30,2026-10-02T00:00:00+05:30
1734,NIIT Limited,NIITLTD.NS,Unspecified,Scored,,0.35161324327512056,0.6483867567248794,2011,INE161A01038,CONSOLIDATED,2026-06-30,7.519,2026-07-21T17:02:08+05:30,28,0,0.5,2026-09-30,2026-10-02T00:00:00+05:30
114,Torrent Power,TORNTPOWER.NS,Power,Scored,,0.351585673685051,0.648414326314949,2012,INE813H01021,CONSOLIDATED,2026-06-30,661.85,2026-08-03T18:40:30+05:30,33,0,0.25,2026-09-30,2026-10-02T00:00:00+05:30
501,Whirlpool of India Ltd.,WHIRLPOOL.NS,Consumer Durables,Scored,,0.3504571954717967,0.6495428045282032,2013,INE716A01013,CONSOLIDATED,2026-06-30,102.88,2026-08-05T14:57:13+05:30,29,0,0.5,2026-09-30,2026-10-02T00:00:00+05:30
381,JM Financial Ltd.,JMFINANCIL.NS,Financial Services,Scored,,0.3500355462095552,0.6499644537904448,2014,INE780C01023,CONSOLIDATED,2026-06-30,368.57,2026-08-03T20:51:20+05:30,24,0,0.5,2026-09-30,2026-10-02T00:00:00+05:30
500,Welspun Living Ltd.,WELSPUNLIV.NS,Textiles,Scored,,0.3490623405735649,0.6509376594264351,2015,INE192B01031,CONSOLIDATED,2026-06-30,162.61,2026-08-13T18:02:03+05:30,31,0,0.5,2026-09-30,2026-10-02T00:00:00+05:30
1631,Max Estates Limited,MAXESTATES.NS,Unspecified,Scored,,0.34838014986214505,0.651619850137855,2016,INE03EI01018,CONSOLIDATED,2026-06-30,8.3532,2026-08-14T21:19:11+05:30,12,0,0.25,2026-09-30,2026-10-02T00:00:00+05:30
1100,DCW Limited,DCW.NS,Unspecified,Scored,,0.3479951752492774,0.6520048247507226,2017,INE500A01029,STANDALONE,2026-06-30,34.5463,2026-08-13T16:30:20+05:30,31,0,0.75,2026-09-30,2026-10-02T00:00:00+05:30
1287,Goldiam International Limited,GOLDIAM.NS,Unspecified,Scored,,0.3463307804786586,0.6536692195213414,2018,INE025B01025,CONSOLIDATED,2026-06-30,73.9744,2026-08-07T15:32:10+05:30,31,0,0.5,2026-09-30,2026-10-02T00:00:00+05:30
886,Arrow Greentech Limited,ARROWGREEN.NS,Unspecified,Scored,,0.3461088067979851,0.6538911932020148,2019,INE570D01018,CONSOLIDATED,2026-06-30,27.43,2026-08-13T18:57:10+05:30,29,0,0.5,2026-09-30,2026-10-02T00:00:00+05:30
1282,GOCL Corporation Limited,GOCLCORP.NS,Unspecified,Scored,,0.345716576421051,0.654283423578949,2020,INE077F01035,CONSOLIDATED,2026-06-30,40.3987,2026-08-13T18:37:15+05:30,26,5,,2026-09-30,2026-10-02T00:00:00+05:30
638,Maharashtra Seamless Ltd.,MAHSEAMLES.NS,Capital Goods,Scored,,0.3452877530660117,0.6547122469339883,2021,INE271B01025,CONSOLIDATED,2026-06-30,266.4,2026-08-07T18:29:08+05:30,28,0,0.5,2026-09-30,2026-10-02T00:00:00+05:30
188,JSW Steel,JSWSTEEL.NS,Metals,Scored,,0.34502547565394354,0.6549745243460565,2022,INE019A01038,CONSOLIDATED,2026-06-30,4696.0,2026-07-17T17:18:15+05:30,31,0,0.5,2026-09-30,2026-10-02T00:00:00+05:30
1766,OCCL Limited,OCCLLTD.NS,Unspecified,Scored,,0.3446817667855469,0.6553182332144531,2023,INE0PK601023,STANDALONE,2026-06-30,40.2509,2026-07-30T15:42:13+05:30,8,0,0.5,2026-09-30,2026-10-02T00:00:00+05:30
1908,Reliance Communications Limited,RCOM.NS,Unspecified,Scored,,0.34402912066166835,0.6559708793383316,2024,INE330H01018,CONSOLIDATED,2026-06-30,-809.0,2026-08-13T15:18:15+05:30,33,0,0.25,2026-09-30,2026-10-02T00:00:00+05:30
1387,Industrial Investment Trust Limited,IITL.NS,Unspecified,Scored,,0.3431119388303133,0.6568880611696867,2025,INE886A01014,CONSOLIDATED,2026-06-30,14.2381,2026-08-05T19:36:12+05:30,27,0,0.5,2026-09-30,2026-10-02T00:00:00+05:30
128,GAIL (India),GAIL.NS,Gas,Scored,,0.3426909751826077,0.6573090248173923,2026,INE129A01019,CONSOLIDATED,2026-06-30,4670.99,2026-07-31T14:37:12+05:30,29,0,0.25,2026-09-30,2026-10-02T00:00:00+05:30
1775,Onelife Capital Advisors Limited,ONELIFECAP.NS,Unspecified,Scored,,0.34198603638711694,0.658013963612883,2027,INE912L01015,CONSOLIDATED,2026-06-30,3.8934,2026-08-13T20:27:16+05:30,26,0,0.0,2026-09-30,2026-10-02T00:00:00+05:30
2080,Sinclairs Hotels Limited,SINCLAIR.NS,Unspecified,Scored,,0.34080886142645245,0.6591911385735476,2028,INE985A01022,STANDALONE,2026-06-30,7.9099,2026-08-06T13:42:01+05:30,10,0,0.5,2026-09-30,2026-10-02T00:00:00+05:30
630,Le Travenues Technology Ltd.,IXIGO.NS,Consumer Services,Scored,,0.34017335675139965,0.6598266432486004,2029,INE0HV901016,CONSOLIDATED,2026-06-30,34.24,2026-08-06T21:33:55+05:30,9,3,0.5,2026-09-30,2026-10-02T00:00:00+05:30
349,Graphite India Ltd.,GRAPHITE.NS,Capital Goods,Scored,,0.3397778695249375,0.6602221304750625,2030,INE371A01025,CONSOLIDATED,2026-06-30,171.0,2026-08-04T14:35:58+05:30,30,0,0.5,2026-09-30,2026-10-02T00:00:00+05:30
2112,Southern Petrochemicals Industries Corporation Limited,SPIC.NS,Unspecified,Scored,,0.33920727541078183,0.6607927245892182,2031,INE147A01011,CONSOLIDATED,2026-06-30,60.18,2026-08-14T19:17:21+05:30,28,0,0.25,2026-09-30,2026-10-02T00:00:00+05:30
1947,RPSG VENTURES LIMITED,RPSGVENT.NS,Unspecified,Scored,,0.3378164556481388,0.6621835443518612,2032,INE425Y01011,CONSOLIDATED,2026-06-30,253.09,2026-08-13T19:49:16+05:30,28,0,0.5,2026-09-30,2026-10-02T00:00:00+05:30
470,Supreme Petrochem Ltd.,SPLPETRO.NS,Chemicals,Scored,,0.3373011698349787,0.6626988301650213,2033,INE663A01033,CONSOLIDATED,2026-06-30,237.569,2026-07-27T20:18:11+05:30,5,0,0.5,2026-09-30,2026-10-02T00:00:00+05:30
1917,Repro India Limited,REPRO.NS,Unspecified,Scored,,0.3350042147423359,0.6649957852576641,2034,INE461B01014,CONSOLIDATED,2026-06-30,128.56,2026-08-04T14:14:10+05:30,23,5,,2026-09-30,2026-10-02T00:00:00+05:30
371,Indiamart Intermesh Ltd.,INDIAMART.NS,Consumer Services,Scored,,0.33490552658102046,0.6650944734189795,2035,INE933S01016,CONSOLIDATED,2026-06-30,172.2,2026-07-21T18:08:34+05:30,29,0,0.5,2026-09-30,2026-10-02T00:00:00+05:30
617,Justdial Ltd.,JUSTDIAL.NS,Consumer Services,Scored,,0.3348964413972234,0.6651035586027766,2036,INE599M01018,STANDALONE,2026-06-30,166.22,2026-07-10T23:26:29+05:30,13,0,0.25,2026-09-30,2026-10-02T00:00:00+05:30
1119,Dharmaj Crop Guard Limited,DHARMAJ.NS,Unspecified,Scored,,0.33404755708316963,0.6659524429168304,2037,INE00OQ01016,CONSOLIDATED,2026-06-30,38.11,2026-08-07T19:29:04+05:30,6,0,0.5,2026-09-30,2026-10-02T00:00:00+05:30
624,Kansai Nerolac Paints Ltd.,KANSAINER.NS,Consumer Durables,Scored,,0.3338075261391864,0.6661924738608136,2038,INE531A01024,CONSOLIDATED,2026-06-30,228.41,2026-08-03T18:28:17+05:30,29,0,0.25,2026-09-30,2026-10-02T00:00:00+05:30
1877,PVP Ventures Limited,PVP.NS,Unspecified,Scored,,0.33350918700140947,0.6664908129985905,2039,INE362A01016,CONSOLIDATED,2026-06-30,11.0631,2026-08-14T19:56:03+05:30,24,0,0.5,2026-09-30,2026-10-02T00:00:00+05:30
613,Jana Small Finance Bank Ltd.,JSFB.NS,Financial Services,Scored,,0.33224163269527157,0.6677583673047285,2040,INE953L01027,STANDALONE,2026-06-30,155.23,2026-07-15T16:59:09+05:30,9,3,0.0,2026-09-30,2026-10-02T00:00:00+05:30
1971,Sahyadri Industries Limited,SAHYADRI.NS,Unspecified,Scored,,0.3309466588553168,0.6690533411446832,2041,INE280H01015,STANDALONE,2026-06-30,26.52,2026-08-12T16:23:02+05:30,14,0,0.75,2026-09-30,2026-10-02T00:00:00+05:30
1193,Ester Industries Limited,ESTER.NS,Unspecified,Scored,,0.330858650745936,0.669141349254064,2042,INE778B01029,CONSOLIDATED,2026-06-30,18.6182,2026-08-11T15:56:05+05:30,22,0,0.75,2026-09-30,2026-10-02T00:00:00+05:30
2283,Valiant Organics Limited,VALIANTORG.NS,Unspecified,Scored,,0.33057226407249396,0.669427735927506,2043,INE565V01010,CONSOLIDATED,2026-06-30,29.2633,2026-08-12T17:11:23+05:30,21,0,0.5,2026-09-30,2026-10-02T00:00:00+05:30
1209,FDC Limited,FDC.NS,Unspecified,Scored,,0.33017127393507556,0.6698287260649245,2044,INE258B01022,CONSOLIDATED,2026-06-30,132.49,2026-08-05T17:35:16+05:30,29,0,0.5,2026-09-30,2026-10-02T00:00:00+05:30
680,RattanIndia Power Ltd.,RTNPOWER.NS,Power,Scored,,0.3297550102692096,0.6702449897307904,2045,INE399K01017,CONSOLIDATED,2026-06-30,45.85,2026-07-24T16:34:17+05:30,28,0,0.5,2026-09-30,2026-10-02T00:00:00+05:30
539,Bajaj Electricals Ltd,BAJAJELEC.NS,Consumer Durables,Scored,,0.32882447164189,0.67117552835811,2046,INE193E01025,CONSOLIDATED,2026-06-30,48.38,2026-08-06T16:13:03+05:30,28,0,0.5,2026-09-30,2026-10-02T00:00:00+05:30
1761,Nalwa Sons Investments Limited,NSIL.NS,Unspecified,Scored,,0.32840670371886393,0.6715932962811361,2047,INE023A01030,CONSOLIDATED,2026-06-30,26.6899,2026-08-07T19:17:16+05:30,25,0,0.25,2026-09-30,2026-10-02T00:00:00+05:30
1397,Indian Card Clothing Company Limited,INDIANCARD.NS,Unspecified,Scored,,0.3275706337625058,0.6724293662374943,2048,INE061A01014,CONSOLIDATED,2026-06-30,4.5642,2026-08-14T19:46:34+05:30,27,0,0.5,2026-09-30,2026-10-02T00:00:00+05:30
1703,Nagreeka Capital & Infrastructure Limited,NAGREEKCAP.NS,Unspecified,Scored,,0.3251866592696441,0.6748133407303559,2049,INE245I01016,STANDALONE,2026-06-30,3.5531,2026-08-12T18:25:03+05:30,27,0,0.5,2026-09-30,2026-10-02T00:00:00+05:30
983,Bhartiya International Limited,BIL.NS,Unspecified,Scored,,0.3240816249694398,0.6759183750305602,2050,INE828A01016,CONSOLIDATED,2026-06-30,17.7627,2026-08-13T17:19:12+05:30,29,0,0.5,2026-09-30,2026-10-02T00:00:00+05:30
431,PCBL Chemical Ltd.,PCBL.NS,Chemicals,Scored,,0.3228950179281625,0.6771049820718376,2051,INE602A01031,CONSOLIDATED,2026-06-30,154.93,2026-07-29T18:28:15+05:30,27,0,0.5,2026-09-30,2026-10-02T00:00:00+05:30
1995,Sarla Performance Fibers Limited,SARLAPOLY.NS,Unspecified,Scored,,0.320392782689078,0.679607217310922,2052,INE453D01025,CONSOLIDATED,2026-06-30,37.2824,2026-08-05T17:59:12+05:30,24,0,0.25,2026-09-30,2026-10-02T00:00:00+05:30
2160,Surana Solar Limited,SURANASOL.NS,Unspecified,Scored,,0.3201478203491568,0.6798521796508432,2053,INE272L01022,STANDALONE,2026-06-30,5.4407,2026-07-25T15:41:08+05:30,31,3,0.3333333333333333,2026-09-30,2026-10-02T00:00:00+05:30
296,Chambal Fertilizers & Chemicals Ltd.,CHAMBLFERT.NS,Chemicals,Scored,,0.31924525084759786,0.6807547491524022,2054,INE085A01013,CONSOLIDATED,2026-06-30,523.6,2026-07-30T18:45:20+05:30,28,0,0.5,2026-09-30,2026-10-02T00:00:00+05:30
514,Aditya Vision Ltd.,AVL.NS,Consumer Services,Scored,,0.3187655435265178,0.6812344564734822,2055,INE679V01027,STANDALONE,2026-06-30,77.22,2026-07-31T16:48:13+05:30,8,0,0.5,2026-09-30,2026-10-02T00:00:00+05:30
1003,Bodal Chemicals Limited,BODALCHEM.NS,Unspecified,Scored,,0.3184649998914735,0.6815350001085265,2056,INE338D01028,CONSOLIDATED,2026-06-30,30.379,2026-08-05T18:52:10+05:30,28,0,0.25,2026-09-30,2026-10-02T00:00:00+05:30
566,Electronics Mart India Ltd.,EMIL.NS,Consumer Services,Scored,,0.31779579965269944,0.6822042003473006,2057,INE02YR01019,CONSOLIDATED,2026-06-30,120.637,2026-08-07T18:24:10+05:30,15,0,0.75,2026-09-30,2026-10-02T00:00:00+05:30
1233,Galaxy Surfactants Limited,GALAXYSURF.NS,Unspecified,Scored,,0.3170369493472061,0.682963050652794,2058,INE600K01018,CONSOLIDATED,2026-06-30,165.92,2026-08-13T18:04:16+05:30,33,0,0.5,2026-09-30,2026-10-02T00:00:00+05:30
1685,The Motor & General Finance Limited,MOTOGENFIN.NS,Unspecified,Scored,,0.315391376219333,0.684608623780667,2059,INE861B01023,CONSOLIDATED,2026-06-30,2.2663,2026-08-11T17:13:09+05:30,29,0,0.5,2026-09-30,2026-10-02T00:00:00+05:30
1268,GKW Limited,GKWLIMITED.NS,Unspecified,Scored,,0.3117791304548797,0.6882208695451203,2060,INE528A01020,STANDALONE,2026-06-30,10.7827,2026-08-03T18:36:17+05:30,29,0,0.5,2026-09-30,2026-10-02T00:00:00+05:30
2222,Tamilnadu PetroProducts Limited,TNPETRO.NS,Unspecified,Scored,,0.31121888859155844,0.6887811114084416,2061,INE148A01019,CONSOLIDATED,2026-06-30,80.11,2026-08-11T16:26:10+05:30,29,0,0.25,2026-09-30,2026-10-02T00:00:00+05:30
1316,Gujarat Alkalies and Chemicals Limited,GUJALKALI.NS,Unspecified,Scored,,0.3106779805852295,0.6893220194147704,2062,INE186A01019,CONSOLIDATED,2026-06-30,54.98,2026-07-23T19:05:07+05:30,29,0,0.75,2026-09-30,2026-10-02T00:00:00+05:30
1675,Meghmani Organics Limited,MOL.NS,Unspecified,Scored,,0.3088946151324443,0.6911053848675557,2063,INE0CT101020,CONSOLIDATED,2026-06-30,48.1938,2026-07-29T17:55:05+05:30,19,0,0.5,2026-09-30,2026-10-02T00:00:00+05:30
2282,Valiant Laboratories Limited,VALIANTLAB.NS,Unspecified,Scored,,0.3074523473283217,0.6925476526716783,2064,INE0JWS01017,CONSOLIDATED,2026-06-30,21.103,2026-08-10T20:53:54+05:30,12,0,0.5,2026-09-30,2026-10-02T00:00:00+05:30
676,Rallis India Ltd.,RALLIS.NS,Chemicals,Scored,,0.3058821334919753,0.6941178665080248,2065,INE613A01020,STANDALONE,2026-06-30,125.0,2026-07-20T20:59:22+05:30,16,0,0.5,2026-09-30,2026-10-02T00:00:00+05:30
2161,Surana Telecom and Power Limited,SURANAT&P.NS,Unspecified,Scored,,0.30471636621848786,0.6952836337815121,2066,INE130B01031,CONSOLIDATED,2026-06-30,11.0044,2026-08-07T15:22:06+05:30,28,0,0.5,2026-09-30,2026-10-02T00:00:00+05:30
456,Sammaan Capital Ltd.,SAMMAANCAP.NS,Financial Services,Scored,,0.30302412790377115,0.6969758720962289,2067,INE148I01020,CONSOLIDATED,2026-06-30,243.3,2026-08-13T19:44:00+05:30,23,0,0.5,2026-09-30,2026-10-02T00:00:00+05:30
2375,Zuari Agro Chemicals Limited,ZUARI.NS,Unspecified,Scored,,0.30293988326079735,0.6970601167392027,2068,INE840M01016,CONSOLIDATED,2026-06-30,118.7,2026-07-31T15:14:03+05:30,30,0,0.5,2026-09-30,2026-10-02T00:00:00+05:30
2357,West Coast Paper Mills Limited,WSTCSTPAPR.NS,Unspecified,Scored,,0.30204006521936827,0.6979599347806318,2069,INE976A01021,CONSOLIDATED,2026-06-30,141.8437,2026-08-12T18:28:15+05:30,27,3,0.5,2026-09-30,2026-10-02T00:00:00+05:30
952,BASF India Limited,BASF.NS,Unspecified,Scored,,0.30145161645739993,0.6985483835426001,2070,INE373A01013,CONSOLIDATED,2026-06-30,360.29,2026-08-04T15:55:12+05:30,12,0,0.5,2026-09-30,2026-10-02T00:00:00+05:30
217,IDFC First Bank,IDFCFIRSTB.NS,Banks,Scored,,0.2997321593445319,0.7002678406554681,2071,INE092T01019,CONSOLIDATED,2026-06-30,1147.82,2026-07-25T16:34:13+05:30,24,0,0.5,2026-09-30,2026-10-02T00:00:00+05:30
1711,Nath Bio-Genes (India) Limited,NATHBIOGEN.NS,Unspecified,Scored,,0.2971431258903934,0.7028568741096066,2072,INE448G01010,CONSOLIDATED,2026-06-30,32.2618,2026-07-29T16:22:14+05:30,11,0,0.25,2026-09-30,2026-10-02T00:00:00+05:30
1367,Hindustan Media Ventures Limited,HMVL.NS,Unspecified,Scored,,0.2967258734123646,0.7032741265876354,2073,INE871K01015,CONSOLIDATED,2026-06-30,51.17,2026-08-04T16:24:07+05:30,26,3,0.0,2026-09-30,2026-10-02T00:00:00+05:30
313,Deepak Fertilisers & Petrochemicals Corp. Ltd.,DEEPAKFERT.NS,Chemicals,Scored,,0.29551751974460544,0.7044824802553946,2074,INE501A01019,CONSOLIDATED,2026-06-30,490.04,2026-07-30T13:58:08+05:30,31,0,0.25,2026-09-30,2026-10-02T00:00:00+05:30
458,Sarda Energy and Minerals Ltd.,SARDAEN.NS,Metals & Mining,Scored,,0.29489386687922853,0.7051061331207715,2075,INE385C01021,CONSOLIDATED,2026-06-30,478.13,2026-08-01T15:37:02+05:30,30,0,0.25,2026-09-30,2026-10-02T00:00:00+05:30
565,Edelweiss Financial Services Ltd.,EDELWEISS.NS,Financial Services,Scored,,0.29463859924637437,0.7053614007536256,2076,INE532F01054,CONSOLIDATED,2026-06-30,134.37,2026-08-06T17:17:07+05:30,28,0,0.5,2026-09-30,2026-10-02T00:00:00+05:30
606,Inox Green Energy Services Ltd.,INOXGREEN.NS,Services,Scored,,0.29310508047672246,0.7068949195232775,2077,INE510W01014,CONSOLIDATED,2026-06-30,40.79,2026-08-07T20:56:17+05:30,12,3,0.5,2026-09-30,2026-10-02T00:00:00+05:30
1966,Sadbhav Infrastructure Project Limited,SADBHIN.NS,Unspecified,Scored,,0.2926264153542567,0.7073735846457433,2078,INE764L01010,CONSOLIDATED,2026-06-30,52.955,2026-08-11T23:24:24+05:30,28,3,0.0,2026-09-30,2026-10-02T00:00:00+05:30
468,Sumitomo Chemical India Ltd.,SUMICHEM.NS,Chemicals,Scored,,0.2922863261582291,0.7077136738417709,2079,INE258G01013,CONSOLIDATED,2026-06-30,214.514,2026-07-27T15:38:04+05:30,26,0,0.5,2026-09-30,2026-10-02T00:00:00+05:30
1493,KCP Sugar and Industries Corporation Limited,KCPSUGIND.NS,Unspecified,Scored,,0.29163995089419265,0.7083600491058073,2080,INE790B01024,CONSOLIDATED,2026-06-30,46.2477,2026-08-12T17:11:14+05:30,25,3,0.5,2026-09-30,2026-10-02T00:00:00+05:30
1718,Naga Dhunseri Group Limited,NDGL.NS,Unspecified,Scored,,0.2899298730125976,0.7100701269874024,2081,INE756C01015,CONSOLIDATED,2026-06-30,38.4062,2026-08-14T15:26:08+05:30,15,0,0.25,2026-09-30,2026-10-02T00:00:00+05:30
1097,DCM Nouvelle Limited,DCMNVL.NS,Unspecified,Scored,,0.2853512761217883,0.7146487238782118,2082,INE08KP01019,CONSOLIDATED,2026-06-30,27.53,2026-08-07T19:03:42+05:30,18,0,0.75,2026-09-30,2026-10-02T00:00:00+05:30
2104,Savita Oil Technologies Limited,SOTL.NS,Unspecified,Scored,,0.28433561858577655,0.7156643814142234,2083,INE035D01020,CONSOLIDATED,2026-06-30,288.055,2026-08-05T19:27:10+05:30,18,0,0.5,2026-09-30,2026-10-02T00:00:00+05:30
1522,Kolte - Patil Developers Limited,KOLTEPATIL.NS,Unspecified,Scored,,0.2839265774744091,0.7160734225255909,2084,INE094I01018,CONSOLIDATED,2026-06-30,146.66,2026-08-10T18:38:11+05:30,31,0,0.75,2026-09-30,2026-10-02T00:00:00+05:30
1249,Gayatri Projects Limited,GAYAPROJ.NS,Unspecified,Scored,,0.28091361518020774,0.7190863848197923,2085,INE336H01023,CONSOLIDATED,2026-06-30,37.1174,2026-08-12T17:40:07+05:30,20,0,0.5,2026-09-30,2026-10-02T00:00:00+05:30
2353,Wonderla Holidays Limited,WONDERLA.NS,Unspecified,Scored,,0.2786242484229694,0.7213757515770306,2086,INE066O01014,STANDALONE,2026-06-30,72.7966,2026-08-04T15:28:06+05:30,30,0,0.75,2026-09-30,2026-10-02T00:00:00+05:30
1373,HT Media Limited,HTMEDIA.NS,Unspecified,Scored,,0.27793942872789185,0.7220605712721082,2087,INE501G01024,CONSOLIDATED,2026-06-30,43.51,2026-08-05T16:04:08+05:30,30,3,0.5,2026-09-30,2026-10-02T00:00:00+05:30
1620,Manugraph India Limited,MANUGRAPH.NS,Unspecified,Scored,,0.27789378822645244,0.7221062117735475,2088,INE867A01022,STANDALONE,2026-06-30,7.4644,2026-08-11T16:34:11+05:30,18,0,0.5,2026-09-30,2026-10-02T00:00:00+05:30
2066,Sical Logistics Limited,SICALLOG.NS,Unspecified,Scored,,0.27666856690232566,0.7233314330976743,2089,INE075B01020,CONSOLIDATED,2026-06-30,21.24,2026-08-14T19:20:06+05:30,11,0,0.75,2026-09-30,2026-10-02T00:00:00+05:30
1265,Gujarat Industries Power Company Limited,GIPCL.NS,Unspecified,Scored,,0.27658618668479895,0.723413813315201,2090,INE162A01010,STANDALONE,2026-06-30,157.897,2026-08-11T18:20:07+05:30,33,0,0.25,2026-09-30,2026-10-02T00:00:00+05:30
499,Welspun Corp Ltd.,WELCORP.NS,Capital Goods,Scored,,0.2752651022350816,0.7247348977649184,2091,INE191B01025,CONSOLIDATED,2026-06-30,1047.88,2026-07-24T17:40:08+05:30,30,0,0.75,2026-09-30,2026-10-02T00:00:00+05:30
2252,UFLEX Limited,UFLEX.NS,Unspecified,Scored,,0.2748055237342759,0.7251944762657241,2092,INE516A01017,CONSOLIDATED,2026-06-30,423.08,2026-08-14T20:07:13+05:30,32,0,0.75,2026-09-30,2026-10-02T00:00:00+05:30
1048,Cheviot Company Limited,CHEVIOT.NS,Unspecified,Scored,,0.2720320946825933,0.7279679053174066,2093,INE974B01016,STANDALONE,2026-06-30,45.2915,2026-08-05T12:31:06+05:30,17,0,0.5,2026-09-30,2026-10-02T00:00:00+05:30
774,21st Century Management Services Limited,21STCENMGM.NS,Unspecified,Scored,,0.27188558545291047,0.7281144145470895,2094,INE253B01015,CONSOLIDATED,2026-06-30,9.1364,2026-08-13T16:43:09+05:30,29,0,0.5,2026-09-30,2026-10-02T00:00:00+05:30
96,Motil.Oswal.Fin.,MOTILALOFS.NS,Financial Services,Scored,,0.2717005118899841,0.7282994881100159,2095,INE338I01027,CONSOLIDATED,2026-06-30,1273.7049,2026-07-23T17:40:31+05:30,29,0,0.5,2026-09-30,2026-10-02T00:00:00+05:30
27,Dixon Technolog.,DIXON.NS,Consumer Electronics,Scored,,0.2700482845051974,0.7299517154948025,2096,INE935N01020,CONSOLIDATED,2026-06-30,717.83,2026-07-31T18:12:59+05:30,30,0,0.5,2026-09-30,2026-10-02T00:00:00+05:30
2260,Unichem Laboratories Limited,UNICHEMLAB.NS,Unspecified,Scored,,0.26807087734902324,0.7319291226509768,2097,INE351A01035,CONSOLIDATED,2026-06-30,41.47,2026-08-11T14:00:09+05:30,28,0,0.5,2026-09-30,2026-10-02T00:00:00+05:30
469,Sun TV Network Ltd.,SUNTV.NS,Media Entertainment & Publication,Scored,,0.26800448925580034,0.7319955107441997,2098,INE424H01027,CONSOLIDATED,2026-06-30,619.07,2026-08-12T16:58:14+05:30,27,0,0.25,2026-09-30,2026-10-02T00:00:00+05:30
1708,Nahar Spinning Mills Limited,NAHARSPING.NS,Unspecified,Scored,,0.26631299389570906,0.7336870061042909,2099,INE290A01027,STANDALONE,2026-06-30,69.8772,2026-08-05T16:25:12+05:30,32,0,0.5,2026-09-30,2026-10-02T00:00:00+05:30
2279,Vadilal Industries Limited,VADILALIND.NS,Unspecified,Scored,,0.2655154645804874,0.7344845354195126,2100,INE694D01016,CONSOLIDATED,2026-06-30,130.91,2026-08-12T17:33:09+05:30,31,3,0.0,2026-09-30,2026-10-02T00:00:00+05:30
712,Sterlite Technologies Ltd.,STLTECH.NS,Telecommunication,Scored,,0.26521159638074054,0.7347884036192595,2101,INE089C01029,CONSOLIDATED,2026-06-30,197.0,2026-07-24T15:22:17+05:30,30,0,0.5,2026-09-30,2026-10-02T00:00:00+05:30
430,Onesource Specialty Pharma Ltd.,ONESOURCE.NS,Healthcare,Scored,,0.26451549761667104,0.735484502383329,2102,INE013P01021,CONSOLIDATED,2026-06-30,24.997,2026-07-24T19:28:06+05:30,8,0,0.75,2026-09-30,2026-10-02T00:00:00+05:30
1782,Oricon Enterprises Limited,ORICONENT.NS,Unspecified,Scored,,0.2619419716755541,0.7380580283244459,2103,INE730A01022,CONSOLIDATED,2026-06-30,15.495,2026-08-12T20:58:17+05:30,21,4,1.0,2026-09-30,2026-10-02T00:00:00+05:30
309,DCM Shriram Ltd.,DCMSHRIRAM.NS,Diversified,Scored,,0.25970437903985794,0.7402956209601421,2104,INE499A01024,CONSOLIDATED,2026-06-30,693.44,2026-07-28T17:45:16+05:30,31,0,1.0,2026-09-30,2026-10-02T00:00:00+05:30
1403,Indoco Remedies Limited,INDOCO.NS,Unspecified,Scored,,0.2523969389452408,0.7476030610547593,2105,INE873D01024,CONSOLIDATED,2026-06-30,65.44,2026-07-28T13:06:12+05:30,28,0,0.75,2026-09-30,2026-10-02T00:00:00+05:30
166,Bajaj Holdings,BAJAJHLDNG.NS,Financial Services,Scored,,0.2516948095136916,0.7483051904863084,2106,INE118A01012,CONSOLIDATED,2026-06-30,2708.08,2026-07-31T17:51:15+05:30,29,0,0.75,2026-09-30,2026-10-02T00:00:00+05:30
2326,VLS Finance Limited,VLSFINANCE.NS,Unspecified,Scored,,0.24821172961864862,0.7517882703813514,2107,INE709A01018,CONSOLIDATED,2026-06-30,95.9875,2026-08-11T18:39:09+05:30,23,0,0.5,2026-09-30,2026-10-02T00:00:00+05:30
385,Jaiprakash Power Ventures Ltd.,JPPOWER.NS,Power,Scored,,0.2463296779736638,0.7536703220263362,2108,INE351F01018,CONSOLIDATED,2026-06-30,468.84,2026-07-20T19:34:13+05:30,22,0,0.25,2026-09-30,2026-10-02T00:00:00+05:30
477,Tata Investment Corporation Ltd.,TATAINVEST.NS,Financial Services,Scored,,0.24385513263089265,0.7561448673691074,2109,INE672A01026,CONSOLIDATED,2026-06-30,143.51,2026-08-04T18:57:11+05:30,27,0,0.5,2026-09-30,2026-10-02T00:00:00+05:30
1391,Imagicaaworld Entertainment Limited,IMAGICAA.NS,Unspecified,Scored,,0.24248736230176687,0.7575126376982331,2110,INE172N01012,CONSOLIDATED,2026-06-30,57.5745,2026-08-07T16:45:14+05:30,27,0,0.75,2026-09-30,2026-10-02T00:00:00+05:30
915,Aurum PropTech Limited,AURUM.NS,Unspecified,Scored,,0.24133434550285107,0.758665654497149,2111,INE898S01029,CONSOLIDATED,2026-06-30,45.18,2026-07-20T17:14:20+05:30,25,3,1.0,2026-09-30,2026-10-02T00:00:00+05:30
1198,Everest Industries Limited,EVERESTIND.NS,Unspecified,Scored,,0.24102642187459064,0.7589735781254093,2112,INE295A01018,CONSOLIDATED,2026-06-30,102.0934,2026-07-27T20:15:13+05:30,29,0,0.25,2026-09-30,2026-10-02T00:00:00+05:30
837,Albert David Limited,ALBERTDAVD.NS,Unspecified,Scored,,0.237993310934334,0.762006689065666,2113,INE155C01010,STANDALONE,2026-06-30,31.9978,2026-08-06T15:18:08+05:30,33,0,0.5,2026-09-30,2026-10-02T00:00:00+05:30
2108,Spacenet Enterprises India Limited,SPCENET.NS,Unspecified,Scored,,0.23094691048582133,0.7690530895141787,2114,INE970N01027,CONSOLIDATED,2026-06-30,13.7619,2026-08-14T17:07:17+05:30,20,0,0.75,2026-09-30,2026-10-02T00:00:00+05:30
1664,MM Forgings Limited,MMFL.NS,Unspecified,Scored,,0.2274337099421184,0.7725662900578816,2115,INE227C01017,CONSOLIDATED,2026-06-30,90.4244,2026-08-14T20:43:21+05:30,26,3,0.5,2026-09-30,2026-10-02T00:00:00+05:30
115,Siemens,SIEMENS.NS,Capital Goods,Scored,,0.226515005774642,0.773484994225358,2116,INE003A01024,CONSOLIDATED,2026-06-30,2143.1,2026-08-11T14:30:18+05:30,15,3,1.0,2026-09-30,2026-10-02T00:00:00+05:30
1705,Nahar Capital and Financial Services Limited,NAHARCAP.NS,Unspecified,Scored,,0.2153820220360727,0.7846179779639273,2117,INE049I01012,CONSOLIDATED,2026-06-30,67.4387,2026-08-05T17:22:13+05:30,25,0,0.75,2026-09-30,2026-10-02T00:00:00+05:30
1602,Maithan Alloys Limited,MAITHANALL.NS,Unspecified,Scored,,0.2101023671823372,0.7898976328176628,2118,INE683C01011,CONSOLIDATED,2026-06-30,395.72,2026-08-13T16:53:48+05:30,27,0,0.5,2026-09-30,2026-10-02T00:00:00+05:30
2076,SIL Investments Limited,SILINV.NS,Unspecified,Scored,,0.2087381627354783,0.7912618372645217,2119,INE923A01015,CONSOLIDATED,2026-06-30,20.54,2026-08-13T18:52:37+05:30,23,0,0.5,2026-09-30,2026-10-02T00:00:00+05:30
626,Kaveri Seed Company Ltd.,KSCL.NS,Fast Moving Consumer Goods,Scored,,0.20523365568029592,0.794766344319704,2120,INE455I01029,CONSOLIDATED,2026-06-30,279.8366,2026-08-13T17:49:19+05:30,29,0,0.5,2026-09-30,2026-10-02T00:00:00+05:30
2074,Standard Industries Limited,SIL.NS,Unspecified,Scored,,0.20476779763909939,0.7952322023609006,2121,INE173A01025,CONSOLIDATED,2026-06-30,80.3894,2026-08-10T15:51:04+05:30,25,0,0.5,2026-09-30,2026-10-02T00:00:00+05:30
2300,Vardhman Holdings Limited,VHL.NS,Unspecified,Scored,,0.19337163089704412,0.8066283691029559,2122,INE701A01023,CONSOLIDATED,2026-06-30,98.08,2026-08-06T15:42:54+05:30,25,0,0.5,2026-09-30,2026-10-02T00:00:00+05:30
1986,The Sandesh Limited,SANDESH.NS,Unspecified,Scored,,0.19286450765147944,0.8071354923485206,2123,INE583B01015,CONSOLIDATED,2026-06-30,99.4861,2026-08-05T19:24:08+05:30,27,0,0.5,2026-09-30,2026-10-02T00:00:00+05:30
40,Authum Invest,AIIL.NS,Financial Services,Scored,,0.18744171518342104,0.812558284816579,2124,INE206F01022,CONSOLIDATED,2026-06-30,1108.22,2026-07-20T20:30:37+05:30,10,0,0.25,2026-09-30,2026-10-02T00:00:00+05:30
2007,Shipping Corporation of India Land and Assets Limited,SCILAL.NS,Unspecified,Scored,,0.17926858727757258,0.8207314127224274,2125,INE0PB301013,STANDALONE,2026-06-30,14.02,2026-08-04T18:20:13+05:30,11,0,0.5,2026-09-30,2026-10-02T00:00:00+05:30
1425,International Conveyors Limited,INTLCONV.NS,Unspecified,Scored,,0.1781627605212257,0.8218372394787743,2126,INE575C01027,CONSOLIDATED,2026-06-30,119.82,2026-08-14T21:49:22+05:30,19,0,0.5,2026-09-30,2026-10-02T00:00:00+05:30
1171,Elgi Rubber Company Limited,ELGIRUBCO.NS,Unspecified,Scored,,0.16398412071297472,0.8360158792870253,2127,INE819L01012,CONSOLIDATED,2026-06-30,40.8468,2026-08-12T19:12:13+05:30,29,0,0.25,2026-09-30,2026-10-02T00:00:00+05:30
809,Aeroflex Enterprises Limited,AEROENTER.NS,Unspecified,Scored,,0.16151602438257273,0.8384839756174273,2128,INE065D01027,CONSOLIDATED,2026-06-30,103.2211,2026-08-11T17:52:17+05:30,15,0,1.0,2026-09-30,2026-10-02T00:00:00+05:30
1153,Dhunseri Ventures Limited,DVL.NS,Unspecified,Scored,,0.14545789709234933,0.8545421029076506,2129,INE477B01010,CONSOLIDATED,2026-06-30,174.2924,2026-08-10T15:08:11+05:30,17,0,0.5,2026-09-30,2026-10-02T00:00:00+05:30
1511,Kiri Industries Limited,KIRIINDUS.NS,Unspecified,Scored,,0.1391915834656252,0.8608084165343748,2130,INE415I01015,CONSOLIDATED,2026-06-30,290.696,2026-08-12T13:49:12+05:30,29,0,0.5,2026-09-30,2026-10-02T00:00:00+05:30
1346,Hester Biosciences Limited,HESTERBIO.NS,Unspecified,Scored,,0.13847311152981193,0.8615268884701881,2131,INE782E01017,CONSOLIDATED,2026-06-30,96.732,2026-07-30T11:55:12+05:30,27,0,0.5,2026-09-30,2026-10-02T00:00:00+05:30
1121,Dhunseri Investments Limited,DHUNINV.NS,Unspecified,Scored,,0.13452767252628112,0.8654723274737188,2132,INE320L01011,CONSOLIDATED,2026-06-30,193.7854,2026-08-13T19:33:08+05:30,25,0,0.5,2026-09-30,2026-10-02T00:00:00+05:30
2210,Themis Medicare Limited,THEMISMED.NS,Unspecified,Scored,,0.13284990468490282,0.8671500953150972,2133,INE083B01024,CONSOLIDATED,2026-06-30,24.6114,2026-08-13T14:47:07+05:30,26,0,0.75,2026-09-30,2026-10-02T00:00:00+05:30
1455,Jindal Photo Limited,JINDALPHOT.NS,Unspecified,Scored,,0.1274968370342597,0.8725031629657403,2134,INE796G01012,CONSOLIDATED,2026-06-30,13.08,2026-08-13T19:33:24+05:30,29,0,0.5,2026-09-30,2026-10-02T00:00:00+05:30
1582,Landmark Property Development Company Limited,LPDC.NS,Unspecified,Scored,,0.12668385124181697,0.8733161487581831,2135,INE197J01017,STANDALONE,2026-06-30,6.9643,2026-08-12T18:48:21+05:30,31,0,0.75,2026-09-30,2026-10-02T00:00:00+05:30
2272,Universus Photo Imagings Limited,UNIVPHOTO.NS,Unspecified,Scored,,0.11630029381479105,0.883699706185209,2136,INE03V001013,CONSOLIDATED,2026-06-30,45.33,2026-08-12T22:36:47+05:30,26,0,0.75,2026-09-30,2026-10-02T00:00:00+05:30
2233,TRANSWORLD SHIPPING LINES LIMITED,TRANSWORLD.NS,Unspecified,Scored,,0.10356096189921783,0.8964390381007822,2137,INE757B01015,CONSOLIDATED,2026-06-30,29.51,2026-08-07T15:00:15+05:30,27,0,0.5,2026-09-30,2026-10-02T00:00:00+05:30
1312,GTL Limited,GTL.NS,Unspecified,Scored,,0.07881563732190719,0.9211843626780928,2138,INE043A01012,STANDALONE,2026-06-30,322.1792,2026-08-11T18:24:06+05:30,22,0,0.5,2026-09-30,2026-10-02T00:00:00+05:30
2285,Vardhman Polytex Limited,VARDMNPOLY.NS,Unspecified,Scored,,0.03019185255206975,0.9698081474479302,2139,INE835A01029,STANDALONE,2026-06-30,311.19,2026-08-10T19:40:14+05:30,22,0,0.75,2026-09-30,2026-10-02T00:00:00+05:30
1,ICICI AMC,ICICIPRULI.NS,Insurance,Unscored,Latest filing has an accounting-basis switch,,,,INE726G01019,STANDALONE,2026-06-30,386.18,2026-07-15T17:40:08+05:30,1,,,2026-09-30,2026-10-02T00:00:00+05:30
5,Siemens Ener.Ind,ENRIN.NS,Capital Goods,Unscored,Latest eligible quarter is not 2026-06-30,,,,INE1NPP01017,STANDALONE,2025-12-31,312.9,2026-02-13T16:54:16+05:30,3,,,2026-09-30,2026-10-02T00:00:00+05:30
17,Abbott India,ABBOTINDIA.NS,Pharmaceuticals,Unscored,No eligible filing under this ticker by the as-of time,,,,,,,,,0,,,2026-09-30,2026-10-02T00:00:00+05:30
23,Multi Comm. Exc.,MCX.NS,Financial Services,Unscored,No eligible filing under this ticker by the as-of time,,,,,,,,,0,,,2026-09-30,2026-10-02T00:00:00+05:30
43,A B B,ABB.NS,Capital Goods,Unscored,Latest eligible quarter is not 2026-06-30,,,,INE117A01022,CONSOLIDATED,2026-03-31,1783.65,2026-05-08T18:07:12+05:30,5,,,2026-09-30,2026-10-02T00:00:00+05:30
52,Schaeffler India,SCHAEFFLER.NS,Auto Ancillaries,Unscored,Latest eligible quarter is not 2026-06-30,,,,INE513A01022,CONSOLIDATED,2026-03-31,316.07,2026-04-29T18:15:28+05:30,9,,,2026-09-30,2026-10-02T00:00:00+05:30
88,Varun Beverages,VBL.NS,Beverages,Unscored,Latest eligible quarter is not 2026-06-30,,,,INE200M01039,CONSOLIDATED,2026-03-31,878.713,2026-04-27T15:04:50+05:30,23,,,2026-09-30,2026-10-02T00:00:00+05:30
140,Knowledge Realty,KRT.NS,Unspecified,Unscored,No eligible filing under this ticker by the as-of time,,,,,,,,,0,,,2026-09-30,2026-10-02T00:00:00+05:30
143,Power Grid Corpn,POWERGRID.NS,Power,Unscored,Latest eligible quarter is not 2026-06-30,,,,INE752E01010,CONSOLIDATED,2025-03-31,4142.87,2025-05-20T15:01:16+05:30,4,,,2026-09-30,2026-10-02T00:00:00+05:30
153,NTPC,NTPC.NS,Power,Unscored,Latest eligible quarter is not 2026-06-30,,,,INE733E01010,CONSOLIDATED,2024-03-31,6490.05,2024-05-25T00:21:14+05:30,1,,,2026-09-30,2026-10-02T00:00:00+05:30
154,Tata Power Co.,TATAPOWER.NS,Power,Unscored,No eligible filing under this ticker by the as-of time,,,,,,,,,0,,,2026-09-30,2026-10-02T00:00:00+05:30
158,NLC India,NLCINDIA.NS,Power,Unscored,Latest eligible quarter is not 2026-06-30,,,,INE589A01014,CONSOLIDATED,2023-06-30,413.57,2023-07-29T17:53:56+05:30,1,,,2026-09-30,2026-10-02T00:00:00+05:30
168,Adani Energy Sol,ADANIENSOL.NS,Power,Unscored,Latest eligible quarter is not 2026-06-30,,,,INE931S01010,CONSOLIDATED,2023-09-30,284.09,2023-11-07T14:42:51+05:30,2,,,2026-09-30,2026-10-02T00:00:00+05:30
186,Altius Telecom,543225.NS,Unspecified,Unscored,No eligible filing under this ticker by the as-of time,,,,,,,,,0,,,2026-09-30,2026-10-02T00:00:00+05:30
193,NHPC Ltd,NHPC.NS,Power,Unscored,No eligible filing under this ticker by the as-of time,,,,,,,,,0,,,2026-09-30,2026-10-02T00:00:00+05:30
205,Mindspace Busine,543217.NS,REIT,Unscored,No eligible filing under this ticker by the as-of time,,,,,,,,,0,,,2026-09-30,2026-10-02T00:00:00+05:30
221,I R F C,IRFC.NS,Financial Services,Unscored,Latest eligible quarter is not 2026-06-30,,,,INE053F01010,STANDALONE,2026-03-31,1684.31,2026-05-14T17:39:11+05:30,18,,,2026-09-30,2026-10-02T00:00:00+05:30
226,Embassy Off.REIT,542602.NS,REIT,Unscored,No eligible filing under this ticker by the as-of time,,,,,,,,,0,,,2026-09-30,2026-10-02T00:00:00+05:30
264,Ather Energy Ltd.,ATHERENERG.NS,Automobile and Auto Components,Unscored,Latest filing has an accounting-basis switch,,,,INE0LEZ01016,CONSOLIDATED,2026-06-30,-51.09,2026-08-03T16:06:25+05:30,1,,,2026-09-30,2026-10-02T00:00:00+05:30
271,Bayer Cropscience Ltd.,BAYERCROP.NS,Chemicals,Unscored,No eligible filing under this ticker by the as-of time,,,,,,,,,0,,,2026-09-30,2026-10-02T00:00:00+05:30
283,CRISIL Ltd.,CRISIL.NS,Financial Services,Unscored,Latest eligible quarter is not 2026-06-30,,,,INE007A01025,CONSOLIDATED,2026-03-31,233.26,2026-04-17T19:03:13+05:30,24,,,2026-09-30,2026-10-02T00:00:00+05:30
290,Castrol India Ltd.,CASTROLIND.NS,Oil Gas & Consumable Fuels,Unscored,Latest eligible quarter is not 2026-06-30,,,,INE172A01027,STANDALONE,2025-12-31,244.67,2026-02-03T20:31:14+05:30,23,,,2026-09-30,2026-10-02T00:00:00+05:30
318,Dummy Vedanta Ltd. 1,DUMMYVEDL1.NS,Metals & Mining,Unscored,No eligible filing under this ticker by the as-of time,,,,,,,,,0,,,2026-09-30,2026-10-02T00:00:00+05:30
319,Dummy Vedanta Ltd. 2,DUMMYVEDL2.NS,Power,Unscored,No eligible filing under this ticker by the as-of time,,,,,,,,,0,,,2026-09-30,2026-10-02T00:00:00+05:30
320,Dummy Vedanta Ltd. 3,DUMMYVEDL3.NS,Oil Gas & Consumable Fuels,Unscored,No eligible filing under this ticker by the as-of time,,,,,,,,,0,,,2026-09-30,2026-10-02T00:00:00+05:30
321,Dummy Vedanta Ltd. 4,DUMMYVEDL4.NS,Metals & Mining,Unscored,No eligible filing under this ticker by the as-of time,,,,,,,,,0,,,2026-09-30,2026-10-02T00:00:00+05:30
353,Gujarat State Petronet Ltd.,GSPL.NS,Oil Gas & Consumable Fuels,Unscored,Latest eligible quarter is not 2026-06-30,,,,INE246F01010,CONSOLIDATED,2025-12-31,379.049,2026-01-22T18:29:37+05:30,25,,,2026-09-30,2026-10-02T00:00:00+05:30
354,H.E.G. Ltd.,HEG.NS,Capital Goods,Unscored,No eligible filing under this ticker by the as-of time,,,,,,,,,0,,,2026-09-30,2026-10-02T00:00:00+05:30
357,Hexaware Technologies Ltd.,HEXT.NS,Information Technology,Unscored,Latest eligible quarter is not 2026-06-30,,,,INE093A01041,CONSOLIDATED,2026-03-31,351.6,2026-05-06T21:34:11+05:30,5,,,2026-09-30,2026-10-02T00:00:00+05:30
378,J.B. Chemicals & Pharmaceuticals Ltd.,JBCHEPHARM.NS,Healthcare,Unscored,Latest eligible quarter is not 2026-06-30,,,,INE572A01036,CONSOLIDATED,2026-03-31,101.37,2026-05-11T21:40:04+05:30,28,,,2026-09-30,2026-10-02T00:00:00+05:30
409,MMTC Ltd.,MMTC.NS,Services,Unscored,Latest eligible quarter is not 2026-06-30,,,,INE123F01029,CONSOLIDATED,2023-09-30,52.045,2023-11-14T17:17:32+05:30,14,,,2026-09-30,2026-10-02T00:00:00+05:30
419,Narayana Hrudayalaya Ltd.,NH.NS,Healthcare,Unscored,Latest eligible quarter is not 2026-06-30,,,,INE410P01011,CONSOLIDATED,2025-09-30,258.495,2025-11-14T20:08:23+05:30,29,,,2026-09-30,2026-10-02T00:00:00+05:30
425,Niva Bupa Health Insurance Company Ltd.,NIVABUPA.NS,Financial Services,Unscored,Latest eligible quarter is not 2026-06-30,,,,INE995S01015,STANDALONE,2026-03-31,345.13,2026-05-08T20:09:23+05:30,5,,,2026-09-30,2026-10-02T00:00:00+05:30
453,SJVN Ltd.,SJVN.NS,Power,Unscored,Latest eligible quarter is not 2026-06-30,,,,INE002L01015,CONSOLIDATED,2019-06-30,422.51,2019-08-12T17:17:13+05:30,1,,,2026-09-30,2026-10-02T00:00:00+05:30
467,Star Health and Allied Insurance Company Ltd.,STARHEALTH.NS,Financial Services,Unscored,Latest eligible quarter is not 2026-06-30,,,,INE575P01011,STANDALONE,2026-03-31,111.33,2026-04-28T20:53:14+05:30,5,,,2026-09-30,2026-10-02T00:00:00+05:30
498,Vijaya Diagnostic Centre Ltd.,VIJAYA.NS,Healthcare,Unscored,Latest eligible quarter is not 2026-06-30,,,,INE043W01024,CONSOLIDATED,2026-03-31,47.9293,2026-05-07T23:06:05+05:30,18,,,2026-09-30,2026-10-02T00:00:00+05:30
509,Company Name,SYMBOL.NS,Industry,Unscored,No eligible filing under this ticker by the as-of time,,,,,,,,,0,,,2026-09-30,2026-10-02T00:00:00+05:30
548,CIE Automotive India Ltd.,CIEINDIA.NS,Automobile and Auto Components,Unscored,Latest eligible quarter is not 2026-06-30,,,,INE536H01010,CONSOLIDATED,2026-03-31,249.366,2026-04-23T19:24:49+05:30,22,,,2026-09-30,2026-10-02T00:00:00+05:30
577,Fujiyama Power Systems Ltd.,UTLSOLAR.NS,Capital Goods,Unscored,Latest filing has an accounting-basis switch,,,,INE12UR01024,CONSOLIDATED,2026-06-30,57.794,2026-08-13T21:05:11+05:30,1,,,2026-09-30,2026-10-02T00:00:00+05:30
578,GHCL Ltd.,GHCL.NS,Chemicals,Unscored,Latest filing has an accounting-basis switch,,,,INE539A01019,STANDALONE,2026-06-30,191.18,2026-08-01T16:04:06+05:30,5,,,2026-09-30,2026-10-02T00:00:00+05:30
587,Gujarat Gas Ltd.,GUJGASLTD.NS,Oil Gas & Consumable Fuels,Unscored,No eligible filing under this ticker by the as-of time,,,,,,,,,0,,,2026-09-30,2026-10-02T00:00:00+05:30
595,Hemisphere Properties India Ltd.,HEMIPROP.NS,Services,Unscored,Latest eligible quarter is not 2026-06-30,,,,INE0AJG01018,STANDALONE,2026-03-31,-1.7238,2026-05-20T18:01:51+05:30,18,,,2026-09-30,2026-10-02T00:00:00+05:30
602,India Shelter Finance Corporation Ltd.,INDIASHLTR.NS,Financial Services,Unscored,Latest filing has an accounting-basis switch,,,,INE922K01024,STANDALONE,2026-06-30,143.0171,2026-08-06T15:37:12+05:30,1,,,2026-09-30,2026-10-02T00:00:00+05:30
616,Jupiter Life Line Hospitals Ltd.,NSE:JLHL.NS,Healthcare,Unscored,No eligible filing under this ticker by the as-of time,,,,,,,,,0,,,2026-09-30,2026-10-02T00:00:00+05:30
623,KSB Ltd.,KSB.NS,Capital Goods,Unscored,Latest eligible quarter is not 2026-06-30,,,,INE999A01023,CONSOLIDATED,2026-03-31,39.8,2026-04-30T18:20:15+05:30,19,,,2026-09-30,2026-10-02T00:00:00+05:30
674,R Systems International Ltd.,RSYSTEMS.NS,Information Technology,Unscored,Latest eligible quarter is not 2026-06-30,,,,INE411H01032,CONSOLIDATED,2026-03-31,65.414,2026-05-06T21:27:10+05:30,22,,,2026-09-30,2026-10-02T00:00:00+05:30
675,Rain Industries Ltd,RAIN.NS,Chemicals,Unscored,Latest eligible quarter is not 2026-06-30,,,,INE855B01025,CONSOLIDATED,2026-03-31,157.864,2026-05-08T20:43:02+05:30,24,,,2026-09-30,2026-10-02T00:00:00+05:30
763,Dummy Allcargo Logistics Ltd.,DUMMYALCAR.NS,Services,Unscored,No eligible filing under this ticker by the as-of time,,,,,,,,,0,,,2026-09-30,2026-10-02T00:00:00+05:30
770,Sanofi Consumer Healthcare India Ltd.,SANOFICONR.NS,Healthcare,Unscored,Latest eligible quarter is not 2026-06-30,,,,INE0UOS01011,STANDALONE,2026-03-31,67.8,2026-04-28T16:42:07+05:30,5,,,2026-09-30,2026-10-02T00:00:00+05:30
775,3B Blackbio Dx Limited,3BBLACKBIO.NS,Unspecified,Unscored,No eligible filing under this ticker by the as-of time,,,,,,,,,0,,,2026-09-30,2026-10-02T00:00:00+05:30
793,ABM Knowledgeware Limited,ABMKNO.NS,Unspecified,Unscored,No eligible filing under this ticker by the as-of time,,,,,,,,,0,,,2026-09-30,2026-10-02T00:00:00+05:30
794,Accelya Solutions India Limited,ACCELYA.NS,Unspecified,Unscored,Latest eligible quarter is not 2026-06-30,,,,INE793A01012,CONSOLIDATED,2026-03-31,21.3753,2026-04-29T16:08:45+05:30,17,,,2026-09-30,2026-10-02T00:00:00+05:30
798,ACS Technologies Limited,ACSTECH.NS,Unspecified,Unscored,No eligible filing under this ticker by the as-of time,,,,,,,,,0,,,2026-09-30,2026-10-02T00:00:00+05:30
819,Agro Phos India Limited,AGROPHOS.NS,Unspecified,Unscored,Latest filing has an accounting-basis switch,,,,INE740V01019,STANDALONE,2026-06-30,1.3178,2026-08-13T18:00:50+05:30,19,,,2026-09-30,2026-10-02T00:00:00+05:30
830,AK Capital Services Limited,AKCAPIT.NS,Unspecified,Unscored,No eligible filing under this ticker by the as-of time,,,,,,,,,0,,,2026-09-30,2026-10-02T00:00:00+05:30
850,Ambalal Sarabhai Enterprises Limited,AMBALALSA.NS,Unspecified,Unscored,No eligible filing under this ticker by the as-of time,,,,,,,,,0,,,2026-09-30,2026-10-02T00:00:00+05:30
854,Amir Chand Jagdish Kumar (Exports) Limited,AMIRCHAND.NS,Unspecified,Unscored,No eligible filing under this ticker by the as-of time,,,,,,,,,0,,,2026-09-30,2026-10-02T00:00:00+05:30
861,Ankit Metal & Power Limited,ANKITMETAL.NS,Unspecified,Unscored,Latest eligible quarter is not 2026-06-30,,,,INE106I01010,STANDALONE,2023-12-31,-76.0602,2024-03-22T13:10:51+05:30,21,,,2026-09-30,2026-10-02T00:00:00+05:30
863,Ansal Properties & Infrastructure Limited,ANSALAPI.NS,Unspecified,Unscored,Latest eligible quarter is not 2026-06-30,,,,INE436A01026,STANDALONE,2026-03-31,-6.51,2026-09-29T20:24:16+05:30,7,,,2026-09-30,2026-10-02T00:00:00+05:30
865,Antarctica Limited,ANTGRAPHIC.NS,Unspecified,Unscored,Latest eligible quarter is not 2026-06-30,,,,INE414B01021,STANDALONE,2025-06-30,0.693,2025-08-13T16:58:13+05:30,26,,,2026-09-30,2026-10-02T00:00:00+05:30
879,Arihant Foundations & Housing Limited,ARIHANT.NS,Unspecified,Unscored,Latest eligible quarter is not 2026-06-30,,,,INE413D01011,CONSOLIDATED,2021-09-30,-5.01,2021-11-15T19:00:46+05:30,9,,,2026-09-30,2026-10-02T00:00:00+05:30
887,Arshiya Limited,ARSHIYA.NS,Unspecified,Unscored,Latest eligible quarter is not 2026-06-30,,,,INE968D01022,STANDALONE,2025-12-31,-0.0644,2026-06-02T08:52:10+05:30,5,,,2026-09-30,2026-10-02T00:00:00+05:30
897,Ashika Credit Capital Limited,ASHIKA.NS,Unspecified,Unscored,No eligible filing under this ticker by the as-of time,,,,,,,,,0,,,2026-09-30,2026-10-02T00:00:00+05:30
903,Bartronics India Limited,ASMS.NS,Unspecified,Unscored,Latest eligible quarter is not 2026-06-30,,,,INE855F01042,STANDALONE,2025-09-30,1.0043,2025-11-19T13:24:02+05:30,9,,,2026-09-30,2026-10-02T00:00:00+05:30
905,Asian Star Company Limited,ASTAR.NS,Unspecified,Unscored,No eligible filing under this ticker by the as-of time,,,,,,,,,0,,,2026-09-30,2026-10-02T00:00:00+05:30
907,Astron Paper & Board Mill Limited,ASTRON.NS,Unspecified,Unscored,Latest eligible quarter is not 2026-06-30,,,,INE646X01014,CONSOLIDATED,2024-09-30,-7.9231,2024-11-09T09:54:15+05:30,22,,,2026-09-30,2026-10-02T00:00:00+05:30
914,Auri Grow India Limited,AURIGROW.NS,Unspecified,Unscored,Latest eligible quarter is not 2026-06-30,,,,INE925Y01036,STANDALONE,2026-03-31,-1.3007,2026-05-27T21:00:04+05:30,18,,,2026-09-30,2026-10-02T00:00:00+05:30
920,Available Finance Limited,AVAILFC.NS,Unspecified,Unscored,No eligible filing under this ticker by the as-of time,,,,,,,,,0,,,2026-09-30,2026-10-02T00:00:00+05:30
923,AVG Logistics Limited-RE,AVG-RE.NS,Unspecified,Unscored,No eligible filing under this ticker by the as-of time,,,,,,,,,0,,,2026-09-30,2026-10-02T00:00:00+05:30
938,Bajaj Steel Industries Limited,BAJAJST.NS,Unspecified,Unscored,No eligible filing under this ticker by the as-of time,,,,,,,,,0,,,2026-09-30,2026-10-02T00:00:00+05:30
954,Batliboi Limited,BATLIBOI.NS,Unspecified,Unscored,No eligible filing under this ticker by the as-of time,,,,,,,,,0,,,2026-09-30,2026-10-02T00:00:00+05:30
963,Beekay Steel Industries Limited,BEEKAY.NS,Unspecified,Unscored,No eligible filing under this ticker by the as-of time,,,,,,,,,0,,,2026-09-30,2026-10-02T00:00:00+05:30
965,Bengal & Assam Company Limited,BENGALASM.NS,Unspecified,Unscored,No eligible filing under this ticker by the as-of time,,,,,,,,,0,,,2026-09-30,2026-10-02T00:00:00+05:30
977,Bharat Gears Limited,BHARATGEAR.NS,Unspecified,Unscored,Latest eligible quarter is not 2026-06-30,,,,INE561C01019,STANDALONE,2026-03-31,5.0672,2026-05-30T15:59:04+05:30,31,,,2026-09-30,2026-10-02T00:00:00+05:30
981,Bilcare Limited,BI.NS,Unspecified,Unscored,No eligible filing under this ticker by the as-of time,,,,,,,,,0,,,2026-09-30,2026-10-02T00:00:00+05:30
984,Bimetal Bearings Limited,BIMETAL.NS,Unspecified,Unscored,No eligible filing under this ticker by the as-of time,,,,,,,,,0,,,2026-09-30,2026-10-02T00:00:00+05:30
989,Birla Precision Technologies Limited,BIRLAPREC.NS,Unspecified,Unscored,No eligible filing under this ticker by the as-of time,,,,,,,,,0,,,2026-09-30,2026-10-02T00:00:00+05:30
990,Black Rose Inds. Limited,BLACKROSE.NS,Unspecified,Unscored,No eligible filing under this ticker by the as-of time,,,,,,,,,0,,,2026-09-30,2026-10-02T00:00:00+05:30
993,Balmer Lawrie Investments Limited,BLIL.NS,Unspecified,Unscored,No eligible filing under this ticker by the as-of time,,,,,,,,,0,,,2026-09-30,2026-10-02T00:00:00+05:30
1001,BN Agrochem Limited,BNAGROCHEM.NS,Unspecified,Unscored,No eligible filing under this ticker by the as-of time,,,,,,,,,0,,,2026-09-30,2026-10-02T00:00:00+05:30
1002,B & A Limited,BNALTD.NS,Unspecified,Unscored,No eligible filing under this ticker by the as-of time,,,,,,,,,0,,,2026-09-30,2026-10-02T00:00:00+05:30
1006,Bonlon Industries Limited,BONLON.NS,Unspecified,Unscored,Latest filing has an accounting-basis switch,,,,INE0B9A01018,STANDALONE,2026-06-30,1.7528,2026-08-14T19:20:09+05:30,1,,,2026-09-30,2026-10-02T00:00:00+05:30
1018,Bhilwara Technical Textiles Limited,BTTL.NS,Unspecified,Unscored,No eligible filing under this ticker by the as-of time,,,,,,,,,0,,,2026-09-30,2026-10-02T00:00:00+05:30
1041,Cerebra Integrated Technologies Limited,CEREBRAINT.NS,Unspecified,Unscored,Latest eligible quarter is not 2026-06-30,,,,INE345B01019,CONSOLIDATED,2026-03-31,-31.1494,2026-05-29T21:01:41+05:30,27,,,2026-09-30,2026-10-02T00:00:00+05:30
1057,Coastal Corporation Limited,COASTCORP.NS,Unspecified,Unscored,Latest eligible quarter is not 2026-06-30,,,,INE377E01024,CONSOLIDATED,2025-12-31,7.0924,2026-02-12T19:06:52+05:30,15,,,2026-09-30,2026-10-02T00:00:00+05:30
1058,John Cockerill India Limited,COCKERILL.NS,Unspecified,Unscored,No eligible filing under this ticker by the as-of time,,,,,,,,,0,,,2026-09-30,2026-10-02T00:00:00+05:30
1060,Comfort Intech Limited,COMFINTE.NS,Unspecified,Unscored,No eligible filing under this ticker by the as-of time,,,,,,,,,0,,,2026-09-30,2026-10-02T00:00:00+05:30
1061,Compuage Infocom Limited,COMPINFO.NS,Unspecified,Unscored,Latest eligible quarter is not 2026-06-30,,,,INE070C01037,CONSOLIDATED,2022-12-31,8.4945,2023-01-23T16:15:03+05:30,18,,,2026-09-30,2026-10-02T00:00:00+05:30
1081,Cybertech Systems And Software Limited,CYBERTECH.NS,Unspecified,Unscored,Latest eligible quarter is not 2026-06-30,,,,INE214A01019,CONSOLIDATED,2026-03-31,7.0674,2026-05-13T23:05:09+05:30,31,,,2026-09-30,2026-10-02T00:00:00+05:30
1083,Dai-Ichi Karkaria Limited,DAICHI.NS,Unspecified,Unscored,No eligible filing under this ticker by the as-of time,,,,,,,,,0,,,2026-09-30,2026-10-02T00:00:00+05:30
1104,Deccan Gold Mines Limited,DECNGOLD.NS,Unspecified,Unscored,No eligible filing under this ticker by the as-of time,,,,,,,,,0,,,2026-09-30,2026-10-02T00:00:00+05:30
1107,DELPHI WORLD MONEY LIMITED,DELPHIFX.NS,Unspecified,Unscored,Latest eligible quarter is not 2026-06-30,,,,INE726L01027,CONSOLIDATED,2026-03-31,-1.86,2026-05-29T00:31:59+05:30,3,,,2026-09-30,2026-10-02T00:00:00+05:30
1124,DIC India Limited,DICIND.NS,Unspecified,Unscored,Latest eligible quarter is not 2026-06-30,,,,INE303A01010,STANDALONE,2026-03-31,4.2365,2026-05-13T17:35:05+05:30,20,,,2026-09-30,2026-10-02T00:00:00+05:30
1130,Disa India Limited,DISAQ.NS,Unspecified,Unscored,No eligible filing under this ticker by the as-of time,,,,,,,,,0,,,2026-09-30,2026-10-02T00:00:00+05:30
1143,DPSC Limited,DPSCLTD.NS,Unspecified,Unscored,Latest eligible quarter is not 2026-06-30,,,,INE360C01024,CONSOLIDATED,2024-09-30,3.1525,2024-11-13T15:45:24+05:30,21,,,2026-09-30,2026-10-02T00:00:00+05:30
1145,Dr Agarwals Eye Hospital Limited,DRAGARWQ.NS,Unspecified,Unscored,No eligible filing under this ticker by the as-of time,,,,,,,,,0,,,2026-09-30,2026-10-02T00:00:00+05:30
1157,E2E Networks Limited,E2E.NS,Unspecified,Unscored,Latest filing has an accounting-basis switch,,,,INE255Z01027,CONSOLIDATED,2026-06-30,43.8821,2026-07-21T16:04:07+05:30,1,,,2026-09-30,2026-10-02T00:00:00+05:30
1167,Elantas Beck India Limited,ELANTAS.NS,Unspecified,Unscored,No eligible filing under this ticker by the as-of time,,,,,,,,,0,,,2026-09-30,2026-10-02T00:00:00+05:30
1168,EL CID Investments Limited,ELCIDIN.NS,Unspecified,Unscored,No eligible filing under this ticker by the as-of time,,,,,,,,,0,,,2026-09-30,2026-10-02T00:00:00+05:30
1173,Elitecon International Limited,ELITECON.NS,Unspecified,Unscored,No eligible filing under this ticker by the as-of time,,,,,,,,,0,,,2026-09-30,2026-10-02T00:00:00+05:30
1174,Elpro International Limited,ELPROINTL.NS,Unspecified,Unscored,No eligible filing under this ticker by the as-of time,,,,,,,,,0,,,2026-09-30,2026-10-02T00:00:00+05:30
1179,Empower India Limited,EMPOWER.NS,Unspecified,Unscored,No eligible filing under this ticker by the as-of time,,,,,,,,,0,,,2026-09-30,2026-10-02T00:00:00+05:30
1190,Essar Shipping Limited,ESSARSHPNG.NS,Unspecified,Unscored,Latest eligible quarter is not 2026-06-30,,,,INE122M01019,CONSOLIDATED,2025-06-30,27.36,2025-08-13T19:24:06+05:30,21,,,2026-09-30,2026-10-02T00:00:00+05:30
1191,Integra Essentia Limited-RE,ESSEN-RE3.NS,Unspecified,Unscored,No eligible filing under this ticker by the as-of time,,,,,,,,,0,,,2026-09-30,2026-10-02T00:00:00+05:30
1210,Fedders Holding Limited,FEDDERSHOL.NS,Unspecified,Unscored,No eligible filing under this ticker by the as-of time,,,,,,,,,0,,,2026-09-30,2026-10-02T00:00:00+05:30
1211,Future Enterprises Limited,FEL.NS,Unspecified,Unscored,Latest eligible quarter is not 2026-06-30,,,,INE623B01027,CONSOLIDATED,2022-03-31,-2295.91,2022-09-15T14:10:36+05:30,12,,,2026-09-30,2026-10-02T00:00:00+05:30
1212,Future Enterprises Limited,FELDVR.NS,Unspecified,Unscored,Latest eligible quarter is not 2026-06-30,,,,IN9623B01058,CONSOLIDATED,2022-03-31,-2295.91,2022-09-15T14:19:25+05:30,12,,,2026-09-30,2026-10-02T00:00:00+05:30
1223,Future Lifestyle Fashions Limited,FLFL.NS,Unspecified,Unscored,Latest eligible quarter is not 2026-06-30,,,,INE452O01016,CONSOLIDATED,2022-09-30,-7.533,2022-12-30T22:48:09+05:30,14,,,2026-09-30,2026-10-02T00:00:00+05:30
1228,Foseco India Limited,FOSECOIND.NS,Unspecified,Unscored,Latest eligible quarter is not 2026-06-30,,,,INE519A01011,CONSOLIDATED,2026-03-31,33.4869,2026-05-12T20:49:06+05:30,2,,,2026-09-30,2026-10-02T00:00:00+05:30
1230,Frontier Springs Limited,FRONTSP.NS,Unspecified,Unscored,No eligible filing under this ticker by the as-of time,,,,,,,,,0,,,2026-09-30,2026-10-02T00:00:00+05:30
1245,GACM Technologies Limited,GATECHDVR.NS,Unspecified,Unscored,Latest eligible quarter is not 2026-06-30,,,,INE224E01036,CONSOLIDATED,2026-03-31,1.6585,2026-05-29T19:01:08+05:30,21,,,2026-09-30,2026-10-02T00:00:00+05:30
1254,Generic Engineering Construction and Projects Limited,GENCON.NS,Unspecified,Unscored,Latest eligible quarter is not 2026-06-30,,,,INE854S01022,CONSOLIDATED,2026-03-31,1.8903,2026-06-25T22:40:10+05:30,4,,,2026-09-30,2026-10-02T00:00:00+05:30
1278,GM Breweries Limited,GMBREW.NS,Unspecified,Unscored,Latest eligible quarter is not 2026-06-30,,,,INE075D01018,CONSOLIDATED,2026-03-31,54.07,2026-04-09T12:45:39+05:30,1,,,2026-09-30,2026-10-02T00:00:00+05:30
1280,Gujarat Natural Resources Limited,GNRL.NS,Unspecified,Unscored,No eligible filing under this ticker by the as-of time,,,,,,,,,0,,,2026-09-30,2026-10-02T00:00:00+05:30
1286,Golden Tobacco Limited,GOLDENTOBC.NS,Unspecified,Unscored,Latest eligible quarter is not 2026-06-30,,,,INE973A01010,CONSOLIDATED,2021-12-31,-1.5529,2022-02-15T12:09:48+05:30,10,,,2026-09-30,2026-10-02T00:00:00+05:30
1290,Goodyear India Limited,GOODYEAR.NS,Unspecified,Unscored,No eligible filing under this ticker by the as-of time,,,,,,,,,0,,,2026-09-30,2026-10-02T00:00:00+05:30
1296,Grand Oak Canyons Distillery Limited,GRANDOAK.NS,Unspecified,Unscored,No eligible filing under this ticker by the as-of time,,,,,,,,,0,,,2026-09-30,2026-10-02T00:00:00+05:30
1297,Grauer & Weil India Limited,GRAUWEIL.NS,Unspecified,Unscored,No eligible filing under this ticker by the as-of time,,,,,,,,,0,,,2026-09-30,2026-10-02T00:00:00+05:30
1298,Graviss Hospitality Limited,GRAVISSHO.NS,Unspecified,Unscored,No eligible filing under this ticker by the as-of time,,,,,,,,,0,,,2026-09-30,2026-10-02T00:00:00+05:30
1308,Global Surfaces Limited,GSLSU.NS,Unspecified,Unscored,Latest eligible quarter is not 2026-06-30,,,,INE0JSX01015,CONSOLIDATED,2026-03-31,-23.38,2026-05-25T19:33:16+05:30,13,,,2026-09-30,2026-10-02T00:00:00+05:30
1319,Gujarat Themis Biosyn Limited,GUJTHEM.NS,Unspecified,Unscored,Latest filing has an accounting-basis switch,,,,INE942C01045,CONSOLIDATED,2026-06-30,11.0667,2026-08-07T17:38:16+05:30,1,,,2026-09-30,2026-10-02T00:00:00+05:30
1325,GVP Infotech Limited,GVPTECH.NS,Unspecified,Unscored,Latest eligible quarter is not 2026-06-30,,,,INE382T01030,STANDALONE,2025-12-31,-1.309,2026-02-10T18:42:26+05:30,11,,,2026-09-30,2026-10-02T00:00:00+05:30
1327,Haldyn Glass Limited,HALDYNGL.NS,Unspecified,Unscored,No eligible filing under this ticker by the as-of time,,,,,,,,,0,,,2026-09-30,2026-10-02T00:00:00+05:30
1336,Hawkins Cookers Limited,HAWKINCOOK.NS,Unspecified,Unscored,No eligible filing under this ticker by the as-of time,,,,,,,,,0,,,2026-09-30,2026-10-02T00:00:00+05:30
1337,HB Estate Developers Limited,HBESD.NS,Unspecified,Unscored,No eligible filing under this ticker by the as-of time,,,,,,,,,0,,,2026-09-30,2026-10-02T00:00:00+05:30
1340,Housing Development and Infrastructure Limited,HDIL.NS,Unspecified,Unscored,Latest eligible quarter is not 2026-06-30,,,,INE191I01012,STANDALONE,2023-12-31,-1.7769,2024-03-19T11:29:03+05:30,8,,,2026-09-30,2026-10-02T00:00:00+05:30
1375,Huhtamaki India Limited,HUHTAMAKI.NS,Unspecified,Unscored,Latest eligible quarter is not 2026-06-30,,,,INE275B01026,STANDALONE,2026-03-31,25.6,2026-05-12T20:54:19+05:30,23,,,2026-09-30,2026-10-02T00:00:00+05:30
1382,IFB Agro Industries Limited,IFBAGRO.NS,Unspecified,Unscored,Latest eligible quarter is not 2026-06-30,,,,INE076C01018,CONSOLIDATED,2026-03-31,9.3,2026-05-28T21:28:21+05:30,28,,,2026-09-30,2026-10-02T00:00:00+05:30
1390,IL&FS Transportation Networks Limited,IL&FSTRANS.NS,Unspecified,Unscored,Latest eligible quarter is not 2026-06-30,,,,INE975G01012,STANDALONE,2018-06-30,-248.01,2018-08-23T17:39:48+05:30,1,,,2026-09-30,2026-10-02T00:00:00+05:30
1392,India Motor Parts and Accessories Limited,IMPAL.NS,Unspecified,Unscored,Latest eligible quarter is not 2026-06-30,,,,INE547E01014,STANDALONE,2026-03-31,33.46,2026-05-08T23:02:43+05:30,7,,,2026-09-30,2026-10-02T00:00:00+05:30
1393,Impex Ferro Tech Limited,IMPEXFERRO.NS,Unspecified,Unscored,Latest eligible quarter is not 2026-06-30,,,,INE691G01015,STANDALONE,2024-03-31,-20.4554,2024-10-28T22:36:58+05:30,21,,,2026-09-30,2026-10-02T00:00:00+05:30
1400,India Nippon Electricals Limited,INDNIPPON.NS,Unspecified,Unscored,Latest filing has an accounting-basis switch,,,,INE092B01025,STANDALONE,2026-06-30,27.03,2026-08-07T21:22:48+05:30,4,,,2026-09-30,2026-10-02T00:00:00+05:30
1409,Indo Us Biotech Limited,INDOUS.NS,Unspecified,Unscored,Latest eligible quarter is not 2026-06-30,,,,INE250Z01010,STANDALONE,2026-03-31,1.9717,2026-05-29T19:18:43+05:30,5,,,2026-09-30,2026-10-02T00:00:00+05:30
1411,Industrial & Prudential Investment Company Limited,INDPRUD.NS,Unspecified,Unscored,No eligible filing under this ticker by the as-of time,,,,,,,,,0,,,2026-09-30,2026-10-02T00:00:00+05:30
1427,Investment & Precision Castings Limited,INVPRECQ.NS,Unspecified,Unscored,No eligible filing under this ticker by the as-of time,,,,,,,,,0,,,2026-09-30,2026-10-02T00:00:00+05:30
1440,The Indian Wood Products Company Limited,IWP.NS,Unspecified,Unscored,No eligible filing under this ticker by the as-of time,,,,,,,,,0,,,2026-09-30,2026-10-02T00:00:00+05:30
1479,Kama Holdings Limited,KAMAHOLD.NS,Unspecified,Unscored,No eligible filing under this ticker by the as-of time,,,,,,,,,0,,,2026-09-30,2026-10-02T00:00:00+05:30
1484,Kanchi Karpooram Limited,KANCHI.NS,Unspecified,Unscored,No eligible filing under this ticker by the as-of time,,,,,,,,,0,,,2026-09-30,2026-10-02T00:00:00+05:30
1491,Kaya Limited,KAYA.NS,Unspecified,Unscored,Latest filing has an accounting-basis switch,,,,INE587G01015,STANDALONE,2026-06-30,-15.1791,2026-08-03T16:33:11+05:30,1,,,2026-09-30,2026-10-02T00:00:00+05:30
1498,Kennametal India Limited,KENNAMET.NS,Unspecified,Unscored,No eligible filing under this ticker by the as-of time,,,,,,,,,0,,,2026-09-30,2026-10-02T00:00:00+05:30
1499,Kernex Microsystems (India) Limited,KERNEX.NS,Unspecified,Unscored,Latest eligible quarter is not 2026-06-30,,,,INE202H01019,CONSOLIDATED,2025-12-31,6.0588,2026-02-12T11:44:01+05:30,27,,,2026-09-30,2026-10-02T00:00:00+05:30
1510,Kiran Vyapar Limited,KIRANVYPAR.NS,Unspecified,Unscored,No eligible filing under this ticker by the as-of time,,,,,,,,,0,,,2026-09-30,2026-10-02T00:00:00+05:30
1512,Kirloskar Ferrous Industries Limited,KIRLFER.NS,Unspecified,Unscored,No eligible filing under this ticker by the as-of time,,,,,,,,,0,,,2026-09-30,2026-10-02T00:00:00+05:30
1516,Kilburn Engineering Limited,KLBRENG-B.NS,Unspecified,Unscored,No eligible filing under this ticker by the as-of time,,,,,,,,,0,,,2026-09-30,2026-10-02T00:00:00+05:30
1527,Kothari Industrial Corporation Limited,KOTIC.NS,Unspecified,Unscored,No eligible filing under this ticker by the as-of time,,,,,,,,,0,,,2026-09-30,2026-10-02T00:00:00+05:30
1529,Kovai Medical Center & Hospital Limited,KOVAI.NS,Unspecified,Unscored,No eligible filing under this ticker by the as-of time,,,,,,,,,0,,,2026-09-30,2026-10-02T00:00:00+05:30
1531,Kwality Pharmaceuticals Limited,KPL.NS,Unspecified,Unscored,No eligible filing under this ticker by the as-of time,,,,,,,,,0,,,2026-09-30,2026-10-02T00:00:00+05:30
1540,Kronox Lab Sciences Limited,KRONOX.NS,Unspecified,Unscored,Latest eligible quarter is not 2026-06-30,,,,INE0ATZ01017,STANDALONE,2026-03-31,8.0021,2026-05-21T18:46:08+05:30,7,,,2026-09-30,2026-10-02T00:00:00+05:30
1552,Lahoti Overseas Limited,LAHOTIOV.NS,Unspecified,Unscored,No eligible filing under this ticker by the as-of time,,,,,,,,,0,,,2026-09-30,2026-10-02T00:00:00+05:30
1553,Lakshmi Precision Screws Limited,LAKPRE.NS,Unspecified,Unscored,No eligible filing under this ticker by the as-of time,,,,,,,,,0,,,2026-09-30,2026-10-02T00:00:00+05:30
1561,Latteys Industries Limited,LATTEYS.NS,Unspecified,Unscored,Latest filing has an accounting-basis switch,,,,INE262Z01023,STANDALONE,2026-06-30,1.2698,2026-08-13T14:39:59+05:30,2,,,2026-09-30,2026-10-02T00:00:00+05:30
1586,Lypsa Gems & Jewellery Limited,LYPSAGEMS.NS,Unspecified,Unscored,No eligible filing under this ticker by the as-of time,,,,,,,,,0,,,2026-09-30,2026-10-02T00:00:00+05:30
1590,Madhav Infra Projects Limited,MADHAVIPL.NS,Unspecified,Unscored,No eligible filing under this ticker by the as-of time,,,,,,,,,0,,,2026-09-30,2026-10-02T00:00:00+05:30
1593,Mafatlal Industries Limited,MAFATIND.NS,Unspecified,Unscored,No eligible filing under this ticker by the as-of time,,,,,,,,,0,,,2026-09-30,2026-10-02T00:00:00+05:30
1603,Majestic Auto Limited,MAJESAUT.NS,Unspecified,Unscored,No eligible filing under this ticker by the as-of time,,,,,,,,,0,,,2026-09-30,2026-10-02T00:00:00+05:30
1638,Mac Charles India Limited,MCCHRLS-B.NS,Unspecified,Unscored,No eligible filing under this ticker by the as-of time,,,,,,,,,0,,,2026-09-30,2026-10-02T00:00:00+05:30
1647,Menon Pistons Limited,MENNPIS.NS,Unspecified,Unscored,No eligible filing under this ticker by the as-of time,,,,,,,,,0,,,2026-09-30,2026-10-02T00:00:00+05:30
1649,MEP Infrastructure Developers Limited,MEP.NS,Unspecified,Unscored,Latest eligible quarter is not 2026-06-30,,,,INE776I01010,STANDALONE,2024-03-31,-604.8984,2025-02-13T16:07:22+05:30,1,,,2026-09-30,2026-10-02T00:00:00+05:30
1650,Mercantile Ventures Limited,MERCANTILE.NS,Unspecified,Unscored,No eligible filing under this ticker by the as-of time,,,,,,,,,0,,,2026-09-30,2026-10-02T00:00:00+05:30
1651,Metroglobal Limited,METROGLOBL.NS,Unspecified,Unscored,No eligible filing under this ticker by the as-of time,,,,,,,,,0,,,2026-09-30,2026-10-02T00:00:00+05:30
1659,MIRC Electronics Limited,MIRCELECTR.NS,Unspecified,Unscored,No eligible filing under this ticker by the as-of time,,,,,,,,,0,,,2026-09-30,2026-10-02T00:00:00+05:30
1666,Media Matrix Worldwide Limited,MMWL.NS,Unspecified,Unscored,No eligible filing under this ticker by the as-of time,,,,,,,,,0,,,2026-09-30,2026-10-02T00:00:00+05:30
1681,Morarjee Textiles Limited,MORARJEE.NS,Unspecified,Unscored,Latest eligible quarter is not 2026-06-30,,,,INE161G01027,STANDALONE,2024-03-31,-105.59,2024-10-30T14:24:55+05:30,5,,,2026-09-30,2026-10-02T00:00:00+05:30
1688,MT Educare Limited,MTEDUCARE.NS,Unspecified,Unscored,Latest eligible quarter is not 2026-06-30,,,,INE472M01018,CONSOLIDATED,2026-03-31,2.5989,2026-05-28T19:02:33+05:30,28,,,2026-09-30,2026-10-02T00:00:00+05:30
1709,Narmada Agrobase Limited,NARMADA.NS,Unspecified,Unscored,Latest filing has an accounting-basis switch,,,,INE117Z01029,CONSOLIDATED,2026-06-30,0.7538,2026-08-14T19:42:13+05:30,1,,,2026-09-30,2026-10-02T00:00:00+05:30
1712,National Standard (India) Limited,NATIONSTD.NS,Unspecified,Unscored,No eligible filing under this ticker by the as-of time,,,,,,,,,0,,,2026-09-30,2026-10-02T00:00:00+05:30
1723,Neelamalai Agro Industries Limited,NEAGI.NS,Unspecified,Unscored,No eligible filing under this ticker by the as-of time,,,,,,,,,0,,,2026-09-30,2026-10-02T00:00:00+05:30
1725,Nectar Lifesciences Limited,NECLIFE.NS,Unspecified,Unscored,Latest eligible quarter is not 2026-06-30,,,,INE023H01027,CONSOLIDATED,2026-03-31,-67.9242,2026-05-30T16:59:20+05:30,26,,,2026-09-30,2026-10-02T00:00:00+05:30
1738,Nile Limited,NILE.NS,Unspecified,Unscored,No eligible filing under this ticker by the as-of time,,,,,,,,,0,,,2026-09-30,2026-10-02T00:00:00+05:30
1745,Nirlon Limited,NIRLON.NS,Unspecified,Unscored,No eligible filing under this ticker by the as-of time,,,,,,,,,0,,,2026-09-30,2026-10-02T00:00:00+05:30
1749,Nitta Gelatin India Limited,NITTAGELA.NS,Unspecified,Unscored,No eligible filing under this ticker by the as-of time,,,,,,,,,0,,,2026-09-30,2026-10-02T00:00:00+05:30
1756,Novartis India Limited,NOVARTIND.NS,Unspecified,Unscored,No eligible filing under this ticker by the as-of time,,,,,,,,,0,,,2026-09-30,2026-10-02T00:00:00+05:30
1792,Ortel Communications Limited,ORTEL.NS,Unspecified,Unscored,Latest eligible quarter is not 2026-06-30,,,,INE849L01019,CONSOLIDATED,2021-03-31,-8.301,2021-07-01T11:41:07+05:30,7,,,2026-09-30,2026-10-02T00:00:00+05:30
1794,Osia Hyper Retail Limited,OSIAHYPER.NS,Unspecified,Unscored,Latest eligible quarter is not 2026-06-30,,,,INE06IR01021,STANDALONE,2025-12-31,4.316,2026-02-13T22:02:48+05:30,13,,,2026-09-30,2026-10-02T00:00:00+05:30
1812,Parsvnath Developers Limited,PARSVNATH.NS,Unspecified,Unscored,Latest eligible quarter is not 2026-06-30,,,,INE561H01026,CONSOLIDATED,2025-12-31,-149.4754,2026-02-11T17:33:19+05:30,25,,,2026-09-30,2026-10-02T00:00:00+05:30
1831,Pioneer Investcorp Limited,PIONRINV.NS,Unspecified,Unscored,No eligible filing under this ticker by the as-of time,,,,,,,,,0,,,2026-09-30,2026-10-02T00:00:00+05:30
1838,Paul Merchants Limited,PML.NS,Unspecified,Unscored,No eligible filing under this ticker by the as-of time,,,,,,,,,0,,,2026-09-30,2026-10-02T00:00:00+05:30
1851,Pradeep Metals Limited,PRADPME.NS,Unspecified,Unscored,No eligible filing under this ticker by the as-of time,,,,,,,,,0,,,2026-09-30,2026-10-02T00:00:00+05:30
1855,Praveg Limited,PRAVEG.NS,Unspecified,Unscored,No eligible filing under this ticker by the as-of time,,,,,,,,,0,,,2026-09-30,2026-10-02T00:00:00+05:30
1860,Premco Global Limited,PREMCO.NS,Unspecified,Unscored,No eligible filing under this ticker by the as-of time,,,,,,,,,0,,,2026-09-30,2026-10-02T00:00:00+05:30
1868,Pritika Auto Industries Limited,PRITIKAUTO.NS,Unspecified,Unscored,Latest eligible quarter is not 2026-06-30,,,,INE583R01029,CONSOLIDATED,2026-03-31,4.7687,2026-05-23T17:52:07+05:30,18,,,2026-09-30,2026-10-02T00:00:00+05:30
1882,Quint Digital Limited,QUINT.NS,Unspecified,Unscored,No eligible filing under this ticker by the as-of time,,,,,,,,,0,,,2026-09-30,2026-10-02T00:00:00+05:30
1892,Rajapalayam Mills Limited,RAJPALAYAM.NS,Unspecified,Unscored,No eligible filing under this ticker by the as-of time,,,,,,,,,0,,,2026-09-30,2026-10-02T00:00:00+05:30
1922,Reliance Home Finance Limited,RHFL.NS,Unspecified,Unscored,Latest eligible quarter is not 2026-06-30,,,,INE217K01011,STANDALONE,2023-03-31,5972.307,2023-05-27T21:40:32+05:30,17,,,2026-09-30,2026-10-02T00:00:00+05:30
1929,RKEC Projects Limited,RKEC.NS,Unspecified,Unscored,Latest eligible quarter is not 2026-06-30,,,,INE786W01010,CONSOLIDATED,2025-12-31,1.7147,2026-02-11T17:57:21+05:30,21,,,2026-09-30,2026-10-02T00:00:00+05:30
1937,Rollatainers Limited,ROLLT.NS,Unspecified,Unscored,Latest filing has an accounting-basis switch,,,,INE927A01040,STANDALONE,2026-06-30,-0.1548,2026-08-13T17:44:06+05:30,1,,,2026-09-30,2026-10-02T00:00:00+05:30
1949,RRIL Limited,RRIL.NS,Unspecified,Unscored,No eligible filing under this ticker by the as-of time,,,,,,,,,0,,,2026-09-30,2026-10-02T00:00:00+05:30
1950,RSD Finance Limited,RSDFIN.NS,Unspecified,Unscored,No eligible filing under this ticker by the as-of time,,,,,,,,,0,,,2026-09-30,2026-10-02T00:00:00+05:30
1985,Sanco Industries Limited,SANCO.NS,Unspecified,Unscored,Latest eligible quarter is not 2026-06-30,,,,INE782L01012,STANDALONE,2022-03-31,-0.7846,2022-05-29T12:39:40+05:30,12,,,2026-09-30,2026-10-02T00:00:00+05:30
1990,Sanginita Chemicals Limited,SANGINITA.NS,Unspecified,Unscored,No eligible filing under this ticker by the as-of time,,,,,,,,,0,,,2026-09-30,2026-10-02T00:00:00+05:30
1991,Sanofi India Limited,SANOFI.NS,Unspecified,Unscored,Latest eligible quarter is not 2026-06-30,,,,INE058A01010,STANDALONE,2026-03-31,102.6,2026-04-28T18:47:02+05:30,19,,,2026-09-30,2026-10-02T00:00:00+05:30
1992,Sanstar Limited,SANSTAR.NS,Unspecified,Unscored,Latest filing has an accounting-basis switch,,,,INE08NE01025,CONSOLIDATED,2026-06-30,9.21,2026-08-13T19:58:20+05:30,2,,,2026-09-30,2026-10-02T00:00:00+05:30
1994,Shree Ajit Pulp & Paper Limited,SAPPL.NS,Unspecified,Unscored,No eligible filing under this ticker by the as-of time,,,,,,,,,0,,,2026-09-30,2026-10-02T00:00:00+05:30
2001,Sayaji Hotels Limited,SAYAJIHOTL.NS,Unspecified,Unscored,No eligible filing under this ticker by the as-of time,,,,,,,,,0,,,2026-09-30,2026-10-02T00:00:00+05:30
2005,Scan Steels Limited,SCANSTL.NS,Unspecified,Unscored,No eligible filing under this ticker by the as-of time,,,,,,,,,0,,,2026-09-30,2026-10-02T00:00:00+05:30
2015,Shanti Educational Initiatives Limited,SEIL.NS,Unspecified,Unscored,No eligible filing under this ticker by the as-of time,,,,,,,,,0,,,2026-09-30,2026-10-02T00:00:00+05:30
2023,Setco Automotive Limited,SETCO.NS,Unspecified,Unscored,Latest eligible quarter is not 2026-06-30,,,,INE878E01021,CONSOLIDATED,2025-12-31,-57.18,2026-02-13T16:57:25+05:30,24,,,2026-09-30,2026-10-02T00:00:00+05:30
2032,Shah Alloys Limited,SHAHALLOYS.NS,Unspecified,Unscored,Latest filing has an accounting-basis switch,,,,INE640C01011,STANDALONE,2026-06-30,-2.07,2026-08-12T18:59:18+05:30,5,,,2026-09-30,2026-10-02T00:00:00+05:30
2038,Shanti Gold International Limited,SHANTIGOLD.NS,Unspecified,Unscored,Latest filing has an accounting-basis switch,,,,INE06ZD01017,CONSOLIDATED,2026-06-30,50.482,2026-08-13T18:22:17+05:30,1,,,2026-09-30,2026-10-02T00:00:00+05:30
2040,Shardul Securities Limited,SHARDUL.NS,Unspecified,Unscored,No eligible filing under this ticker by the as-of time,,,,,,,,,0,,,2026-09-30,2026-10-02T00:00:00+05:30
2041,Shri Bajrang Alliance Limited,SHBAJRG.NS,Unspecified,Unscored,No eligible filing under this ticker by the as-of time,,,,,,,,,0,,,2026-09-30,2026-10-02T00:00:00+05:30
2045,Sharat Industries Limited,SHINDL.NS,Unspecified,Unscored,No eligible filing under this ticker by the as-of time,,,,,,,,,0,,,2026-09-30,2026-10-02T00:00:00+05:30
2060,Shri Krishna Devcon Limited,SHRIKRISH.NS,Unspecified,Unscored,No eligible filing under this ticker by the as-of time,,,,,,,,,0,,,2026-09-30,2026-10-02T00:00:00+05:30
2063,Shyam Century Ferrous Limited,SHYAMCENT.NS,Unspecified,Unscored,Latest eligible quarter is not 2026-06-30,,,,INE979R01011,STANDALONE,2025-12-31,-6.1383,2026-02-06T18:35:17+05:30,20,,,2026-09-30,2026-10-02T00:00:00+05:30
2065,Sicagen India Limited,SICAGEN.NS,Unspecified,Unscored,Latest eligible quarter is not 2026-06-30,,,,INE176J01011,CONSOLIDATED,2021-03-31,3.81,2021-05-27T16:18:08+05:30,9,,,2026-09-30,2026-10-02T00:00:00+05:30
2072,Sika Interplant Systems Limited,SIKA.NS,Unspecified,Unscored,No eligible filing under this ticker by the as-of time,,,,,,,,,0,,,2026-09-30,2026-10-02T00:00:00+05:30
2077,Silly Monks Entertainment Limited,SILLYMONKS.NS,Unspecified,Unscored,No eligible filing under this ticker by the as-of time,,,,,,,,,0,,,2026-09-30,2026-10-02T00:00:00+05:30
2086,Siti Networks Limited,SITINET.NS,Unspecified,Unscored,Latest eligible quarter is not 2026-06-30,,,,INE965H01011,CONSOLIDATED,2025-09-30,-43.568,2026-04-08T14:25:17+05:30,25,,,2026-09-30,2026-10-02T00:00:00+05:30
2102,Sonal Mercantile Limited,SONAL.NS,Unspecified,Unscored,No eligible filing under this ticker by the as-of time,,,,,,,,,0,,,2026-09-30,2026-10-02T00:00:00+05:30
2128,The State Trading Corporation of India Limited,STCINDIA.NS,Unspecified,Unscored,Latest filing has an accounting-basis switch,,,,INE655A01013,STANDALONE,2026-06-30,2.8409,2026-08-25T20:05:13+05:30,5,,,2026-09-30,2026-10-02T00:00:00+05:30
2131,STEEL EXCHANGE INDIA LIMITED,STEELXIND.NS,Unspecified,Unscored,Latest filing has an accounting-basis switch,,,,INE503B01021,CONSOLIDATED,2026-06-30,15.0255,2026-07-20T18:16:16+05:30,1,,,2026-09-30,2026-10-02T00:00:00+05:30
2162,Suryalata Spinning Mills Limited,SURYALA.NS,Unspecified,Unscored,No eligible filing under this ticker by the as-of time,,,,,,,,,0,,,2026-09-30,2026-10-02T00:00:00+05:30
2166,Suven Life Sciences Limited,SUVEN.NS,Unspecified,Unscored,Latest eligible quarter is not 2026-06-30,,,,INE495B01038,CONSOLIDATED,2026-03-31,-45.5955,2026-05-13T17:36:06+05:30,25,,,2026-09-30,2026-10-02T00:00:00+05:30
2177,Taal Tech Limited,TAALTECH.NS,Unspecified,Unscored,No eligible filing under this ticker by the as-of time,,,,,,,,,0,,,2026-09-30,2026-10-02T00:00:00+05:30
2179,Taj GVK Hotels & Resorts Limited,TAJGVK.NS,Unspecified,Unscored,Latest eligible quarter is not 2026-06-30,,,,INE586B01026,CONSOLIDATED,2026-03-31,319.75,2026-05-28T14:56:23+05:30,27,,,2026-09-30,2026-10-02T00:00:00+05:30
2182,Tamboli Industries Limited,TAMBOLIIN.NS,Unspecified,Unscored,No eligible filing under this ticker by the as-of time,,,,,,,,,0,,,2026-09-30,2026-10-02T00:00:00+05:30
2197,TechNVision Ventures Limited,TECHNVISN.NS,Unspecified,Unscored,No eligible filing under this ticker by the as-of time,,,,,,,,,0,,,2026-09-30,2026-10-02T00:00:00+05:30
2206,Thacker & Company Limited,THACKER.NS,Unspecified,Unscored,No eligible filing under this ticker by the as-of time,,,,,,,,,0,,,2026-09-30,2026-10-02T00:00:00+05:30
2207,Thakkers Developers Limited,THAKDEV.NS,Unspecified,Unscored,No eligible filing under this ticker by the as-of time,,,,,,,,,0,,,2026-09-30,2026-10-02T00:00:00+05:30
2217,Timex Group India Limited,TIMEX.NS,Unspecified,Unscored,No eligible filing under this ticker by the as-of time,,,,,,,,,0,,,2026-09-30,2026-10-02T00:00:00+05:30
2229,Teamo Productions HQ Limited,TPHQ.NS,Unspecified,Unscored,Latest eligible quarter is not 2026-06-30,,,,INE065J01024,STANDALONE,2022-06-30,-0.0099,2022-08-12T21:51:18+05:30,17,,,2026-09-30,2026-10-02T00:00:00+05:30
2232,Transpek Industry Limited,TRANSPEK.NS,Unspecified,Unscored,No eligible filing under this ticker by the as-of time,,,,,,,,,0,,,2026-09-30,2026-10-02T00:00:00+05:30
2247,TV Vision Limited,TVVISION.NS,Unspecified,Unscored,Latest eligible quarter is not 2026-06-30,,,,INE871L01013,CONSOLIDATED,2025-12-31,-6.0095,2026-02-04T17:09:11+05:30,26,,,2026-09-30,2026-10-02T00:00:00+05:30
2256,Ultramarine & Pigments Limited,ULTRAMAR.NS,Unspecified,Unscored,No eligible filing under this ticker by the as-of time,,,,,,,,,0,,,2026-09-30,2026-10-02T00:00:00+05:30
2268,United Polyfab Gujarat Limited,UNITEDPOLY.NS,Unspecified,Unscored,Latest eligible quarter is not 2026-06-30,,,,INE368U01029,CONSOLIDATED,2025-12-31,4.8788,2026-02-12T19:48:20+05:30,8,,,2026-09-30,2026-10-02T00:00:00+05:30
2290,Veljan Denison Limited,VELJAN.NS,Unspecified,Unscored,No eligible filing under this ticker by the as-of time,,,,,,,,,0,,,2026-09-30,2026-10-02T00:00:00+05:30
2292,Ventive Hospitality Limited,VENTIVE.NS,Unspecified,Unscored,Latest eligible quarter is not 2026-06-30,,,,INE781S01027,CONSOLIDATED,2026-03-31,259.236,2026-05-12T21:31:04+05:30,6,,,2026-09-30,2026-10-02T00:00:00+05:30
2297,Vesuvius India Limited,VESUVIUS.NS,Unspecified,Unscored,Latest eligible quarter is not 2026-06-30,,,,INE386A01023,STANDALONE,2026-03-31,55.85,2026-05-07T21:59:08+05:30,23,,,2026-09-30,2026-10-02T00:00:00+05:30
2306,Vikas Lifecare Limited,VIKASLIFE.NS,Unspecified,Unscored,Latest eligible quarter is not 2026-06-30,,,,INE161L01027,CONSOLIDATED,2026-03-31,41.5962,2026-06-25T17:46:17+05:30,15,,,2026-09-30,2026-10-02T00:00:00+05:30
2312,Vineet Laboratories Limited,VINEETLAB.NS,Unspecified,Unscored,Latest eligible quarter is not 2026-06-30,,,,INE505Y01010,STANDALONE,2026-03-31,1.2183,2026-08-26T11:21:17+05:30,20,,,2026-09-30,2026-10-02T00:00:00+05:30
2316,Vipul Limited,VIPULLTD.NS,Unspecified,Unscored,Latest eligible quarter is not 2026-06-30,,,,INE946H01037,CONSOLIDATED,2025-12-31,1.2052,2026-02-14T17:26:55+05:30,25,,,2026-09-30,2026-10-02T00:00:00+05:30
2324,Vivimed Labs Limited,VIVIMEDLAB.NS,Unspecified,Unscored,Latest eligible quarter is not 2026-06-30,,,,INE526G01021,CONSOLIDATED,2026-03-31,-146.035,2026-07-17T19:41:23+05:30,26,,,2026-09-30,2026-10-02T00:00:00+05:30
2333,Vibhor Steel Tubes Limited,VSTL.NS,Unspecified,Unscored,Latest filing has an accounting-basis switch,,,,INE0QTF01015,CONSOLIDATED,2026-06-30,1.9295,2026-08-06T16:52:40+05:30,1,,,2026-09-30,2026-10-02T00:00:00+05:30
2343,Welspun Specialty Solutions Limited,WELSPLSOL.NS,Unspecified,Unscored,No eligible filing under this ticker by the as-of time,,,,,,,,,0,,,2026-09-30,2026-10-02T00:00:00+05:30
2345,WE WIN LIMITED,WEWIN.NS,Unspecified,Unscored,Latest filing has an accounting-basis switch,,,,INE082W01014,STANDALONE,2026-06-30,0.4622,2026-08-13T18:18:11+05:30,1,,,2026-09-30,2026-10-02T00:00:00+05:30
2347,Williamson Magor & Company Limited,WILLAMAGOR.NS,Unspecified,Unscored,Latest eligible quarter is not 2026-06-30,,,,INE210A01017,CONSOLIDATED,2026-03-31,-2.5284,2026-05-26T19:53:10+05:30,20,,,2026-09-30,2026-10-02T00:00:00+05:30
2348,Wim Plast Limited,WIMPLAST.NS,Unspecified,Unscored,No eligible filing under this ticker by the as-of time,,,,,,,,,0,,,2026-09-30,2026-10-02T00:00:00+05:30
2349,Windlas Biotech Limited,WINDLAS.NS,Unspecified,Unscored,Latest filing has an accounting-basis switch,,,,INE0H5O01029,STANDALONE,2026-06-30,17.653,2026-08-10T16:54:16+05:30,1,,,2026-09-30,2026-10-02T00:00:00+05:30
2355,WPIL Limited,WPIL.NS,Unspecified,Unscored,No eligible filing under this ticker by the as-of time,,,,,,,,,0,,,2026-09-30,2026-10-02T00:00:00+05:30
2356,W S Industries (I) Limited,WSI.NS,Unspecified,Unscored,Latest eligible quarter is not 2026-06-30,,,,INE100D01014,CONSOLIDATED,2026-03-31,2.59,2026-05-14T22:30:17+05:30,24,,,2026-09-30,2026-10-02T00:00:00+05:30
2369,ZF Steering Gear (India) Limited,ZFSTEERING.NS,Unspecified,Unscored,No eligible filing under this ticker by the as-of time,,,,,,,,,0,,,2026-09-30,2026-10-02T00:00:00+05:30
2374,Saraswati Commercial India Limited,ZSARACOM.NS,Unspecified,Unscored,No eligible filing under this ticker by the as-of time,,,,,,,,,0,,,2026-09-30,2026-10-02T00:00:00+05:30
2377,Q-Line Biotech Limited,QLINE.NS,Unspecified,Unscored,No eligible filing under this ticker by the as-of time,,,,,,,,,0,,,2026-09-30,2026-10-02T00:00:00+05:30
2378,Bio Medica Laboratories Limited,BMLL.NS,Unspecified,Unscored,No eligible filing under this ticker by the as-of time,,,,,,,,,0,,,2026-09-30,2026-10-02T00:00:00+05:30
2379,Teamtech Formwork Solutions Limited,TEAMTECH.NS,Unspecified,Unscored,No eligible filing under this ticker by the as-of time,,,,,,,,,0,,,2026-09-30,2026-10-02T00:00:00+05:30
2380,NFP Sampoorna Foods Limited,NFPSAMPOOR.NS,Unspecified,Unscored,No eligible filing under this ticker by the as-of time,,,,,,,,,0,,,2026-09-30,2026-10-02T00:00:00+05:30
2381,RFBL Flexi Pack Limited,RFBL.NS,Unspecified,Unscored,No eligible filing under this ticker by the as-of time,,,,,,,,,0,,,2026-09-30,2026-10-02T00:00:00+05:30
2382,Simca Advertising Limited,SIMCA.NS,Unspecified,Unscored,No eligible filing under this ticker by the as-of time,,,,,,,,,0,,,2026-09-30,2026-10-02T00:00:00+05:30
2383,Value 360 Communications Limited,VALUE360.NS,Unspecified,Unscored,No eligible filing under this ticker by the as-of time,,,,,,,,,0,,,2026-09-30,2026-10-02T00:00:00+05:30
2384,Amba Auto Sales and Services Limited,AMBAAUTO.NS,Unspecified,Unscored,No eligible filing under this ticker by the as-of time,,,,,,,,,0,,,2026-09-30,2026-10-02T00:00:00+05:30
2385,Adisoft Technologies Limited,ADISOFT.NS,Unspecified,Unscored,No eligible filing under this ticker by the as-of time,,,,,,,,,0,,,2026-09-30,2026-10-02T00:00:00+05:30
2386,Vivid Electromech Limited,VIVIDEL.NS,Unspecified,Unscored,No eligible filing under this ticker by the as-of time,,,,,,,,,0,,,2026-09-30,2026-10-02T00:00:00+05:30
2387,Apsis Aerocom Limited,APSISAERO.NS,Unspecified,Unscored,No eligible filing under this ticker by the as-of time,,,,,,,,,0,,,2026-09-30,2026-10-02T00:00:00+05:30
2388,Srinibas Pradhan Constructions Limited,SPCON.NS,Unspecified,Unscored,No eligible filing under this ticker by the as-of time,,,,,,,,,0,,,2026-09-30,2026-10-02T00:00:00+05:30
2389,Acetech E-Commerce Limited,ACETEC.NS,Unspecified,Unscored,No eligible filing under this ticker by the as-of time,,,,,,,,,0,,,2026-09-30,2026-10-02T00:00:00+05:30
2390,Striders Impex Limited,STRIDERS.NS,Unspecified,Unscored,No eligible filing under this ticker by the as-of time,,,,,,,,,0,,,2026-09-30,2026-10-02T00:00:00+05:30
2391,Yaap Digital Limited,YAAP.NS,Unspecified,Unscored,No eligible filing under this ticker by the as-of time,,,,,,,,,0,,,2026-09-30,2026-10-02T00:00:00+05:30
2392,Mobilise App Lab Limited,MOBILISE.NS,Unspecified,Unscored,No eligible filing under this ticker by the as-of time,,,,,,,,,0,,,2026-09-30,2026-10-02T00:00:00+05:30
2393,Manilam Industries India Limited,MANILAM.NS,Unspecified,Unscored,No eligible filing under this ticker by the as-of time,,,,,,,,,0,,,2026-09-30,2026-10-02T00:00:00+05:30
2394,Marushika Technology Limited,MARUSHIKA.NS,Unspecified,Unscored,No eligible filing under this ticker by the as-of time,,,,,,,,,0,,,2026-09-30,2026-10-02T00:00:00+05:30
2395,Biopol Chemicals Limited,BIOPOL.NS,Unspecified,Unscored,No eligible filing under this ticker by the as-of time,,,,,,,,,0,,,2026-09-30,2026-10-02T00:00:00+05:30
2396,Grover Jewells Limited,GJL.NS,Unspecified,Unscored,No eligible filing under this ticker by the as-of time,,,,,,,,,0,,,2026-09-30,2026-10-02T00:00:00+05:30
2397,Brandman Retail Limited,BRANDMAN.NS,Unspecified,Unscored,No eligible filing under this ticker by the as-of time,,,,,,,,,0,,,2026-09-30,2026-10-02T00:00:00+05:30
2398,C K K Retail Mart Limited,CKKRETAIL.NS,Unspecified,Unscored,No eligible filing under this ticker by the as-of time,,,,,,,,,0,,,2026-09-30,2026-10-02T00:00:00+05:30
2399,KRM Ayurveda Limited,KRMAYURVED.NS,Unspecified,Unscored,No eligible filing under this ticker by the as-of time,,,,,,,,,0,,,2026-09-30,2026-10-02T00:00:00+05:30
2400,Armour Security (India) Limited,ARMOUR.NS,Unspecified,Unscored,No eligible filing under this ticker by the as-of time,,,,,,,,,0,,,2026-09-30,2026-10-02T00:00:00+05:30
2401,Avana Electrosystems Limited,AVANA.NS,Unspecified,Unscored,No eligible filing under this ticker by the as-of time,,,,,,,,,0,,,2026-09-30,2026-10-02T00:00:00+05:30
2402,Victory Electric Vehicles International Limited,VICTORYEV.NS,Unspecified,Unscored,No eligible filing under this ticker by the as-of time,,,,,,,,,0,,,2026-09-30,2026-10-02T00:00:00+05:30
2403,E To E Transportation Infrastructure Limited,E2ERAIL.NS,Unspecified,Unscored,No eligible filing under this ticker by the as-of time,,,,,,,,,0,,,2026-09-30,2026-10-02T00:00:00+05:30
2404,Dhara Rail Projects Limited,DHARARAIL.NS,Unspecified,Unscored,No eligible filing under this ticker by the as-of time,,,,,,,,,0,,,2026-09-30,2026-10-02T00:00:00+05:30
2405,EPW India Limited,EPWINDIA.NS,Unspecified,Unscored,No eligible filing under this ticker by the as-of time,,,,,,,,,0,,,2026-09-30,2026-10-02T00:00:00+05:30
2406,Sundrex Oil Company Limited,SOCL.NS,Unspecified,Unscored,No eligible filing under this ticker by the as-of time,,,,,,,,,0,,,2026-09-30,2026-10-02T00:00:00+05:30
2407,Shyam Dhani Industries Limited,SHYAMDHANI.NS,Unspecified,Unscored,No eligible filing under this ticker by the as-of time,,,,,,,,,0,,,2026-09-30,2026-10-02T00:00:00+05:30
2408,Marc Technocrats Limited,MARC.NS,Unspecified,Unscored,No eligible filing under this ticker by the as-of time,,,,,,,,,0,,,2026-09-30,2026-10-02T00:00:00+05:30
2409,Exim Routes Limited,EXIMROUTES.NS,Unspecified,Unscored,No eligible filing under this ticker by the as-of time,,,,,,,,,0,,,2026-09-30,2026-10-02T00:00:00+05:30
2410,Ashwini Container Movers Limited,ASHWINI.NS,Unspecified,Unscored,No eligible filing under this ticker by the as-of time,,,,,,,,,0,,,2026-09-30,2026-10-02T00:00:00+05:30
2411,Encompass Design India Limited,ENCOMPAS.NS,Unspecified,Unscored,No eligible filing under this ticker by the as-of time,,,,,,,,,0,,,2026-09-30,2026-10-02T00:00:00+05:30
2412,Flywings Simulator Training Centre Limited,FWSTC.NS,Unspecified,Unscored,No eligible filing under this ticker by the as-of time,,,,,,,,,0,,,2026-09-30,2026-10-02T00:00:00+05:30
2413,Shri Kanha Stainless Limited,SHRIKANHA.NS,Unspecified,Unscored,No eligible filing under this ticker by the as-of time,,,,,,,,,0,,,2026-09-30,2026-10-02T00:00:00+05:30
2414,Neochem Bio Solutions Limited,NEOCHEM.NS,Unspecified,Unscored,No eligible filing under this ticker by the as-of time,,,,,,,,,0,,,2026-09-30,2026-10-02T00:00:00+05:30
2415,Clear Secured Services Limited,CSSL.NS,Unspecified,Unscored,No eligible filing under this ticker by the as-of time,,,,,,,,,0,,,2026-09-30,2026-10-02T00:00:00+05:30
2416,Invicta Diagnostic Limited,INVICTA.NS,Unspecified,Unscored,No eligible filing under this ticker by the as-of time,,,,,,,,,0,,,2026-09-30,2026-10-02T00:00:00+05:30
2417,Speb Adhesives Limited,SPEB.NS,Unspecified,Unscored,No eligible filing under this ticker by the as-of time,,,,,,,,,0,,,2026-09-30,2026-10-02T00:00:00+05:30
2418,Curis Lifesciences Limited,CURIS.NS,Unspecified,Unscored,No eligible filing under this ticker by the as-of time,,,,,,,,,0,,,2026-09-30,2026-10-02T00:00:00+05:30
2419,Finbud Financial Services Limited,FINBUD.NS,Unspecified,Unscored,No eligible filing under this ticker by the as-of time,,,,,,,,,0,,,2026-09-30,2026-10-02T00:00:00+05:30
2420,Shreeji Global FMCG Limited,SHETHJI.NS,Unspecified,Unscored,No eligible filing under this ticker by the as-of time,,,,,,,,,0,,,2026-09-30,2026-10-02T00:00:00+05:30
2421,Jayesh Logistics Limited,JAYESH.NS,Unspecified,Unscored,No eligible filing under this ticker by the as-of time,,,,,,,,,0,,,2026-09-30,2026-10-02T00:00:00+05:30
2422,Greenleaf Envirotech Limited,GREENLEAF.NS,Unspecified,Unscored,No eligible filing under this ticker by the as-of time,,,,,,,,,0,,,2026-09-30,2026-10-02T00:00:00+05:30
2423,Sheel Biotech Limited,SHEEL.NS,Unspecified,Unscored,No eligible filing under this ticker by the as-of time,,,,,,,,,0,,,2026-09-30,2026-10-02T00:00:00+05:30
2424,B.A.G. Convergence Limited,BAGDIGITAL.NS,Unspecified,Unscored,No eligible filing under this ticker by the as-of time,,,,,,,,,0,,,2026-09-30,2026-10-02T00:00:00+05:30
2425,Munish Forge Limited,MUNISH.NS,Unspecified,Unscored,No eligible filing under this ticker by the as-of time,,,,,,,,,0,,,2026-09-30,2026-10-02T00:00:00+05:30
2426,Vijaypd Ceutical Limited,VIJAYPD.NS,Unspecified,Unscored,No eligible filing under this ticker by the as-of time,,,,,,,,,0,,,2026-09-30,2026-10-02T00:00:00+05:30
2427,Suba Hotels Limited,SUBAHOTELS.NS,Unspecified,Unscored,No eligible filing under this ticker by the as-of time,,,,,,,,,0,,,2026-09-30,2026-10-02T00:00:00+05:30
2428,Manas Polymers and Energies Limited,MPEL.NS,Unspecified,Unscored,No eligible filing under this ticker by the as-of time,,,,,,,,,0,,,2026-09-30,2026-10-02T00:00:00+05:30
2429,Gurunanak Agriculture India Limited,GURUNANAK.NS,Unspecified,Unscored,No eligible filing under this ticker by the as-of time,,,,,,,,,0,,,2026-09-30,2026-10-02T00:00:00+05:30
2430,Matrix Geo Solutions Limited,MGSL.NS,Unspecified,Unscored,No eligible filing under this ticker by the as-of time,,,,,,,,,0,,,2026-09-30,2026-10-02T00:00:00+05:30
2431,Ecoline Exim Limited,ECOLINE.NS,Unspecified,Unscored,No eligible filing under this ticker by the as-of time,,,,,,,,,0,,,2026-09-30,2026-10-02T00:00:00+05:30
2432,Prime Cable Industries Limited,PRIMECAB.NS,Unspecified,Unscored,No eligible filing under this ticker by the as-of time,,,,,,,,,0,,,2026-09-30,2026-10-02T00:00:00+05:30
2433,Siddhi Cotspin Limited,SIDDHICOTS.NS,Unspecified,Unscored,No eligible filing under this ticker by the as-of time,,,,,,,,,0,,,2026-09-30,2026-10-02T00:00:00+05:30
2434,TechD Cybersecurity Limited,TECHD.NS,Unspecified,Unscored,No eligible filing under this ticker by the as-of time,,,,,,,,,0,,,2026-09-30,2026-10-02T00:00:00+05:30
2435,Galaxy Medicare Limited,GML.NS,Unspecified,Unscored,No eligible filing under this ticker by the as-of time,,,,,,,,,0,,,2026-09-30,2026-10-02T00:00:00+05:30
2436,Taurian MPS Limited,TAURIAN.NS,Unspecified,Unscored,No eligible filing under this ticker by the as-of time,,,,,,,,,0,,,2026-09-30,2026-10-02T00:00:00+05:30
2437,Vigor Plast India Limited,VIGOR.NS,Unspecified,Unscored,No eligible filing under this ticker by the as-of time,,,,,,,,,0,,,2026-09-30,2026-10-02T00:00:00+05:30
2438,Optivalue Tek Consulting Limited,OPTIVALUE.NS,Unspecified,Unscored,No eligible filing under this ticker by the as-of time,,,,,,,,,0,,,2026-09-30,2026-10-02T00:00:00+05:30
2439,Snehaa Organics Limited,SNEHAA.NS,Unspecified,Unscored,No eligible filing under this ticker by the as-of time,,,,,,,,,0,,,2026-09-30,2026-10-02T00:00:00+05:30
2440,Sattva Engineering Construction Limited,SATTVAENGG.NS,Unspecified,Unscored,No eligible filing under this ticker by the as-of time,,,,,,,,,0,,,2026-09-30,2026-10-02T00:00:00+05:30
2441,Current Infraprojects Limited,CURRENT.NS,Unspecified,Unscored,No eligible filing under this ticker by the as-of time,,,,,,,,,0,,,2026-09-30,2026-10-02T00:00:00+05:30
2442,Classic Electrodes (India) Limited,CLASSICEIL.NS,Unspecified,Unscored,No eligible filing under this ticker by the as-of time,,,,,,,,,0,,,2026-09-30,2026-10-02T00:00:00+05:30
2443,Anondita Medicare Limited,ANONDITA.NS,Unspecified,Unscored,No eligible filing under this ticker by the as-of time,,,,,,,,,0,,,2026-09-30,2026-10-02T00:00:00+05:30
2444,Shivashrit Foods Limited,SHIVASHRIT.NS,Unspecified,Unscored,No eligible filing under this ticker by the as-of time,,,,,,,,,0,,,2026-09-30,2026-10-02T00:00:00+05:30
2445,ARC Insulation & Insulators Limited,ARCIIL.NS,Unspecified,Unscored,No eligible filing under this ticker by the as-of time,,,,,,,,,0,,,2026-09-30,2026-10-02T00:00:00+05:30
2446,Studio LSD Limited,STUDIOLSD.NS,Unspecified,Unscored,No eligible filing under this ticker by the as-of time,,,,,,,,,0,,,2026-09-30,2026-10-02T00:00:00+05:30
2447,Mahendra Realtors & Infrastructure Limited,MRIL.NS,Unspecified,Unscored,No eligible filing under this ticker by the as-of time,,,,,,,,,0,,,2026-09-30,2026-10-02T00:00:00+05:30
2448,ANB Metal Cast Limited,AMCL.NS,Unspecified,Unscored,No eligible filing under this ticker by the as-of time,,,,,,,,,0,,,2026-09-30,2026-10-02T00:00:00+05:30
2449,Medistep Healthcare Limited,MEDISTEP.NS,Unspecified,Unscored,No eligible filing under this ticker by the as-of time,,,,,,,,,0,,,2026-09-30,2026-10-02T00:00:00+05:30
2450,Connplex Cinemas Limited,CONNPLEX.NS,Unspecified,Unscored,No eligible filing under this ticker by the as-of time,,,,,,,,,0,,,2026-09-30,2026-10-02T00:00:00+05:30
2451,Sawaliya Food Products Limited,SAWALIYA.NS,Unspecified,Unscored,No eligible filing under this ticker by the as-of time,,,,,,,,,0,,,2026-09-30,2026-10-02T00:00:00+05:30
2452,Aaradhya Disposal Industries Limited,AARADHYA.NS,Unspecified,Unscored,No eligible filing under this ticker by the as-of time,,,,,,,,,0,,,2026-09-30,2026-10-02T00:00:00+05:30
2453,Parth Electricals & Engineering Limited,PARTH.NS,Unspecified,Unscored,No eligible filing under this ticker by the as-of time,,,,,,,,,0,,,2026-09-30,2026-10-02T00:00:00+05:30
2454,Bhadora Industries Limited,BHADORA.NS,Unspecified,Unscored,No eligible filing under this ticker by the as-of time,,,,,,,,,0,,,2026-09-30,2026-10-02T00:00:00+05:30
2455,Jyoti Global Plast Limited,JYOTIGLOBL.NS,Unspecified,Unscored,No eligible filing under this ticker by the as-of time,,,,,,,,,0,,,2026-09-30,2026-10-02T00:00:00+05:30
2456,FlySBS Aviation Limited,FLYSBS.NS,Unspecified,Unscored,No eligible filing under this ticker by the as-of time,,,,,,,,,0,,,2026-09-30,2026-10-02T00:00:00+05:30
2457,Renol Polychem Limited,RNPL.NS,Unspecified,Unscored,No eligible filing under this ticker by the as-of time,,,,,,,,,0,,,2026-09-30,2026-10-02T00:00:00+05:30
2458,Cash Ur Drive Marketing Limited,CUDML.NS,Unspecified,Unscored,No eligible filing under this ticker by the as-of time,,,,,,,,,0,,,2026-09-30,2026-10-02T00:00:00+05:30
2459,Kaytex Fabrics Limited,KAYTEX.NS,Unspecified,Unscored,No eligible filing under this ticker by the as-of time,,,,,,,,,0,,,2026-09-30,2026-10-02T00:00:00+05:30
2460,Sellowrap Industries Limited,SELLOWRAP.NS,Unspecified,Unscored,No eligible filing under this ticker by the as-of time,,,,,,,,,0,,,2026-09-30,2026-10-02T00:00:00+05:30
2461,TSC India Limited,TSC.NS,Unspecified,Unscored,No eligible filing under this ticker by the as-of time,,,,,,,,,0,,,2026-09-30,2026-10-02T00:00:00+05:30
2462,Savy Infra and Logistics Limited,SAVY.NS,Unspecified,Unscored,No eligible filing under this ticker by the as-of time,,,,,,,,,0,,,2026-09-30,2026-10-02T00:00:00+05:30
2463,Spunweb Nonwoven Limited,SPUNWEB.NS,Unspecified,Unscored,No eligible filing under this ticker by the as-of time,,,,,,,,,0,,,2026-09-30,2026-10-02T00:00:00+05:30
2464,Smarten Power Systems Limited,SMARTEN.NS,Unspecified,Unscored,No eligible filing under this ticker by the as-of time,,,,,,,,,0,,,2026-09-30,2026-10-02T00:00:00+05:30
2465,Happy Square Outsourcing Services Limited,WHITEFORCE.NS,Unspecified,Unscored,No eligible filing under this ticker by the as-of time,,,,,,,,,0,,,2026-09-30,2026-10-02T00:00:00+05:30
2466,Emkay Tools Limited,ETL.NS,Unspecified,Unscored,No eligible filing under this ticker by the as-of time,,,,,,,,,0,,,2026-09-30,2026-10-02T00:00:00+05:30
2467,Cedaar Textile Limited,CEDAAR.NS,Unspecified,Unscored,No eligible filing under this ticker by the as-of time,,,,,,,,,0,,,2026-09-30,2026-10-02T00:00:00+05:30
2468,Pushpa Jewellers Limited,PUSHPA.NS,Unspecified,Unscored,No eligible filing under this ticker by the as-of time,,,,,,,,,0,,,2026-09-30,2026-10-02T00:00:00+05:30
2469,Silky Overseas Limited,SILKY.NS,Unspecified,Unscored,No eligible filing under this ticker by the as-of time,,,,,,,,,0,,,2026-09-30,2026-10-02T00:00:00+05:30
2470,Pro FX Tech Limited,PROFX.NS,Unspecified,Unscored,No eligible filing under this ticker by the as-of time,,,,,,,,,0,,,2026-09-30,2026-10-02T00:00:00+05:30
2471,Moving Media Entertainment Limited,MMEL.NS,Unspecified,Unscored,No eligible filing under this ticker by the as-of time,,,,,,,,,0,,,2026-09-30,2026-10-02T00:00:00+05:30
2472,Rama Telecom Limited,RTL.NS,Unspecified,Unscored,No eligible filing under this ticker by the as-of time,,,,,,,,,0,,,2026-09-30,2026-10-02T00:00:00+05:30
2473,Suntech Infra Solutions Limited,SUNTECH.NS,Unspecified,Unscored,No eligible filing under this ticker by the as-of time,,,,,,,,,0,,,2026-09-30,2026-10-02T00:00:00+05:30
2474,Shri Hare-Krishna Sponge Iron Limited,SHKSIL.NS,Unspecified,Unscored,No eligible filing under this ticker by the as-of time,,,,,,,,,0,,,2026-09-30,2026-10-02T00:00:00+05:30
2475,Aakaar Medical Technologies Limited,AAKAAR.NS,Unspecified,Unscored,No eligible filing under this ticker by the as-of time,,,,,,,,,0,,,2026-09-30,2026-10-02T00:00:00+05:30
2476,Mayasheel Ventures Limited,MAYASHEEL.NS,Unspecified,Unscored,No eligible filing under this ticker by the as-of time,,,,,,,,,0,,,2026-09-30,2026-10-02T00:00:00+05:30
2477,Safe Enterprises Retail Fixtures Limited,SAFEENTP.NS,Unspecified,Unscored,No eligible filing under this ticker by the as-of time,,,,,,,,,0,,,2026-09-30,2026-10-02T00:00:00+05:30
2478,Influx Healthtech Limited,INFLUX.NS,Unspecified,Unscored,No eligible filing under this ticker by the as-of time,,,,,,,,,0,,,2026-09-30,2026-10-02T00:00:00+05:30
2479,Eppeltone Engineers Limited,EEPL.NS,Unspecified,Unscored,No eligible filing under this ticker by the as-of time,,,,,,,,,0,,,2026-09-30,2026-10-02T00:00:00+05:30
2480,Patil Automation Limited,PATILAUTOM.NS,Unspecified,Unscored,No eligible filing under this ticker by the as-of time,,,,,,,,,0,,,2026-09-30,2026-10-02T00:00:00+05:30
2481,Samay Project Services Limited,SAMAY.NS,Unspecified,Unscored,No eligible filing under this ticker by the as-of time,,,,,,,,,0,,,2026-09-30,2026-10-02T00:00:00+05:30
2482,Monolithisch India Limited,MONOLITH.NS,Unspecified,Unscored,No eligible filing under this ticker by the as-of time,,,,,,,,,0,,,2026-09-30,2026-10-02T00:00:00+05:30
2483,Jainik Power Cables Limited,JAINIK.NS,Unspecified,Unscored,No eligible filing under this ticker by the as-of time,,,,,,,,,0,,,2026-09-30,2026-10-02T00:00:00+05:30
2484,Sacheerome Limited,SACHEEROME.NS,Unspecified,Unscored,No eligible filing under this ticker by the as-of time,,,,,,,,,0,,,2026-09-30,2026-10-02T00:00:00+05:30
2485,Ganga Bath Fittings Limited,GANGABATH.NS,Unspecified,Unscored,No eligible filing under this ticker by the as-of time,,,,,,,,,0,,,2026-09-30,2026-10-02T00:00:00+05:30
2486,N R Vandana Tex Industries Limited,NRVANDANA.NS,Unspecified,Unscored,No eligible filing under this ticker by the as-of time,,,,,,,,,0,,,2026-09-30,2026-10-02T00:00:00+05:30
2487,Neptune Petrochemicals Limited,NEPTUNE.NS,Unspecified,Unscored,No eligible filing under this ticker by the as-of time,,,,,,,,,0,,,2026-09-30,2026-10-02T00:00:00+05:30
2488,NIKITA GREENTECH RECYCLING LIMITED,NIKITA.NS,Unspecified,Unscored,No eligible filing under this ticker by the as-of time,,,,,,,,,0,,,2026-09-30,2026-10-02T00:00:00+05:30
2489,Blue Water Logistics Limited,BLUEWATER.NS,Unspecified,Unscored,No eligible filing under this ticker by the as-of time,,,,,,,,,0,,,2026-09-30,2026-10-02T00:00:00+05:30
2490,Dar Credit & Capital Limited,DCCL.NS,Unspecified,Unscored,No eligible filing under this ticker by the as-of time,,,,,,,,,0,,,2026-09-30,2026-10-02T00:00:00+05:30
2491,Accretion Pharmaceuticals Limited,ACCPL.NS,Unspecified,Unscored,No eligible filing under this ticker by the as-of time,,,,,,,,,0,,,2026-09-30,2026-10-02T00:00:00+05:30
2492,Integrity Infrabuild Developers Limited,INTEGRITY.NS,Unspecified,Unscored,No eligible filing under this ticker by the as-of time,,,,,,,,,0,,,2026-09-30,2026-10-02T00:00:00+05:30
2493,Virtual Galaxy Infotech Limited,VGINFOTECH.NS,Unspecified,Unscored,No eligible filing under this ticker by the as-of time,,,,,,,,,0,,,2026-09-30,2026-10-02T00:00:00+05:30
2494,Arunaya Organics Limited,ARUNAYA.NS,Unspecified,Unscored,No eligible filing under this ticker by the as-of time,,,,,,,,,0,,,2026-09-30,2026-10-02T00:00:00+05:30
2495,Iware Supplychain Services Limited,IWARE.NS,Unspecified,Unscored,No eligible filing under this ticker by the as-of time,,,,,,,,,0,,,2026-09-30,2026-10-02T00:00:00+05:30
2496,Tankup Engineers Limited,TANKUP.NS,Unspecified,Unscored,No eligible filing under this ticker by the as-of time,,,,,,,,,0,,,2026-09-30,2026-10-02T00:00:00+05:30
2497,ATC Energies System Limited,ATCENERGY.NS,Unspecified,Unscored,No eligible filing under this ticker by the as-of time,,,,,,,,,0,,,2026-09-30,2026-10-02T00:00:00+05:30
2498,Shri Ahimsa Naturals Limited,SHRIAHIMSA.NS,Unspecified,Unscored,No eligible filing under this ticker by the as-of time,,,,,,,,,0,,,2026-09-30,2026-10-02T00:00:00+05:30
2499,Rapid Fleet Management Services Limited,RAPIDFLEET.NS,Unspecified,Unscored,No eligible filing under this ticker by the as-of time,,,,,,,,,0,,,2026-09-30,2026-10-02T00:00:00+05:30
2500,Active Infrastructures Limited,ACTIVEINFR.NS,Unspecified,Unscored,No eligible filing under this ticker by the as-of time,,,,,,,,,0,,,2026-09-30,2026-10-02T00:00:00+05:30
2501,Grand Continent Hotels Limited,GCHOTELS.NS,Unspecified,Unscored,No eligible filing under this ticker by the as-of time,,,,,,,,,0,,,2026-09-30,2026-10-02T00:00:00+05:30
2502,Divine Hira Jewellers Limited,DIVINEHIRA.NS,Unspecified,Unscored,No eligible filing under this ticker by the as-of time,,,,,,,,,0,,,2026-09-30,2026-10-02T00:00:00+05:30
2503,Balaji Phosphates Limited,BALAJIPHOS.NS,Unspecified,Unscored,No eligible filing under this ticker by the as-of time,,,,,,,,,0,,,2026-09-30,2026-10-02T00:00:00+05:30
2504,HP Telecom India Limited,HPTL.NS,Unspecified,Unscored,No eligible filing under this ticker by the as-of time,,,,,,,,,0,,,2026-09-30,2026-10-02T00:00:00+05:30
2505,Tejas Cargo India Limited,TEJASCARGO.NS,Unspecified,Unscored,No eligible filing under this ticker by the as-of time,,,,,,,,,0,,,2026-09-30,2026-10-02T00:00:00+05:30
2506,Royal Arc Electrodes Limited,ROYALARC.NS,Unspecified,Unscored,No eligible filing under this ticker by the as-of time,,,,,,,,,0,,,2026-09-30,2026-10-02T00:00:00+05:30
2507,P S Raj Steels Limited,PSRAJ.NS,Unspecified,Unscored,No eligible filing under this ticker by the as-of time,,,,,,,,,0,,,2026-09-30,2026-10-02T00:00:00+05:30
2508,Voler Car Limited,VOLERCAR.NS,Unspecified,Unscored,No eligible filing under this ticker by the as-of time,,,,,,,,,0,,,2026-09-30,2026-10-02T00:00:00+05:30
2509,Maxvolt Energy Industries Limited,MAXVOLT.NS,Unspecified,Unscored,No eligible filing under this ticker by the as-of time,,,,,,,,,0,,,2026-09-30,2026-10-02T00:00:00+05:30
2510,Chandan Healthcare Limited,CHANDAN.NS,Unspecified,Unscored,No eligible filing under this ticker by the as-of time,,,,,,,,,0,,,2026-09-30,2026-10-02T00:00:00+05:30
2511,Eleganz Interiors Limited,ELGNZ.NS,Unspecified,Unscored,No eligible filing under this ticker by the as-of time,,,,,,,,,0,,,2026-09-30,2026-10-02T00:00:00+05:30
2512,Readymix Construction Machinery Limited,READYMIX.NS,Unspecified,Unscored,No eligible filing under this ticker by the as-of time,,,,,,,,,0,,,2026-09-30,2026-10-02T00:00:00+05:30
2513,Ken Enterprises Limited,KEN.NS,Unspecified,Unscored,No eligible filing under this ticker by the as-of time,,,,,,,,,0,,,2026-09-30,2026-10-02T00:00:00+05:30
2514,Chamunda Electrical Limited,CHAMUNDA.NS,Unspecified,Unscored,No eligible filing under this ticker by the as-of time,,,,,,,,,0,,,2026-09-30,2026-10-02T00:00:00+05:30
2515,Rexpro Enterprises Limited,REXPRO.NS,Unspecified,Unscored,No eligible filing under this ticker by the as-of time,,,,,,,,,0,,,2026-09-30,2026-10-02T00:00:00+05:30
2516,EMA Partners India Limited,EMAPARTNER.NS,Unspecified,Unscored,No eligible filing under this ticker by the as-of time,,,,,,,,,0,,,2026-09-30,2026-10-02T00:00:00+05:30
2517,Kabra Jewels Limited,KKJEWELS.NS,Unspecified,Unscored,No eligible filing under this ticker by the as-of time,,,,,,,,,0,,,2026-09-30,2026-10-02T00:00:00+05:30
2518,Barflex Polyfilms Limited,BARFLEX.NS,Unspecified,Unscored,No eligible filing under this ticker by the as-of time,,,,,,,,,0,,,2026-09-30,2026-10-02T00:00:00+05:30
2519,Sat Kartar Life Limited,SATKARTAR.NS,Unspecified,Unscored,No eligible filing under this ticker by the as-of time,,,,,,,,,0,,,2026-09-30,2026-10-02T00:00:00+05:30
2520,Delta Autocorp Limited,DELTIC.NS,Unspecified,Unscored,No eligible filing under this ticker by the as-of time,,,,,,,,,0,,,2026-09-30,2026-10-02T00:00:00+05:30
2521,Anya Polytech & Fertilizers Limited,ANYA.NS,Unspecified,Unscored,No eligible filing under this ticker by the as-of time,,,,,,,,,0,,,2026-09-30,2026-10-02T00:00:00+05:30
2522,Newmalayalam Steel Limited,NMSTEEL.NS,Unspecified,Unscored,No eligible filing under this ticker by the as-of time,,,,,,,,,0,,,2026-09-30,2026-10-02T00:00:00+05:30
2523,Identical Brains Studios Limited,IDENTICAL.NS,Unspecified,Unscored,No eligible filing under this ticker by the as-of time,,,,,,,,,0,,,2026-09-30,2026-10-02T00:00:00+05:30
2524,Purple United Sales Limited,PURPLEUTED.NS,Unspecified,Unscored,No eligible filing under this ticker by the as-of time,,,,,,,,,0,,,2026-09-30,2026-10-02T00:00:00+05:30
2525,Supreme Facility Management Limited,SFML.NS,Unspecified,Unscored,No eligible filing under this ticker by the as-of time,,,,,,,,,0,,,2026-09-30,2026-10-02T00:00:00+05:30
2526,Dhanlaxmi Crop Science Limited,DHANLAXMI.NS,Unspecified,Unscored,No eligible filing under this ticker by the as-of time,,,,,,,,,0,,,2026-09-30,2026-10-02T00:00:00+05:30
2527,Emerald Tyre Manufacturers Limited,ETML.NS,Unspecified,Unscored,No eligible filing under this ticker by the as-of time,,,,,,,,,0,,,2026-09-30,2026-10-02T00:00:00+05:30
2528,Ganesh Infraworld Limited,GANESHIN.NS,Unspecified,Unscored,No eligible filing under this ticker by the as-of time,,,,,,,,,0,,,2026-09-30,2026-10-02T00:00:00+05:30
2529,Agarwal Toughened Glass India Limited,AGARWALTUF.NS,Unspecified,Unscored,No eligible filing under this ticker by the as-of time,,,,,,,,,0,,,2026-09-30,2026-10-02T00:00:00+05:30
2530,Abha Power and Steel Limited,ABHAPOWER.NS,Unspecified,Unscored,No eligible filing under this ticker by the as-of time,,,,,,,,,0,,,2026-09-30,2026-10-02T00:00:00+05:30
2531,Apex Ecotech Limited,APEXECO.NS,Unspecified,Unscored,No eligible filing under this ticker by the as-of time,,,,,,,,,0,,,2026-09-30,2026-10-02T00:00:00+05:30
2532,Rajputana Biodiesel Limited,RAJPUTANA.NS,Unspecified,Unscored,No eligible filing under this ticker by the as-of time,,,,,,,,,0,,,2026-09-30,2026-10-02T00:00:00+05:30
2533,C2C Advanced Systems Limited,C2C.NS,Unspecified,Unscored,No eligible filing under this ticker by the as-of time,,,,,,,,,0,,,2026-09-30,2026-10-02T00:00:00+05:30
2534,Innovative Tyres & Tubes Limited,ITTL.NS,Unspecified,Unscored,No eligible filing under this ticker by the as-of time,,,,,,,,,0,,,2026-09-30,2026-10-02T00:00:00+05:30
2535,Lamosaic India Limited,LAMOSAIC.NS,Unspecified,Unscored,No eligible filing under this ticker by the as-of time,,,,,,,,,0,,,2026-09-30,2026-10-02T00:00:00+05:30
2536,Onyx Biotec Limited,ONYX.NS,Unspecified,Unscored,No eligible filing under this ticker by the as-of time,,,,,,,,,0,,,2026-09-30,2026-10-02T00:00:00+05:30
2537,Neelam Linens and Garments (India) Limited,NEELAM.NS,Unspecified,Unscored,No eligible filing under this ticker by the as-of time,,,,,,,,,0,,,2026-09-30,2026-10-02T00:00:00+05:30
2538,Usha Financial Services Limited,USHAFIN.NS,Unspecified,Unscored,No eligible filing under this ticker by the as-of time,,,,,,,,,0,,,2026-09-30,2026-10-02T00:00:00+05:30
2539,OBSC Perfection Limited,OBSCP.NS,Unspecified,Unscored,No eligible filing under this ticker by the as-of time,,,,,,,,,0,,,2026-09-30,2026-10-02T00:00:00+05:30
2540,United Heat Transfer Limited,UHTL.NS,Unspecified,Unscored,No eligible filing under this ticker by the as-of time,,,,,,,,,0,,,2026-09-30,2026-10-02T00:00:00+05:30
2541,Danish Power Limited,DANISH.NS,Unspecified,Unscored,No eligible filing under this ticker by the as-of time,,,,,,,,,0,,,2026-09-30,2026-10-02T00:00:00+05:30
2542,Premium Plast Limited,PREMIUM.NS,Unspecified,Unscored,No eligible filing under this ticker by the as-of time,,,,,,,,,0,,,2026-09-30,2026-10-02T00:00:00+05:30
2543,Freshara Agro Exports Limited,FRESHARA.NS,Unspecified,Unscored,No eligible filing under this ticker by the as-of time,,,,,,,,,0,,,2026-09-30,2026-10-02T00:00:00+05:30
2544,Lakshya Powertech Limited,LAKSHYA.NS,Unspecified,Unscored,No eligible filing under this ticker by the as-of time,,,,,,,,,0,,,2026-09-30,2026-10-02T00:00:00+05:30
2545,Pranik Logistics Limited,PRANIK.NS,Unspecified,Unscored,No eligible filing under this ticker by the as-of time,,,,,,,,,0,,,2026-09-30,2026-10-02T00:00:00+05:30
2546,Paramount Dye Tec Limited,PARAMOUNT.NS,Unspecified,Unscored,No eligible filing under this ticker by the as-of time,,,,,,,,,0,,,2026-09-30,2026-10-02T00:00:00+05:30
2547,HVAX Technologies Limited,HVAX.NS,Unspecified,Unscored,No eligible filing under this ticker by the as-of time,,,,,,,,,0,,,2026-09-30,2026-10-02T00:00:00+05:30
2548,Saj Hotels Limited,SAJHOTELS.NS,Unspecified,Unscored,No eligible filing under this ticker by the as-of time,,,,,,,,,0,,,2026-09-30,2026-10-02T00:00:00+05:30
2549,Sahasra Electronic Solutions Limited,SAHASRA.NS,Unspecified,Unscored,No eligible filing under this ticker by the as-of time,,,,,,,,,0,,,2026-09-30,2026-10-02T00:00:00+05:30
2550,Divyadhan Recycling Industries Limited,DIVYADHAN.NS,Unspecified,Unscored,No eligible filing under this ticker by the as-of time,,,,,,,,,0,,,2026-09-30,2026-10-02T00:00:00+05:30
2551,Forge Auto International Limited,FORGEAUTO.NS,Unspecified,Unscored,No eligible filing under this ticker by the as-of time,,,,,,,,,0,,,2026-09-30,2026-10-02T00:00:00+05:30
2552,Thinking Hats Entertainment Solutions Limited,THESL.NS,Unspecified,Unscored,No eligible filing under this ticker by the as-of time,,,,,,,,,0,,,2026-09-30,2026-10-02T00:00:00+05:30
2553,TechEra Engineering (India) Limited,TECHERA.NS,Unspecified,Unscored,No eligible filing under this ticker by the as-of time,,,,,,,,,0,,,2026-09-30,2026-10-02T00:00:00+05:30
2554,Unilex Colours and Chemicals Limited,UNILEX.NS,Unspecified,Unscored,No eligible filing under this ticker by the as-of time,,,,,,,,,0,,,2026-09-30,2026-10-02T00:00:00+05:30
2555,Wol 3D India Limited,WOL3D.NS,Unspecified,Unscored,No eligible filing under this ticker by the as-of time,,,,,,,,,0,,,2026-09-30,2026-10-02T00:00:00+05:30
2556,Rappid Valves (India) Limited,RAPPID.NS,Unspecified,Unscored,No eligible filing under this ticker by the as-of time,,,,,,,,,0,,,2026-09-30,2026-10-02T00:00:00+05:30
2557,S D Retail Limited,SDREAMS.NS,Unspecified,Unscored,No eligible filing under this ticker by the as-of time,,,,,,,,,0,,,2026-09-30,2026-10-02T00:00:00+05:30
2558,Bikewo Green Tech Limited,BIKEWO.NS,Unspecified,Unscored,No eligible filing under this ticker by the as-of time,,,,,,,,,0,,,2026-09-30,2026-10-02T00:00:00+05:30
2559,Phoenix Overseas Limited,PHOGLOBAL.NS,Unspecified,Unscored,No eligible filing under this ticker by the as-of time,,,,,,,,,0,,,2026-09-30,2026-10-02T00:00:00+05:30
2560,Avi Ansh Textile Limited,AVIANSH.NS,Unspecified,Unscored,No eligible filing under this ticker by the as-of time,,,,,,,,,0,,,2026-09-30,2026-10-02T00:00:00+05:30
2561,Kalana Ispat Limited,KALANA.NS,Unspecified,Unscored,No eligible filing under this ticker by the as-of time,,,,,,,,,0,,,2026-09-30,2026-10-02T00:00:00+05:30
2562,Paramount Speciality Forgings Limited,PSFL.NS,Unspecified,Unscored,No eligible filing under this ticker by the as-of time,,,,,,,,,0,,,2026-09-30,2026-10-02T00:00:00+05:30
2563,Pelatro Limited,PELATRO.NS,Unspecified,Unscored,No eligible filing under this ticker by the as-of time,,,,,,,,,0,,,2026-09-30,2026-10-02T00:00:00+05:30
2564,Osel Devices Limited,OSELDEVICE.NS,Unspecified,Unscored,No eligible filing under this ticker by the as-of time,,,,,,,,,0,,,2026-09-30,2026-10-02T00:00:00+05:30
2565,Envirotech Systems Limited,ENVIRO.NS,Unspecified,Unscored,No eligible filing under this ticker by the as-of time,,,,,,,,,0,,,2026-09-30,2026-10-02T00:00:00+05:30
2566,Deccan Transcon Leasing Limited,DECCANTRAN.NS,Unspecified,Unscored,No eligible filing under this ticker by the as-of time,,,,,,,,,0,,,2026-09-30,2026-10-02T00:00:00+05:30
2567,Excellent Wires and Packaging Limited,EXCELLENT.NS,Unspecified,Unscored,No eligible filing under this ticker by the as-of time,,,,,,,,,0,,,2026-09-30,2026-10-02T00:00:00+05:30
2568,Innomet Advanced Materials Limited,INNOMET.NS,Unspecified,Unscored,No eligible filing under this ticker by the as-of time,,,,,,,,,0,,,2026-09-30,2026-10-02T00:00:00+05:30
2569,SPP Polymer Limited,SPPPOLY.NS,Unspecified,Unscored,No eligible filing under this ticker by the as-of time,,,,,,,,,0,,,2026-09-30,2026-10-02T00:00:00+05:30
2570,Shubhshree Biofuels Energy Limited,SHUBHSHREE.NS,Unspecified,Unscored,No eligible filing under this ticker by the as-of time,,,,,,,,,0,,,2026-09-30,2026-10-02T00:00:00+05:30
2571,Gajanand International Limited,GAJANAND.NS,Unspecified,Unscored,No eligible filing under this ticker by the as-of time,,,,,,,,,0,,,2026-09-30,2026-10-02T00:00:00+05:30
2572,Aditya Ultra Steel Limited,AUSL.NS,Unspecified,Unscored,No eligible filing under this ticker by the as-of time,,,,,,,,,0,,,2026-09-30,2026-10-02T00:00:00+05:30
2573,Vision Infra Equipment Solutions Limited,VIESL.NS,Unspecified,Unscored,No eligible filing under this ticker by the as-of time,,,,,,,,,0,,,2026-09-30,2026-10-02T00:00:00+05:30
2574,My Mudra Fincorp Limited,MYMUDRA.NS,Unspecified,Unscored,No eligible filing under this ticker by the as-of time,,,,,,,,,0,,,2026-09-30,2026-10-02T00:00:00+05:30
2575,Namo eWaste Management Limited,NAMOEWASTE.NS,Unspecified,Unscored,No eligible filing under this ticker by the as-of time,,,,,,,,,0,,,2026-09-30,2026-10-02T00:00:00+05:30
2576,Jeyyam Global Foods Limited,JEYYAM.NS,Unspecified,Unscored,No eligible filing under this ticker by the as-of time,,,,,,,,,0,,,2026-09-30,2026-10-02T00:00:00+05:30
2577,Boss Packaging Solutions Limited,BOSS.NS,Unspecified,Unscored,No eligible filing under this ticker by the as-of time,,,,,,,,,0,,,2026-09-30,2026-10-02T00:00:00+05:30
2578,Paramatrix Technologies Limited,PARAMATRIX.NS,Unspecified,Unscored,No eligible filing under this ticker by the as-of time,,,,,,,,,0,,,2026-09-30,2026-10-02T00:00:00+05:30
2579,Aeron Composite Limited,AERON.NS,Unspecified,Unscored,No eligible filing under this ticker by the as-of time,,,,,,,,,0,,,2026-09-30,2026-10-02T00:00:00+05:30
2580,Jay Bee Laminations Limited,JAYBEE.NS,Unspecified,Unscored,No eligible filing under this ticker by the as-of time,,,,,,,,,0,,,2026-09-30,2026-10-02T00:00:00+05:30
2581,Vdeal System Limited,VDEAL.NS,Unspecified,Unscored,No eligible filing under this ticker by the as-of time,,,,,,,,,0,,,2026-09-30,2026-10-02T00:00:00+05:30
2582,Indian Phosphate Limited,IPHL.NS,Unspecified,Unscored,No eligible filing under this ticker by the as-of time,,,,,,,,,0,,,2026-09-30,2026-10-02T00:00:00+05:30
2583,QVC Exports Limited,QVCEL.NS,Unspecified,Unscored,No eligible filing under this ticker by the as-of time,,,,,,,,,0,,,2026-09-30,2026-10-02T00:00:00+05:30
2584,Ideal Technoplast Industries Limited,IDEALTECHO.NS,Unspecified,Unscored,No eligible filing under this ticker by the as-of time,,,,,,,,,0,,,2026-09-30,2026-10-02T00:00:00+05:30
2585,Forcas Studio Limited,FORCAS.NS,Unspecified,Unscored,No eligible filing under this ticker by the as-of time,,,,,,,,,0,,,2026-09-30,2026-10-02T00:00:00+05:30
2586,Brace Port Logistics Limited,BRACEPORT.NS,Unspecified,Unscored,No eligible filing under this ticker by the as-of time,,,,,,,,,0,,,2026-09-30,2026-10-02T00:00:00+05:30
2587,Solve Plastic Products Limited,BALCO.NS,Unspecified,Unscored,No eligible filing under this ticker by the as-of time,,,,,,,,,0,,,2026-09-30,2026-10-02T00:00:00+05:30
2588,Sunlite Recycling Industries Limited,SUNLITE.NS,Unspecified,Unscored,No eligible filing under this ticker by the as-of time,,,,,,,,,0,,,2026-09-30,2026-10-02T00:00:00+05:30
2589,Positron Energy Limited,POSITRON.NS,Unspecified,Unscored,No eligible filing under this ticker by the as-of time,,,,,,,,,0,,,2026-09-30,2026-10-02T00:00:00+05:30
2590,Aesthetik Engineers Limited,AESTHETIK.NS,Unspecified,Unscored,No eligible filing under this ticker by the as-of time,,,,,,,,,0,,,2026-09-30,2026-10-02T00:00:00+05:30
2591,Picturepost Studios Limited,PPSL.NS,Unspecified,Unscored,No eligible filing under this ticker by the as-of time,,,,,,,,,0,,,2026-09-30,2026-10-02T00:00:00+05:30
2592,Dhariwalcorp Limited,DHARIWAL.NS,Unspecified,Unscored,No eligible filing under this ticker by the as-of time,,,,,,,,,0,,,2026-09-30,2026-10-02T00:00:00+05:30
2593,Utssav CZ Gold Jewels Limited,UTSSAV.NS,Unspecified,Unscored,No eligible filing under this ticker by the as-of time,,,,,,,,,0,,,2026-09-30,2026-10-02T00:00:00+05:30
2594,Bulkcorp International Limited,BULKCORP.NS,Unspecified,Unscored,No eligible filing under this ticker by the as-of time,,,,,,,,,0,,,2026-09-30,2026-10-02T00:00:00+05:30
2595,Ashapura Logistics Limited,ASHALOG.NS,Unspecified,Unscored,No eligible filing under this ticker by the as-of time,,,,,,,,,0,,,2026-09-30,2026-10-02T00:00:00+05:30
2596,Sathlokhar Synergys E&C Global Limited,SSEGL.NS,Unspecified,Unscored,No eligible filing under this ticker by the as-of time,,,,,,,,,0,,,2026-09-30,2026-10-02T00:00:00+05:30
2597,Rajputana Industries Limited,RAJINDLTD.NS,Unspecified,Unscored,No eligible filing under this ticker by the as-of time,,,,,,,,,0,,,2026-09-30,2026-10-02T00:00:00+05:30
2598,Esprit Stones Limited,ESPRIT.NS,Unspecified,Unscored,No eligible filing under this ticker by the as-of time,,,,,,,,,0,,,2026-09-30,2026-10-02T00:00:00+05:30
2599,S A Tech Software India Limited,SATECH.NS,Unspecified,Unscored,No eligible filing under this ticker by the as-of time,,,,,,,,,0,,,2026-09-30,2026-10-02T00:00:00+05:30
2600,Trom Industries Limited,TROM.NS,Unspecified,Unscored,No eligible filing under this ticker by the as-of time,,,,,,,,,0,,,2026-09-30,2026-10-02T00:00:00+05:30
2601,Aprameya Engineering Limited,APRAMEYA.NS,Unspecified,Unscored,No eligible filing under this ticker by the as-of time,,,,,,,,,0,,,2026-09-30,2026-10-02T00:00:00+05:30
2602,Manglam Infra & Engineering Limited,MIEL.NS,Unspecified,Unscored,No eligible filing under this ticker by the as-of time,,,,,,,,,0,,,2026-09-30,2026-10-02T00:00:00+05:30
2603,Chetana Education Limited,CHETANA.NS,Unspecified,Unscored,No eligible filing under this ticker by the as-of time,,,,,,,,,0,,,2026-09-30,2026-10-02T00:00:00+05:30
2604,V.L.Infraprojects Limited,VLINFRA.NS,Unspecified,Unscored,No eligible filing under this ticker by the as-of time,,,,,,,,,0,,,2026-09-30,2026-10-02T00:00:00+05:30
2605,RNFI Services Limited,RNFI.NS,Unspecified,Unscored,No eligible filing under this ticker by the as-of time,,,,,,,,,0,,,2026-09-30,2026-10-02T00:00:00+05:30
2606,Kataria Industries Limited,KATARIA.NS,Unspecified,Unscored,No eligible filing under this ticker by the as-of time,,,,,,,,,0,,,2026-09-30,2026-10-02T00:00:00+05:30
2607,Macobs Technologies Limited,MACOBSTECH.NS,Unspecified,Unscored,No eligible filing under this ticker by the as-of time,,,,,,,,,0,,,2026-09-30,2026-10-02T00:00:00+05:30
2608,Tunwal E-Motors Limited,TUNWAL.NS,Unspecified,Unscored,No eligible filing under this ticker by the as-of time,,,,,,,,,0,,,2026-09-30,2026-10-02T00:00:00+05:30
2609,Prizor Viztech Limited,PRIZOR.NS,Unspecified,Unscored,No eligible filing under this ticker by the as-of time,,,,,,,,,0,,,2026-09-30,2026-10-02T00:00:00+05:30
2610,Sati Poly Plast Limited,SATIPOLY.NS,Unspecified,Unscored,No eligible filing under this ticker by the as-of time,,,,,,,,,0,,,2026-09-30,2026-10-02T00:00:00+05:30
2611,Sahaj Solar Limited,SAHAJSOLAR.NS,Unspecified,Unscored,No eligible filing under this ticker by the as-of time,,,,,,,,,0,,,2026-09-30,2026-10-02T00:00:00+05:30
2612,Ganesh Green Bharat Limited,GGBL.NS,Unspecified,Unscored,No eligible filing under this ticker by the as-of time,,,,,,,,,0,,,2026-09-30,2026-10-02T00:00:00+05:30
2613,Effwa Infra & Research Limited,EFFWA.NS,Unspecified,Unscored,No eligible filing under this ticker by the as-of time,,,,,,,,,0,,,2026-09-30,2026-10-02T00:00:00+05:30
2614,Ambey Laboratories Limited,AMBEY.NS,Unspecified,Unscored,No eligible filing under this ticker by the as-of time,,,,,,,,,0,,,2026-09-30,2026-10-02T00:00:00+05:30
2615,Nephro Care India Limited,NEPHROCARE.NS,Unspecified,Unscored,No eligible filing under this ticker by the as-of time,,,,,,,,,0,,,2026-09-30,2026-10-02T00:00:00+05:30
2616,Diensten Tech Limited,DTL.NS,Unspecified,Unscored,No eligible filing under this ticker by the as-of time,,,,,,,,,0,,,2026-09-30,2026-10-02T00:00:00+05:30
2617,Akiko Global Services Limited,AKIKO.NS,Unspecified,Unscored,No eligible filing under this ticker by the as-of time,,,,,,,,,0,,,2026-09-30,2026-10-02T00:00:00+05:30
2618,Divine Power Energy Limited,DPEL.NS,Unspecified,Unscored,No eligible filing under this ticker by the as-of time,,,,,,,,,0,,,2026-09-30,2026-10-02T00:00:00+05:30
2619,Petro Carbon and Chemicals Limited,PCCL.NS,Unspecified,Unscored,No eligible filing under this ticker by the as-of time,,,,,,,,,0,,,2026-09-30,2026-10-02T00:00:00+05:30
2620,Mason Infratech Limited,MASON.NS,Unspecified,Unscored,No eligible filing under this ticker by the as-of time,,,,,,,,,0,,,2026-09-30,2026-10-02T00:00:00+05:30
2621,Visaman Global Sales Limited,VISAMAN.NS,Unspecified,Unscored,No eligible filing under this ticker by the as-of time,,,,,,,,,0,,,2026-09-30,2026-10-02T00:00:00+05:30
2622,Sylvan Plyboard (India) Limited,SYLVANPLY.NS,Unspecified,Unscored,No eligible filing under this ticker by the as-of time,,,,,,,,,0,,,2026-09-30,2026-10-02T00:00:00+05:30
2623,Shivalic Power Control Limited,SPCL.NS,Unspecified,Unscored,No eligible filing under this ticker by the as-of time,,,,,,,,,0,,,2026-09-30,2026-10-02T00:00:00+05:30
2624,Medicamen Organics Limited,MEDIORG.NS,Unspecified,Unscored,No eligible filing under this ticker by the as-of time,,,,,,,,,0,,,2026-09-30,2026-10-02T00:00:00+05:30
2625,Winny Immigration & Education Services Limited,WINNY.NS,Unspecified,Unscored,No eligible filing under this ticker by the as-of time,,,,,,,,,0,,,2026-09-30,2026-10-02T00:00:00+05:30
2626,Durlax Top Surface Limited,DURLAX.NS,Unspecified,Unscored,No eligible filing under this ticker by the as-of time,,,,,,,,,0,,,2026-09-30,2026-10-02T00:00:00+05:30
2627,Falcon Technoprojects India Limited,FALCONTECH.NS,Unspecified,Unscored,No eligible filing under this ticker by the as-of time,,,,,,,,,0,,,2026-09-30,2026-10-02T00:00:00+05:30
2628,GP Eco Solutions India Limited,GPECO.NS,Unspecified,Unscored,No eligible filing under this ticker by the as-of time,,,,,,,,,0,,,2026-09-30,2026-10-02T00:00:00+05:30
2629,TBI Corn Limited,TBI.NS,Unspecified,Unscored,No eligible filing under this ticker by the as-of time,,,,,,,,,0,,,2026-09-30,2026-10-02T00:00:00+05:30
2630,Aimtron Electronics Limited,AIMTRON.NS,Unspecified,Unscored,No eligible filing under this ticker by the as-of time,,,,,,,,,0,,,2026-09-30,2026-10-02T00:00:00+05:30
2631,Z-Tech (India) Limited,ZTECH.NS,Unspecified,Unscored,No eligible filing under this ticker by the as-of time,,,,,,,,,0,,,2026-09-30,2026-10-02T00:00:00+05:30
2632,Beacon Trusteeship Limited,BEACON.NS,Unspecified,Unscored,No eligible filing under this ticker by the as-of time,,,,,,,,,0,,,2026-09-30,2026-10-02T00:00:00+05:30
2633,Vilas Transcore Limited,VILAS.NS,Unspecified,Unscored,No eligible filing under this ticker by the as-of time,,,,,,,,,0,,,2026-09-30,2026-10-02T00:00:00+05:30
2634,GSM Foils Limited,GSMFOILS.NS,Unspecified,Unscored,No eligible filing under this ticker by the as-of time,,,,,,,,,0,,,2026-09-30,2026-10-02T00:00:00+05:30
2635,Rulka Electricals Limited,RULKA.NS,Unspecified,Unscored,No eligible filing under this ticker by the as-of time,,,,,,,,,0,,,2026-09-30,2026-10-02T00:00:00+05:30
2636,Hoac Foods India Limited,HOACFOODS.NS,Unspecified,Unscored,No eligible filing under this ticker by the as-of time,,,,,,,,,0,,,2026-09-30,2026-10-02T00:00:00+05:30
2637,Quest Laboratories Limited,QUESTLAB.NS,Unspecified,Unscored,No eligible filing under this ticker by the as-of time,,,,,,,,,0,,,2026-09-30,2026-10-02T00:00:00+05:30
2638,Indian Emulsifiers Limited,IEML.NS,Unspecified,Unscored,No eligible filing under this ticker by the as-of time,,,,,,,,,0,,,2026-09-30,2026-10-02T00:00:00+05:30
2639,Mandeep Auto Industries Limited,MANDEEP.NS,Unspecified,Unscored,No eligible filing under this ticker by the as-of time,,,,,,,,,0,,,2026-09-30,2026-10-02T00:00:00+05:30
2640,ABS Marine Services Limited,ABSMARINE.NS,Unspecified,Unscored,No eligible filing under this ticker by the as-of time,,,,,,,,,0,,,2026-09-30,2026-10-02T00:00:00+05:30
2641,Veritaas Advertising Limited,VERITAAS.NS,Unspecified,Unscored,No eligible filing under this ticker by the as-of time,,,,,,,,,0,,,2026-09-30,2026-10-02T00:00:00+05:30
2642,Premier Roadlines Limited,PRLIND.NS,Unspecified,Unscored,No eligible filing under this ticker by the as-of time,,,,,,,,,0,,,2026-09-30,2026-10-02T00:00:00+05:30
2643,Energy Mission Machineries (India) Limited,EMMIL.NS,Unspecified,Unscored,No eligible filing under this ticker by the as-of time,,,,,,,,,0,,,2026-09-30,2026-10-02T00:00:00+05:30
2644,Silkflex Polymers (India) Limited,SILKFLEX.NS,Unspecified,Unscored,No eligible filing under this ticker by the as-of time,,,,,,,,,0,,,2026-09-30,2026-10-02T00:00:00+05:30
2645,Refractory Shapes Limited,REFRACTORY.NS,Unspecified,Unscored,No eligible filing under this ticker by the as-of time,,,,,,,,,0,,,2026-09-30,2026-10-02T00:00:00+05:30
2646,Winsol Engineers Limited,WINSOL.NS,Unspecified,Unscored,No eligible filing under this ticker by the as-of time,,,,,,,,,0,,,2026-09-30,2026-10-02T00:00:00+05:30
2647,Slone Infosystems Limited,SLONE.NS,Unspecified,Unscored,No eligible filing under this ticker by the as-of time,,,,,,,,,0,,,2026-09-30,2026-10-02T00:00:00+05:30
2648,Grill Splendour Services Limited,BIRDYS.NS,Unspecified,Unscored,No eligible filing under this ticker by the as-of time,,,,,,,,,0,,,2026-09-30,2026-10-02T00:00:00+05:30
2649,Ramdevbaba Solvent Limited,RBS.NS,Unspecified,Unscored,No eligible filing under this ticker by the as-of time,,,,,,,,,0,,,2026-09-30,2026-10-02T00:00:00+05:30
2650,Teerth Gopicon Limited,TGL.NS,Unspecified,Unscored,No eligible filing under this ticker by the as-of time,,,,,,,,,0,,,2026-09-30,2026-10-02T00:00:00+05:30
2651,DCG Cables & Wires Limited,DCG.NS,Unspecified,Unscored,No eligible filing under this ticker by the as-of time,,,,,,,,,0,,,2026-09-30,2026-10-02T00:00:00+05:30
2652,DRS Cargo Movers Limited,DRSCARGO.NS,Unspecified,Unscored,No eligible filing under this ticker by the as-of time,,,,,,,,,0,,,2026-09-30,2026-10-02T00:00:00+05:30
2653,Creative Graphics Solutions India Limited,CGRAPHICS.NS,Unspecified,Unscored,No eligible filing under this ticker by the as-of time,,,,,,,,,0,,,2026-09-30,2026-10-02T00:00:00+05:30
2654,ALUWIND INFRA-TECH LIMITED,ALUWIND.NS,Unspecified,Unscored,No eligible filing under this ticker by the as-of time,,,,,,,,,0,,,2026-09-30,2026-10-02T00:00:00+05:30
2655,K2 Infragen Limited,K2INFRA.NS,Unspecified,Unscored,No eligible filing under this ticker by the as-of time,,,,,,,,,0,,,2026-09-30,2026-10-02T00:00:00+05:30
2656,Yash Optics & Lens Limited,YASHOPTICS.NS,Unspecified,Unscored,No eligible filing under this ticker by the as-of time,,,,,,,,,0,,,2026-09-30,2026-10-02T00:00:00+05:30
2657,TAC Infosec Limited,TAC.NS,Unspecified,Unscored,No eligible filing under this ticker by the as-of time,,,,,,,,,0,,,2026-09-30,2026-10-02T00:00:00+05:30
2658,Radiowalla Network Limited,RADIOWALLA.NS,Unspecified,Unscored,No eligible filing under this ticker by the as-of time,,,,,,,,,0,,,2026-09-30,2026-10-02T00:00:00+05:30
2659,Trust Fintech Limited,TRUST.NS,Unspecified,Unscored,No eligible filing under this ticker by the as-of time,,,,,,,,,0,,,2026-09-30,2026-10-02T00:00:00+05:30
2660,Aspire & Innovative Advertising Limited,ASPIRE.NS,Unspecified,Unscored,No eligible filing under this ticker by the as-of time,,,,,,,,,0,,,2026-09-30,2026-10-02T00:00:00+05:30
2661,Blue Pebble Limited,BLUEPEBBLE.NS,Unspecified,Unscored,No eligible filing under this ticker by the as-of time,,,,,,,,,0,,,2026-09-30,2026-10-02T00:00:00+05:30
2662,Naman Industries Proxima Limited,NAMAN.NS,Unspecified,Unscored,No eligible filing under this ticker by the as-of time,,,,,,,,,0,,,2026-09-30,2026-10-02T00:00:00+05:30
2663,Vishwas Agri Seeds Limited,VISHWAS.NS,Unspecified,Unscored,No eligible filing under this ticker by the as-of time,,,,,,,,,0,,,2026-09-30,2026-10-02T00:00:00+05:30
2664,Enfuse Solutions Limited,ENFUSE.NS,Unspecified,Unscored,No eligible filing under this ticker by the as-of time,,,,,,,,,0,,,2026-09-30,2026-10-02T00:00:00+05:30
2665,Enser Communications Limited,ENSER.NS,Unspecified,Unscored,No eligible filing under this ticker by the as-of time,,,,,,,,,0,,,2026-09-30,2026-10-02T00:00:00+05:30
2666,AVP Infracon Limited,AVPINFRA.NS,Unspecified,Unscored,No eligible filing under this ticker by the as-of time,,,,,,,,,0,,,2026-09-30,2026-10-02T00:00:00+05:30
2667,Signoria Creation Limited,SIGNORIA.NS,Unspecified,Unscored,No eligible filing under this ticker by the as-of time,,,,,,,,,0,,,2026-09-30,2026-10-02T00:00:00+05:30
2668,Pratham EPC Projects Limited,PRATHAM.NS,Unspecified,Unscored,No eligible filing under this ticker by the as-of time,,,,,,,,,0,,,2026-09-30,2026-10-02T00:00:00+05:30
2669,Shree Karni Fabcom Limited,SHREEKARNI.NS,Unspecified,Unscored,No eligible filing under this ticker by the as-of time,,,,,,,,,0,,,2026-09-30,2026-10-02T00:00:00+05:30
2670,Sona Machinery Limited,SONAMAC.NS,Unspecified,Unscored,No eligible filing under this ticker by the as-of time,,,,,,,,,0,,,2026-09-30,2026-10-02T00:00:00+05:30
2671,V R Infraspace Limited,VR.NS,Unspecified,Unscored,No eligible filing under this ticker by the as-of time,,,,,,,,,0,,,2026-09-30,2026-10-02T00:00:00+05:30
2672,M.V.K. Agro Food Product Limited,MVKAGRO.NS,Unspecified,Unscored,No eligible filing under this ticker by the as-of time,,,,,,,,,0,,,2026-09-30,2026-10-02T00:00:00+05:30
2673,Purv Flexipack Limited,PURVFLEXI.NS,Unspecified,Unscored,No eligible filing under this ticker by the as-of time,,,,,,,,,0,,,2026-09-30,2026-10-02T00:00:00+05:30
2674,Owais Metal And Mineral Processing Limited,OWAIS.NS,Unspecified,Unscored,No eligible filing under this ticker by the as-of time,,,,,,,,,0,,,2026-09-30,2026-10-02T00:00:00+05:30
2675,Sadhav Shipping Limited,SADHAV.NS,Unspecified,Unscored,No eligible filing under this ticker by the as-of time,,,,,,,,,0,,,2026-09-30,2026-10-02T00:00:00+05:30
2676,Deem Roll Tech Limited,DEEM.NS,Unspecified,Unscored,No eligible filing under this ticker by the as-of time,,,,,,,,,0,,,2026-09-30,2026-10-02T00:00:00+05:30
2677,Zenith Drugs Limited,ZENITHDRUG.NS,Unspecified,Unscored,No eligible filing under this ticker by the as-of time,,,,,,,,,0,,,2026-09-30,2026-10-02T00:00:00+05:30
2678,Esconet Technologies Limited,ESCONET.NS,Unspecified,Unscored,No eligible filing under this ticker by the as-of time,,,,,,,,,0,,,2026-09-30,2026-10-02T00:00:00+05:30
2679,Thaai Casting Limited,TCL.NS,Unspecified,Unscored,No eligible filing under this ticker by the as-of time,,,,,,,,,0,,,2026-09-30,2026-10-02T00:00:00+05:30
2680,Interiors & More Limited,INM.NS,Unspecified,Unscored,No eligible filing under this ticker by the as-of time,,,,,,,,,0,,,2026-09-30,2026-10-02T00:00:00+05:30
2681,Atmastco Limited,ATMASTCO.NS,Unspecified,Unscored,No eligible filing under this ticker by the as-of time,,,,,,,,,0,,,2026-09-30,2026-10-02T00:00:00+05:30
2682,Wise Travel India Limited,WTICAB.NS,Unspecified,Unscored,No eligible filing under this ticker by the as-of time,,,,,,,,,0,,,2026-09-30,2026-10-02T00:00:00+05:30
2683,Polysil Irrigation Systems Limited,POLYSIL.NS,Unspecified,Unscored,No eligible filing under this ticker by the as-of time,,,,,,,,,0,,,2026-09-30,2026-10-02T00:00:00+05:30
2684,Alpex Solar Limited,ALPEXSOLAR.NS,Unspecified,Unscored,No eligible filing under this ticker by the as-of time,,,,,,,,,0,,,2026-09-30,2026-10-02T00:00:00+05:30
2685,Italian Edibles Limited,ITALIANE.NS,Unspecified,Unscored,No eligible filing under this ticker by the as-of time,,,,,,,,,0,,,2026-09-30,2026-10-02T00:00:00+05:30
2686,Baweja Studios Limited,BAWEJA.NS,Unspecified,Unscored,No eligible filing under this ticker by the as-of time,,,,,,,,,0,,,2026-09-30,2026-10-02T00:00:00+05:30
2687,Megatherm Induction Limited,MEGATHERM.NS,Unspecified,Unscored,No eligible filing under this ticker by the as-of time,,,,,,,,,0,,,2026-09-30,2026-10-02T00:00:00+05:30
2688,Fonebox Retail Limited,FONEBOX.NS,Unspecified,Unscored,No eligible filing under this ticker by the as-of time,,,,,,,,,0,,,2026-09-30,2026-10-02T00:00:00+05:30
2689,Delaplex Limited,DELAPLEX.NS,Unspecified,Unscored,No eligible filing under this ticker by the as-of time,,,,,,,,,0,,,2026-09-30,2026-10-02T00:00:00+05:30
2690,Docmode Health Technologies Limited,DHTL.NS,Unspecified,Unscored,No eligible filing under this ticker by the as-of time,,,,,,,,,0,,,2026-09-30,2026-10-02T00:00:00+05:30
2691,Konstelec Engineers Limited,KONSTELEC.NS,Unspecified,Unscored,No eligible filing under this ticker by the as-of time,,,,,,,,,0,,,2026-09-30,2026-10-02T00:00:00+05:30
2692,Addictive Learning Technology Limited,ADDICTIVE.NS,Unspecified,Unscored,No eligible filing under this ticker by the as-of time,,,,,,,,,0,,,2026-09-30,2026-10-02T00:00:00+05:30
2693,Maxposure Limited,MAXPOSURE.NS,Unspecified,Unscored,No eligible filing under this ticker by the as-of time,,,,,,,,,0,,,2026-09-30,2026-10-02T00:00:00+05:30
2694,Australian Premium Solar (India) Limited,APS.NS,Unspecified,Unscored,No eligible filing under this ticker by the as-of time,,,,,,,,,0,,,2026-09-30,2026-10-02T00:00:00+05:30
2695,IBL Finance Limited,IBLFL.NS,Unspecified,Unscored,No eligible filing under this ticker by the as-of time,,,,,,,,,0,,,2026-09-30,2026-10-02T00:00:00+05:30
2696,Kaushalya Logistics Limited,KLL.NS,Unspecified,Unscored,No eligible filing under this ticker by the as-of time,,,,,,,,,0,,,2026-09-30,2026-10-02T00:00:00+05:30
2697,Kay Cee Energy & Infra Limited,KCEIL.NS,Unspecified,Unscored,No eligible filing under this ticker by the as-of time,,,,,,,,,0,,,2026-09-30,2026-10-02T00:00:00+05:30
2698,HRH Next Services Limited,HRHNEXT.NS,Unspecified,Unscored,No eligible filing under this ticker by the as-of time,,,,,,,,,0,,,2026-09-30,2026-10-02T00:00:00+05:30
2699,Akanksha Power and Infrastructure Limited,AKANKSHA.NS,Unspecified,Unscored,No eligible filing under this ticker by the as-of time,,,,,,,,,0,,,2026-09-30,2026-10-02T00:00:00+05:30
2700,Sameera Agro And Infra Limited,SAIFL.NS,Unspecified,Unscored,No eligible filing under this ticker by the as-of time,,,,,,,,,0,,,2026-09-30,2026-10-02T00:00:00+05:30
2701,Trident Techlabs Limited,TECHLABS.NS,Unspecified,Unscored,No eligible filing under this ticker by the as-of time,,,,,,,,,0,,,2026-09-30,2026-10-02T00:00:00+05:30
2702,Supreme Power Equipment Limited,SUPREMEPWR.NS,Unspecified,Unscored,No eligible filing under this ticker by the as-of time,,,,,,,,,0,,,2026-09-30,2026-10-02T00:00:00+05:30
2703,Indifra Limited,INDIFRA.NS,Unspecified,Unscored,No eligible filing under this ticker by the as-of time,,,,,,,,,0,,,2026-09-30,2026-10-02T00:00:00+05:30
2704,Electro Force (India) Limited,EFORCE.NS,Unspecified,Unscored,No eligible filing under this ticker by the as-of time,,,,,,,,,0,,,2026-09-30,2026-10-02T00:00:00+05:30
2705,Shree OSFM E-Mobility Limited,SHREEOSFM.NS,Unspecified,Unscored,No eligible filing under this ticker by the as-of time,,,,,,,,,0,,,2026-09-30,2026-10-02T00:00:00+05:30
2706,S J Logistics (India) Limited,SJLOGISTIC.NS,Unspecified,Unscored,No eligible filing under this ticker by the as-of time,,,,,,,,,0,,,2026-09-30,2026-10-02T00:00:00+05:30
2707,Presstonic Engineering Limited,PRESSTONIC.NS,Unspecified,Unscored,No eligible filing under this ticker by the as-of time,,,,,,,,,0,,,2026-09-30,2026-10-02T00:00:00+05:30
2708,Accent Microcell Limited,ACCENTMIC.NS,Unspecified,Unscored,No eligible filing under this ticker by the as-of time,,,,,,,,,0,,,2026-09-30,2026-10-02T00:00:00+05:30
2709,Graphisads Limited,GRAPHISAD.NS,Unspecified,Unscored,No eligible filing under this ticker by the as-of time,,,,,,,,,0,,,2026-09-30,2026-10-02T00:00:00+05:30
2710,Sheetal Universal Limited,SHEETAL.NS,Unspecified,Unscored,No eligible filing under this ticker by the as-of time,,,,,,,,,0,,,2026-09-30,2026-10-02T00:00:00+05:30
2711,Marinetrans India Limited,MARINETRAN.NS,Unspecified,Unscored,No eligible filing under this ticker by the as-of time,,,,,,,,,0,,,2026-09-30,2026-10-02T00:00:00+05:30
2712,Net Avenue Technologies Limited,CBAZAAR.NS,Unspecified,Unscored,No eligible filing under this ticker by the as-of time,,,,,,,,,0,,,2026-09-30,2026-10-02T00:00:00+05:30
2713,Rockingdeals Circular Economy Limited,ROCKINGDCE.NS,Unspecified,Unscored,No eligible filing under this ticker by the as-of time,,,,,,,,,0,,,2026-09-30,2026-10-02T00:00:00+05:30
2714,Sunrest Lifescience Limited,SUNREST.NS,Unspecified,Unscored,No eligible filing under this ticker by the as-of time,,,,,,,,,0,,,2026-09-30,2026-10-02T00:00:00+05:30
2715,Rox Hi Tech Limited,ROXHITECH.NS,Unspecified,Unscored,No eligible filing under this ticker by the as-of time,,,,,,,,,0,,,2026-09-30,2026-10-02T00:00:00+05:30
2716,Baba Food Processing (India) Limited,BABAFP.NS,Unspecified,Unscored,No eligible filing under this ticker by the as-of time,,,,,,,,,0,,,2026-09-30,2026-10-02T00:00:00+05:30
2717,Micropro Software Solutions Limited,MICROPRO.NS,Unspecified,Unscored,No eligible filing under this ticker by the as-of time,,,,,,,,,0,,,2026-09-30,2026-10-02T00:00:00+05:30
2718,Sar Televenture Limited,SARTELE.NS,Unspecified,Unscored,No eligible filing under this ticker by the as-of time,,,,,,,,,0,,,2026-09-30,2026-10-02T00:00:00+05:30
2719,Maitreya Medicare Limited,MAITREYA.NS,Unspecified,Unscored,No eligible filing under this ticker by the as-of time,,,,,,,,,0,,,2026-09-30,2026-10-02T00:00:00+05:30
2720,Transteel Seating Technologies Limited,TRANSTEEL.NS,Unspecified,Unscored,No eligible filing under this ticker by the as-of time,,,,,,,,,0,,,2026-09-30,2026-10-02T00:00:00+05:30
2721,Shanthala FMCG Products Limited,SHANTHALA.NS,Unspecified,Unscored,No eligible filing under this ticker by the as-of time,,,,,,,,,0,,,2026-09-30,2026-10-02T00:00:00+05:30
2722,Paragon Fine and Speciality Chemical Limited,PARAGON.NS,Unspecified,Unscored,No eligible filing under this ticker by the as-of time,,,,,,,,,0,,,2026-09-30,2026-10-02T00:00:00+05:30
2723,On Door Concepts Limited,ONDOOR.NS,Unspecified,Unscored,No eligible filing under this ticker by the as-of time,,,,,,,,,0,,,2026-09-30,2026-10-02T00:00:00+05:30
2724,Rajgor Castor Derivatives Limited,RCDL.NS,Unspecified,Unscored,No eligible filing under this ticker by the as-of time,,,,,,,,,0,,,2026-09-30,2026-10-02T00:00:00+05:30
2725,Womancart Limited,WOMANCART.NS,Unspecified,Unscored,No eligible filing under this ticker by the as-of time,,,,,,,,,0,,,2026-09-30,2026-10-02T00:00:00+05:30
2726,ARVIND PORT AND INFRA LIMITED,ARVINDPORT.NS,Unspecified,Unscored,No eligible filing under this ticker by the as-of time,,,,,,,,,0,,,2026-09-30,2026-10-02T00:00:00+05:30
2727,Committed Cargo Care Limited,COMMITTED.NS,Unspecified,Unscored,No eligible filing under this ticker by the as-of time,,,,,,,,,0,,,2026-09-30,2026-10-02T00:00:00+05:30
2728,Plada Infotech Services Limited,PLADAINFO.NS,Unspecified,Unscored,No eligible filing under this ticker by the as-of time,,,,,,,,,0,,,2026-09-30,2026-10-02T00:00:00+05:30
2729,Karnika Industries Limited,KARNIKA.NS,Unspecified,Unscored,No eligible filing under this ticker by the as-of time,,,,,,,,,0,,,2026-09-30,2026-10-02T00:00:00+05:30
2730,Sharp Chucks and Machines Limited,SCML.NS,Unspecified,Unscored,No eligible filing under this ticker by the as-of time,,,,,,,,,0,,,2026-09-30,2026-10-02T00:00:00+05:30
2731,Canarys Automations Limited,CANARYS.NS,Unspecified,Unscored,No eligible filing under this ticker by the as-of time,,,,,,,,,0,,,2026-09-30,2026-10-02T00:00:00+05:30
2732,Goyal Salt Limited,GOYALSALT.NS,Unspecified,Unscored,No eligible filing under this ticker by the as-of time,,,,,,,,,0,,,2026-09-30,2026-10-02T00:00:00+05:30
2733,Oneclick Logistics India Limited,OLIL.NS,Unspecified,Unscored,No eligible filing under this ticker by the as-of time,,,,,,,,,0,,,2026-09-30,2026-10-02T00:00:00+05:30
2734,Vishnusurya Projects and Infra Limited,VISHNUINFR.NS,Unspecified,Unscored,No eligible filing under this ticker by the as-of time,,,,,,,,,0,,,2026-09-30,2026-10-02T00:00:00+05:30
2735,Kontor Space Limited,KONTOR.NS,Unspecified,Unscored,No eligible filing under this ticker by the as-of time,,,,,,,,,0,,,2026-09-30,2026-10-02T00:00:00+05:30
2736,E Factor Experiences Limited,EFACTOR.NS,Unspecified,Unscored,No eligible filing under this ticker by the as-of time,,,,,,,,,0,,,2026-09-30,2026-10-02T00:00:00+05:30
2737,Arabian Petroleum Limited,ARABIAN.NS,Unspecified,Unscored,No eligible filing under this ticker by the as-of time,,,,,,,,,0,,,2026-09-30,2026-10-02T00:00:00+05:30
2738,Vinyas Innovative Technologies Limited,VINYAS.NS,Unspecified,Unscored,No eligible filing under this ticker by the as-of time,,,,,,,,,0,,,2026-09-30,2026-10-02T00:00:00+05:30
2739,Newjaisa Technologies Limited,NEWJAISA.NS,Unspecified,Unscored,No eligible filing under this ticker by the as-of time,,,,,,,,,0,,,2026-09-30,2026-10-02T00:00:00+05:30
2740,Inspire Films Limited,INSPIRE.NS,Unspecified,Unscored,No eligible filing under this ticker by the as-of time,,,,,,,,,0,,,2026-09-30,2026-10-02T00:00:00+05:30
2741,Digikore Studios Limited,DIGIKORE.NS,Unspecified,Unscored,No eligible filing under this ticker by the as-of time,,,,,,,,,0,,,2026-09-30,2026-10-02T00:00:00+05:30
2742,Mangalam Alloys Limited,MAL.NS,Unspecified,Unscored,No eligible filing under this ticker by the as-of time,,,,,,,,,0,,,2026-09-30,2026-10-02T00:00:00+05:30
2743,Saakshi Medtech and Panels Limited,SAAKSHI.NS,Unspecified,Unscored,No eligible filing under this ticker by the as-of time,,,,,,,,,0,,,2026-09-30,2026-10-02T00:00:00+05:30
2744,Master Components Limited,MASTER.NS,Unspecified,Unscored,No eligible filing under this ticker by the as-of time,,,,,,,,,0,,,2026-09-30,2026-10-02T00:00:00+05:30
2745,Hi-Green Carbon Limited,HIGREEN.NS,Unspecified,Unscored,No eligible filing under this ticker by the as-of time,,,,,,,,,0,,,2026-09-30,2026-10-02T00:00:00+05:30
2746,Cellecor Gadgets Limited,CELLECOR.NS,Unspecified,Unscored,No eligible filing under this ticker by the as-of time,,,,,,,,,0,,,2026-09-30,2026-10-02T00:00:00+05:30
2747,Marco Cables & Conductors Limited,MARCO.NS,Unspecified,Unscored,No eligible filing under this ticker by the as-of time,,,,,,,,,0,,,2026-09-30,2026-10-02T00:00:00+05:30
2748,Kody Technolab Limited,KODYTECH.NS,Unspecified,Unscored,No eligible filing under this ticker by the as-of time,,,,,,,,,0,,,2026-09-30,2026-10-02T00:00:00+05:30
2749,Kundan Edifice Limited,KEL.NS,Unspecified,Unscored,No eligible filing under this ticker by the as-of time,,,,,,,,,0,,,2026-09-30,2026-10-02T00:00:00+05:30
2750,Madhusudan Masala Limited,MADHUSUDAN.NS,Unspecified,Unscored,No eligible filing under this ticker by the as-of time,,,,,,,,,0,,,2026-09-30,2026-10-02T00:00:00+05:30
2751,Holmarc Opto-Mechatronics Limited,HOLMARC.NS,Unspecified,Unscored,No eligible filing under this ticker by the as-of time,,,,,,,,,0,,,2026-09-30,2026-10-02T00:00:00+05:30
2752,Chavda Infra Limited,CHAVDA.NS,Unspecified,Unscored,No eligible filing under this ticker by the as-of time,,,,,,,,,0,,,2026-09-30,2026-10-02T00:00:00+05:30
2753,Unihealth Hospitals Limited,UNIHEALTH.NS,Unspecified,Unscored,No eligible filing under this ticker by the as-of time,,,,,,,,,0,,,2026-09-30,2026-10-02T00:00:00+05:30
2754,Jiwanram Sheoduttrai Industries Limited,JIWANRAM.NS,Unspecified,Unscored,No eligible filing under this ticker by the as-of time,,,,,,,,,0,,,2026-09-30,2026-10-02T00:00:00+05:30
2755,Pramara Promotions Limited,PRAMARA.NS,Unspecified,Unscored,No eligible filing under this ticker by the as-of time,,,,,,,,,0,,,2026-09-30,2026-10-02T00:00:00+05:30
2756,Saroja Pharma Industries India Limited,SAROJA.NS,Unspecified,Unscored,No eligible filing under this ticker by the as-of time,,,,,,,,,0,,,2026-09-30,2026-10-02T00:00:00+05:30
2757,Basilic Fly Studio Limited,BASILIC.NS,Unspecified,Unscored,No eligible filing under this ticker by the as-of time,,,,,,,,,0,,,2026-09-30,2026-10-02T00:00:00+05:30
2758,Mono Pharmacare Limited,MONOPHARMA.NS,Unspecified,Unscored,No eligible filing under this ticker by the as-of time,,,,,,,,,0,,,2026-09-30,2026-10-02T00:00:00+05:30
2759,C P S Shapers Limited,CPS.NS,Unspecified,Unscored,No eligible filing under this ticker by the as-of time,,,,,,,,,0,,,2026-09-30,2026-10-02T00:00:00+05:30
2760,Sungarner Energies Limited,SEL.NS,Unspecified,Unscored,No eligible filing under this ticker by the as-of time,,,,,,,,,0,,,2026-09-30,2026-10-02T00:00:00+05:30
2761,Crop Life Science Limited,CLSL.NS,Unspecified,Unscored,No eligible filing under this ticker by the as-of time,,,,,,,,,0,,,2026-09-30,2026-10-02T00:00:00+05:30
2762,Srivari Spices And Foods Limited,SSFL.NS,Unspecified,Unscored,No eligible filing under this ticker by the as-of time,,,,,,,,,0,,,2026-09-30,2026-10-02T00:00:00+05:30
2763,Yudiz Solutions Limited,YUDIZ.NS,Unspecified,Unscored,No eligible filing under this ticker by the as-of time,,,,,,,,,0,,,2026-09-30,2026-10-02T00:00:00+05:30
2764,Sangani Hospitals Limited,SANGANI.NS,Unspecified,Unscored,No eligible filing under this ticker by the as-of time,,,,,,,,,0,,,2026-09-30,2026-10-02T00:00:00+05:30
2765,Vinsys IT Services India Limited,VINSYS.NS,Unspecified,Unscored,No eligible filing under this ticker by the as-of time,,,,,,,,,0,,,2026-09-30,2026-10-02T00:00:00+05:30
2766,Oriana Power Limited,ORIANA.NS,Unspecified,Unscored,No eligible filing under this ticker by the as-of time,,,,,,,,,0,,,2026-09-30,2026-10-02T00:00:00+05:30
2767,Zeal Global Services Limited,ZEAL.NS,Unspecified,Unscored,No eligible filing under this ticker by the as-of time,,,,,,,,,0,,,2026-09-30,2026-10-02T00:00:00+05:30
2768,Shri Techtex Limited,SHRITECH.NS,Unspecified,Unscored,No eligible filing under this ticker by the as-of time,,,,,,,,,0,,,2026-09-30,2026-10-02T00:00:00+05:30
2769,Yasons Chemex Care Limited,YCCL.NS,Unspecified,Unscored,No eligible filing under this ticker by the as-of time,,,,,,,,,0,,,2026-09-30,2026-10-02T00:00:00+05:30
2770,Service Care Limited,SERVICE.NS,Unspecified,Unscored,No eligible filing under this ticker by the as-of time,,,,,,,,,0,,,2026-09-30,2026-10-02T00:00:00+05:30
2771,Drone Destination Limited,DRONE.NS,Unspecified,Unscored,No eligible filing under this ticker by the as-of time,,,,,,,,,0,,,2026-09-30,2026-10-02T00:00:00+05:30
2772,Tridhya Tech Limited,TRIDHYA.NS,Unspecified,Unscored,No eligible filing under this ticker by the as-of time,,,,,,,,,0,,,2026-09-30,2026-10-02T00:00:00+05:30
2773,Synoptics Technologies Limited,SYNOPTICS.NS,Unspecified,Unscored,No eligible filing under this ticker by the as-of time,,,,,,,,,0,,,2026-09-30,2026-10-02T00:00:00+05:30
2774,Global Pet Industries Limited,GLOBALPET.NS,Unspecified,Unscored,No eligible filing under this ticker by the as-of time,,,,,,,,,0,,,2026-09-30,2026-10-02T00:00:00+05:30
2775,Pentagon Rubber Limited,PENTAGON.NS,Unspecified,Unscored,No eligible filing under this ticker by the as-of time,,,,,,,,,0,,,2026-09-30,2026-10-02T00:00:00+05:30
2776,Greenchef Appliances Limited,GREENCHEF.NS,Unspecified,Unscored,No eligible filing under this ticker by the as-of time,,,,,,,,,0,,,2026-09-30,2026-10-02T00:00:00+05:30
2777,Essen Speciality Films Limited,ESFL.NS,Unspecified,Unscored,No eligible filing under this ticker by the as-of time,,,,,,,,,0,,,2026-09-30,2026-10-02T00:00:00+05:30
2778,Magson Retail And Distribution Limited,MAGSON.NS,Unspecified,Unscored,No eligible filing under this ticker by the as-of time,,,,,,,,,0,,,2026-09-30,2026-10-02T00:00:00+05:30
2779,Vilin Bio Med Limited,VILINBIO.NS,Unspecified,Unscored,No eligible filing under this ticker by the as-of time,,,,,,,,,0,,,2026-09-30,2026-10-02T00:00:00+05:30
2780,Aatmaj Healthcare Limited,AATMAJ.NS,Unspecified,Unscored,No eligible filing under this ticker by the as-of time,,,,,,,,,0,,,2026-09-30,2026-10-02T00:00:00+05:30
2781,Cell Point (India) Limited,CELLPOINT.NS,Unspecified,Unscored,No eligible filing under this ticker by the as-of time,,,,,,,,,0,,,2026-09-30,2026-10-02T00:00:00+05:30
2782,Urban Enviro Waste Management Limited,URBAN.NS,Unspecified,Unscored,No eligible filing under this ticker by the as-of time,,,,,,,,,0,,,2026-09-30,2026-10-02T00:00:00+05:30
2783,Spectrum Talent Management Limited,SPECTSTM.NS,Unspecified,Unscored,No eligible filing under this ticker by the as-of time,,,,,,,,,0,,,2026-09-30,2026-10-02T00:00:00+05:30
2784,Kore Digital Limited,KDL.NS,Unspecified,Unscored,No eligible filing under this ticker by the as-of time,,,,,,,,,0,,,2026-09-30,2026-10-02T00:00:00+05:30
2785,Sahana System Limited,SAHANA.NS,Unspecified,Unscored,No eligible filing under this ticker by the as-of time,,,,,,,,,0,,,2026-09-30,2026-10-02T00:00:00+05:30
2786,Infollion Research Services Limited,INFOLLION.NS,Unspecified,Unscored,No eligible filing under this ticker by the as-of time,,,,,,,,,0,,,2026-09-30,2026-10-02T00:00:00+05:30
2787,Proventus Agrocom Limited,PROV.NS,Unspecified,Unscored,No eligible filing under this ticker by the as-of time,,,,,,,,,0,,,2026-09-30,2026-10-02T00:00:00+05:30
2788,Vasa Denticity Limited,DENTALKART.NS,Unspecified,Unscored,No eligible filing under this ticker by the as-of time,,,,,,,,,0,,,2026-09-30,2026-10-02T00:00:00+05:30
2789,Crayons Advertising Limited,CRAYONS.NS,Unspecified,Unscored,No eligible filing under this ticker by the as-of time,,,,,,,,,0,,,2026-09-30,2026-10-02T00:00:00+05:30
2790,Remus Pharmaceuticals Limited,REMUS.NS,Unspecified,Unscored,No eligible filing under this ticker by the as-of time,,,,,,,,,0,,,2026-09-30,2026-10-02T00:00:00+05:30
2791,Krishca Strapping Solutions Limited,KRISHCA.NS,Unspecified,Unscored,No eligible filing under this ticker by the as-of time,,,,,,,,,0,,,2026-09-30,2026-10-02T00:00:00+05:30
2792,Auro Impex & Chemicals Limited,AUROIMPEX.NS,Unspecified,Unscored,No eligible filing under this ticker by the as-of time,,,,,,,,,0,,,2026-09-30,2026-10-02T00:00:00+05:30
2793,De Neers Tools Limited,DENEERS.NS,Unspecified,Unscored,No eligible filing under this ticker by the as-of time,,,,,,,,,0,,,2026-09-30,2026-10-02T00:00:00+05:30
2794,Quicktouch Technologies Limited,QUICKTOUCH.NS,Unspecified,Unscored,No eligible filing under this ticker by the as-of time,,,,,,,,,0,,,2026-09-30,2026-10-02T00:00:00+05:30
2795,A G Universal Limited,AGUL.NS,Unspecified,Unscored,No eligible filing under this ticker by the as-of time,,,,,,,,,0,,,2026-09-30,2026-10-02T00:00:00+05:30
2796,Pattech Fitwell Tube Components Limited,PATTECH.NS,Unspecified,Unscored,No eligible filing under this ticker by the as-of time,,,,,,,,,0,,,2026-09-30,2026-10-02T00:00:00+05:30
2797,Mos Utility Limited,MOS.NS,Unspecified,Unscored,No eligible filing under this ticker by the as-of time,,,,,,,,,0,,,2026-09-30,2026-10-02T00:00:00+05:30
2798,Infinium Pharmachem Limited,INFINIUM.NS,Unspecified,Unscored,No eligible filing under this ticker by the as-of time,,,,,,,,,0,,,2026-09-30,2026-10-02T00:00:00+05:30
2799,Sotac Pharmaceuticals Limited,SOTAC.NS,Unspecified,Unscored,No eligible filing under this ticker by the as-of time,,,,,,,,,0,,,2026-09-30,2026-10-02T00:00:00+05:30
2800,Nirman Agri Genetics Limited,NIRMAN.NS,Unspecified,Unscored,No eligible filing under this ticker by the as-of time,,,,,,,,,0,,,2026-09-30,2026-10-02T00:00:00+05:30
2801,Quality Foils (India) Limited,QFIL.NS,Unspecified,Unscored,No eligible filing under this ticker by the as-of time,,,,,,,,,0,,,2026-09-30,2026-10-02T00:00:00+05:30
2802,Vels Film International Limited,VELS.NS,Unspecified,Unscored,No eligible filing under this ticker by the as-of time,,,,,,,,,0,,,2026-09-30,2026-10-02T00:00:00+05:30
2803,Mcon Rasayan India Limited,MCON.NS,Unspecified,Unscored,No eligible filing under this ticker by the as-of time,,,,,,,,,0,,,2026-09-30,2026-10-02T00:00:00+05:30
2804,Vertexplus Technologies Limited,VERTEXPLUS.NS,Unspecified,Unscored,No eligible filing under this ticker by the as-of time,,,,,,,,,0,,,2026-09-30,2026-10-02T00:00:00+05:30
2805,Systango Technologies Limited,SYSTANGO.NS,Unspecified,Unscored,No eligible filing under this ticker by the as-of time,,,,,,,,,0,,,2026-09-30,2026-10-02T00:00:00+05:30
2806,Srivasavi Adhesive Tapes Limited,SRIVASAVI.NS,Unspecified,Unscored,No eligible filing under this ticker by the as-of time,,,,,,,,,0,,,2026-09-30,2026-10-02T00:00:00+05:30
2807,Viaz Tyres Limited,VIAZ.NS,Unspecified,Unscored,No eligible filing under this ticker by the as-of time,,,,,,,,,0,,,2026-09-30,2026-10-02T00:00:00+05:30
2808,Agarwal Float Glass India Limited,AGARWALFT.NS,Unspecified,Unscored,No eligible filing under this ticker by the as-of time,,,,,,,,,0,,,2026-09-30,2026-10-02T00:00:00+05:30
2809,Lead Reclaim And Rubber Products Limited,LRRPL.NS,Unspecified,Unscored,No eligible filing under this ticker by the as-of time,,,,,,,,,0,,,2026-09-30,2026-10-02T00:00:00+05:30
2810,Shera Energy Limited,SHERA.NS,Unspecified,Unscored,No eligible filing under this ticker by the as-of time,,,,,,,,,0,,,2026-09-30,2026-10-02T00:00:00+05:30
2811,Gayatri Rubbers And Chemicals Limited,GRCL.NS,Unspecified,Unscored,No eligible filing under this ticker by the as-of time,,,,,,,,,0,,,2026-09-30,2026-10-02T00:00:00+05:30
2812,Aristo Bio-Tech And Lifescience Limited,ARISTO.NS,Unspecified,Unscored,No eligible filing under this ticker by the as-of time,,,,,,,,,0,,,2026-09-30,2026-10-02T00:00:00+05:30
2813,Ducol Organics And Colours Limited,DUCOL.NS,Unspecified,Unscored,No eligible filing under this ticker by the as-of time,,,,,,,,,0,,,2026-09-30,2026-10-02T00:00:00+05:30
2814,Chaman Metallics Limited,CMNL.NS,Unspecified,Unscored,No eligible filing under this ticker by the as-of time,,,,,,,,,0,,,2026-09-30,2026-10-02T00:00:00+05:30
2815,Anlon Technology Solutions Limited,ANLON.NS,Unspecified,Unscored,No eligible filing under this ticker by the as-of time,,,,,,,,,0,,,2026-09-30,2026-10-02T00:00:00+05:30
2816,Rbm Infracon Limited,RBMINFRA.NS,Unspecified,Unscored,No eligible filing under this ticker by the as-of time,,,,,,,,,0,,,2026-09-30,2026-10-02T00:00:00+05:30
2817,Homesfy Realty Limited,HOMESFY.NS,Unspecified,Unscored,No eligible filing under this ticker by the as-of time,,,,,,,,,0,,,2026-09-30,2026-10-02T00:00:00+05:30
2818,Moxsh Overseas Educon Limited,MOXSH.NS,Unspecified,Unscored,No eligible filing under this ticker by the as-of time,,,,,,,,,0,,,2026-09-30,2026-10-02T00:00:00+05:30
2819,Arihant Academy Limited,ARIHANTACA.NS,Unspecified,Unscored,No eligible filing under this ticker by the as-of time,,,,,,,,,0,,,2026-09-30,2026-10-02T00:00:00+05:30
2820,Uma Converter Limited,UMA.NS,Unspecified,Unscored,No eligible filing under this ticker by the as-of time,,,,,,,,,0,,,2026-09-30,2026-10-02T00:00:00+05:30
2822,All E Technologies Limited,ALLETEC.NS,Unspecified,Unscored,No eligible filing under this ticker by the as-of time,,,,,,,,,0,,,2026-09-30,2026-10-02T00:00:00+05:30
2823,Arham Technologies Limited,ARHAM.NS,Unspecified,Unscored,No eligible filing under this ticker by the as-of time,,,,,,,,,0,,,2026-09-30,2026-10-02T00:00:00+05:30
2824,Baheti Recycling Industries Limited,BAHETI.NS,Unspecified,Unscored,No eligible filing under this ticker by the as-of time,,,,,,,,,0,,,2026-09-30,2026-10-02T00:00:00+05:30
2825,Pritika Engineering Components Limited,PRITIKA.NS,Unspecified,Unscored,No eligible filing under this ticker by the as-of time,,,,,,,,,0,,,2026-09-30,2026-10-02T00:00:00+05:30
2826,Amiable Logistics (India) Limited,AMIABLE.NS,Unspecified,Unscored,No eligible filing under this ticker by the as-of time,,,,,,,,,0,,,2026-09-30,2026-10-02T00:00:00+05:30
2827,Integrated Personnel Services Limited,IPSL.NS,Unspecified,Unscored,No eligible filing under this ticker by the as-of time,,,,,,,,,0,,,2026-09-30,2026-10-02T00:00:00+05:30
2828,Rite Zone Chemcon India Limited,RITEZONE.NS,Unspecified,Unscored,No eligible filing under this ticker by the as-of time,,,,,,,,,0,,,2026-09-30,2026-10-02T00:00:00+05:30
2829,Phantom Digital Effects Limited,PHANTOMFX.NS,Unspecified,Unscored,No eligible filing under this ticker by the as-of time,,,,,,,,,0,,,2026-09-30,2026-10-02T00:00:00+05:30
2830,Frog Innovations Limited,FROG.NS,Unspecified,Unscored,No eligible filing under this ticker by the as-of time,,,,,,,,,0,,,2026-09-30,2026-10-02T00:00:00+05:30
2831,Swastik Pipe Limited,SWASTIK.NS,Unspecified,Unscored,No eligible filing under this ticker by the as-of time,,,,,,,,,0,,,2026-09-30,2026-10-02T00:00:00+05:30
2833,Lloyds Luxuries Limited,LLOYDS.NS,Unspecified,Unscored,No eligible filing under this ticker by the as-of time,,,,,,,,,0,,,2026-09-30,2026-10-02T00:00:00+05:30
2834,Cyber Media Research & Services Limited,CMRSL.NS,Unspecified,Unscored,No eligible filing under this ticker by the as-of time,,,,,,,,,0,,,2026-09-30,2026-10-02T00:00:00+05:30
2835,Kandarp Digi Smart BPO Limited,KANDARP.NS,Unspecified,Unscored,No eligible filing under this ticker by the as-of time,,,,,,,,,0,,,2026-09-30,2026-10-02T00:00:00+05:30
2836,Maks Energy Solutions India Limited,MAKS.NS,Unspecified,Unscored,No eligible filing under this ticker by the as-of time,,,,,,,,,0,,,2026-09-30,2026-10-02T00:00:00+05:30
2838,Ishan International Limited,ISHAN.NS,Unspecified,Unscored,No eligible filing under this ticker by the as-of time,,,,,,,,,0,,,2026-09-30,2026-10-02T00:00:00+05:30
2839,Tapi Fruit Processing Limited,TAPIFRUIT.NS,Unspecified,Unscored,No eligible filing under this ticker by the as-of time,,,,,,,,,0,,,2026-09-30,2026-10-02T00:00:00+05:30
2840,Sabar Flex India Limited,SABAR.NS,Unspecified,Unscored,No eligible filing under this ticker by the as-of time,,,,,,,,,0,,,2026-09-30,2026-10-02T00:00:00+05:30
2841,Mega Flex Plastics Limited,MEGAFLEX.NS,Unspecified,Unscored,No eligible filing under this ticker by the as-of time,,,,,,,,,0,,,2026-09-30,2026-10-02T00:00:00+05:30
2843,Jfl Life Sciences Limited,JFLLIFE.NS,Unspecified,Unscored,No eligible filing under this ticker by the as-of time,,,,,,,,,0,,,2026-09-30,2026-10-02T00:00:00+05:30
2844,Ameya Precision Engineers Limited,AMEYA.NS,Unspecified,Unscored,No eligible filing under this ticker by the as-of time,,,,,,,,,0,,,2026-09-30,2026-10-02T00:00:00+05:30
2845,Jay Jalaram Technologies Limited,KORE.NS,Unspecified,Unscored,No eligible filing under this ticker by the as-of time,,,,,,,,,0,,,2026-09-30,2026-10-02T00:00:00+05:30
2846,Veekayem Fashion and Apparels Limited,VEEKAYEM.NS,Unspecified,Unscored,No eligible filing under this ticker by the as-of time,,,,,,,,,0,,,2026-09-30,2026-10-02T00:00:00+05:30
2847,Upsurge Seeds Of Agriculture Limited,USASEEDS.NS,Unspecified,Unscored,No eligible filing under this ticker by the as-of time,,,,,,,,,0,,,2026-09-30,2026-10-02T00:00:00+05:30
2848,Agni Green Power Limited,AGNI.NS,Unspecified,Unscored,No eligible filing under this ticker by the as-of time,,,,,,,,,0,,,2026-09-30,2026-10-02T00:00:00+05:30
2849,SKP Bearing Industries Limited,SKP.NS,Unspecified,Unscored,No eligible filing under this ticker by the as-of time,,,,,,,,,0,,,2026-09-30,2026-10-02T00:00:00+05:30
2850,Kck Industries Limited,KCK.NS,Unspecified,Unscored,No eligible filing under this ticker by the as-of time,,,,,,,,,0,,,2026-09-30,2026-10-02T00:00:00+05:30
2851,Rachana Infrastructure Limited,RILINFRA.NS,Unspecified,Unscored,No eligible filing under this ticker by the as-of time,,,,,,,,,0,,,2026-09-30,2026-10-02T00:00:00+05:30
2852,Fidel Softech Limited,FIDEL.NS,Unspecified,Unscored,No eligible filing under this ticker by the as-of time,,,,,,,,,0,,,2026-09-30,2026-10-02T00:00:00+05:30
2853,Globesecure Technologies Limited,GSTL.NS,Unspecified,Unscored,No eligible filing under this ticker by the as-of time,,,,,,,,,0,,,2026-09-30,2026-10-02T00:00:00+05:30
2854,Sonu Infratech Limited,SONUINFRA.NS,Unspecified,Unscored,No eligible filing under this ticker by the as-of time,,,,,,,,,0,,,2026-09-30,2026-10-02T00:00:00+05:30
2855,P. E. Analytics Limited,PROPEQUITY.NS,Unspecified,Unscored,No eligible filing under this ticker by the as-of time,,,,,,,,,0,,,2026-09-30,2026-10-02T00:00:00+05:30
2857,Cool Caps Industries Limited,COOLCAPS.NS,Unspecified,Unscored,No eligible filing under this ticker by the as-of time,,,,,,,,,0,,,2026-09-30,2026-10-02T00:00:00+05:30
2858,Sp Refractories Limited,SPRL.NS,Unspecified,Unscored,No eligible filing under this ticker by the as-of time,,,,,,,,,0,,,2026-09-30,2026-10-02T00:00:00+05:30
2859,Shigan Quantum Technologies Limited,SHIGAN.NS,Unspecified,Unscored,No eligible filing under this ticker by the as-of time,,,,,,,,,0,,,2026-09-30,2026-10-02T00:00:00+05:30
2860,Vaidya Sane Ayurved Laboratories Limited,MADHAVBAUG.NS,Unspecified,Unscored,No eligible filing under this ticker by the as-of time,,,,,,,,,0,,,2026-09-30,2026-10-02T00:00:00+05:30
2861,Richa Info Systems Limited,RICHA.NS,Unspecified,Unscored,No eligible filing under this ticker by the as-of time,,,,,,,,,0,,,2026-09-30,2026-10-02T00:00:00+05:30
2862,Precision Metaliks Limited,PRECISION.NS,Unspecified,Unscored,No eligible filing under this ticker by the as-of time,,,,,,,,,0,,,2026-09-30,2026-10-02T00:00:00+05:30
2863,Timescan Logistics (India) Limited,TIMESCAN.NS,Unspecified,Unscored,No eligible filing under this ticker by the as-of time,,,,,,,,,0,,,2026-09-30,2026-10-02T00:00:00+05:30
2864,Vivo Collaboration Solutions Limited,VIVO.NS,Unspecified,Unscored,No eligible filing under this ticker by the as-of time,,,,,,,,,0,,,2026-09-30,2026-10-02T00:00:00+05:30
2865,Foce India Limited,FOCE.NS,Unspecified,Unscored,No eligible filing under this ticker by the as-of time,,,,,,,,,0,,,2026-09-30,2026-10-02T00:00:00+05:30
2866,Nidan Laboratories and Healthcare Limited,NIDAN.NS,Unspecified,Unscored,No eligible filing under this ticker by the as-of time,,,,,,,,,0,,,2026-09-30,2026-10-02T00:00:00+05:30
2867,D.K. Enterprises Global Limited,DKEGL.NS,Unspecified,Unscored,No eligible filing under this ticker by the as-of time,,,,,,,,,0,,,2026-09-30,2026-10-02T00:00:00+05:30
2868,Destiny Logistics & Infra Limited,DESTINY.NS,Unspecified,Unscored,No eligible filing under this ticker by the as-of time,,,,,,,,,0,,,2026-09-30,2026-10-02T00:00:00+05:30
2869,Dynamic Services & Security Limited,DYNAMIC.NS,Unspecified,Unscored,No eligible filing under this ticker by the as-of time,,,,,,,,,0,,,2026-09-30,2026-10-02T00:00:00+05:30
2870,Bombay Metrics Supply Chain Limited,BMETRICS.NS,Unspecified,Unscored,No eligible filing under this ticker by the as-of time,,,,,,,,,0,,,2026-09-30,2026-10-02T00:00:00+05:30
2871,Jainam Ferro Alloys (I) Limited,JAINAM.NS,Unspecified,Unscored,No eligible filing under this ticker by the as-of time,,,,,,,,,0,,,2026-09-30,2026-10-02T00:00:00+05:30
2872,Quadpro Ites Limited,QUADPRO.NS,Unspecified,Unscored,No eligible filing under this ticker by the as-of time,,,,,,,,,0,,,2026-09-30,2026-10-02T00:00:00+05:30
2873,BEW Engineering Limited,BEWLTD.NS,Unspecified,Unscored,No eligible filing under this ticker by the as-of time,,,,,,,,,0,,,2026-09-30,2026-10-02T00:00:00+05:30
2874,DUDIGITAL GLOBAL LIMITED,DUGLOBAL.NS,Unspecified,Unscored,No eligible filing under this ticker by the as-of time,,,,,,,,,0,,,2026-09-30,2026-10-02T00:00:00+05:30
2875,Rex Pipes And Cables Industries Limited,REXPIPES.NS,Unspecified,Unscored,No eligible filing under this ticker by the as-of time,,,,,,,,,0,,,2026-09-30,2026-10-02T00:00:00+05:30
2876,Walpar Nutritions Limited,WALPAR.NS,Unspecified,Unscored,No eligible filing under this ticker by the as-of time,,,,,,,,,0,,,2026-09-30,2026-10-02T00:00:00+05:30
2877,Abhishek Integrations Limited,AILIMITED.NS,Unspecified,Unscored,No eligible filing under this ticker by the as-of time,,,,,,,,,0,,,2026-09-30,2026-10-02T00:00:00+05:30
2878,V Marc India Limited,VMARCIND.NS,Unspecified,Unscored,No eligible filing under this ticker by the as-of time,,,,,,,,,0,,,2026-09-30,2026-10-02T00:00:00+05:30
2879,Siddhika Coatings Limited,SIDDHIKA.NS,Unspecified,Unscored,No eligible filing under this ticker by the as-of time,,,,,,,,,0,,,2026-09-30,2026-10-02T00:00:00+05:30
2880,Party Cruisers Limited,PARTYCRUS.NS,Unspecified,Unscored,No eligible filing under this ticker by the as-of time,,,,,,,,,0,,,2026-09-30,2026-10-02T00:00:00+05:30
2881,Ascom Leasing & Investments Limited,ASCOM.NS,Unspecified,Unscored,No eligible filing under this ticker by the as-of time,,,,,,,,,0,,,2026-09-30,2026-10-02T00:00:00+05:30
2882,Goldkart Jewels Limited,GOLDKART.NS,Unspecified,Unscored,No eligible filing under this ticker by the as-of time,,,,,,,,,0,,,2026-09-30,2026-10-02T00:00:00+05:30
2883,Khfm Hospitality And Facility Management Services Limited,KHFM.NS,Unspecified,Unscored,No eligible filing under this ticker by the as-of time,,,,,,,,,0,,,2026-09-30,2026-10-02T00:00:00+05:30
2884,Mindpool Technologies Limited,MINDPOOL.NS,Unspecified,Unscored,No eligible filing under this ticker by the as-of time,,,,,,,,,0,,,2026-09-30,2026-10-02T00:00:00+05:30
2885,Surani Steel Tubes Limited,SURANI.NS,Unspecified,Unscored,No eligible filing under this ticker by the as-of time,,,,,,,,,0,,,2026-09-30,2026-10-02T00:00:00+05:30
2886,DRS Dilip Roadlines Limited,DRSDILIP.NS,Unspecified,Unscored,No eligible filing under this ticker by the as-of time,,,,,,,,,0,,,2026-09-30,2026-10-02T00:00:00+05:30
2887,Shubhlaxmi Jewel Art Limited,SHUBHLAXMI.NS,Unspecified,Unscored,No eligible filing under this ticker by the as-of time,,,,,,,,,0,,,2026-09-30,2026-10-02T00:00:00+05:30
2888,Ultra Wiring Connectivity System Limited,UWCSL.NS,Unspecified,Unscored,No eligible filing under this ticker by the as-of time,,,,,,,,,0,,,2026-09-30,2026-10-02T00:00:00+05:30
2889,Parin Enterprises Limited,PARIN.NS,Unspecified,Unscored,No eligible filing under this ticker by the as-of time,,,,,,,,,0,,,2026-09-30,2026-10-02T00:00:00+05:30
2890,Ushanti Colour Chem Limited,UCL.NS,Unspecified,Unscored,No eligible filing under this ticker by the as-of time,,,,,,,,,0,,,2026-09-30,2026-10-02T00:00:00+05:30
2891,AMBANI ORGOCHEM LIMITED,AMBANIORGO.NS,Unspecified,Unscored,No eligible filing under this ticker by the as-of time,,,,,,,,,0,,,2026-09-30,2026-10-02T00:00:00+05:30
2892,JAKHARIA FABRIC LIMITED,JAKHARIA.NS,Unspecified,Unscored,No eligible filing under this ticker by the as-of time,,,,,,,,,0,,,2026-09-30,2026-10-02T00:00:00+05:30
2893,Mahickra Chemicals Limited,MAHICKRA.NS,Unspecified,Unscored,No eligible filing under this ticker by the as-of time,,,,,,,,,0,,,2026-09-30,2026-10-02T00:00:00+05:30
2894,Vera Synthetic Limited,VERA.NS,Unspecified,Unscored,No eligible filing under this ticker by the as-of time,,,,,,,,,0,,,2026-09-30,2026-10-02T00:00:00+05:30
2895,Continental Seeds and Chemicals Limited,CONTI.NS,Unspecified,Unscored,No eligible filing under this ticker by the as-of time,,,,,,,,,0,,,2026-09-30,2026-10-02T00:00:00+05:30
2896,Giriraj Civil Developers Limited,GIRIRAJ.NS,Unspecified,Unscored,No eligible filing under this ticker by the as-of time,,,,,,,,,0,,,2026-09-30,2026-10-02T00:00:00+05:30
2897,Marvel Decor Limited,MDL.NS,Unspecified,Unscored,No eligible filing under this ticker by the as-of time,,,,,,,,,0,,,2026-09-30,2026-10-02T00:00:00+05:30
2898,Mohini Health & Hygiene Limited,MHHL.NS,Unspecified,Unscored,No eligible filing under this ticker by the as-of time,,,,,,,,,0,,,2026-09-30,2026-10-02T00:00:00+05:30
2899,PARAMPARA DAIRY DELIGHTS LIMITED,PARAMPARA.NS,Unspecified,Unscored,No eligible filing under this ticker by the as-of time,,,,,,,,,0,,,2026-09-30,2026-10-02T00:00:00+05:30
2900,Vasa Retail and Overseas Ltd,VASA.NS,Unspecified,Unscored,No eligible filing under this ticker by the as-of time,,,,,,,,,0,,,2026-09-30,2026-10-02T00:00:00+05:30
2901,SMVD Poly Pack Limited,SMVD.NS,Unspecified,Unscored,No eligible filing under this ticker by the as-of time,,,,,,,,,0,,,2026-09-30,2026-10-02T00:00:00+05:30
2902,Felix Industries Limited,FELIX.NS,Unspecified,Unscored,No eligible filing under this ticker by the as-of time,,,,,,,,,0,,,2026-09-30,2026-10-02T00:00:00+05:30
2903,Pulz Electronics Limited,PULZ.NS,Unspecified,Unscored,No eligible filing under this ticker by the as-of time,,,,,,,,,0,,,2026-09-30,2026-10-02T00:00:00+05:30
2904,ANI Integrated Services Limited,AISL.NS,Unspecified,Unscored,No eligible filing under this ticker by the as-of time,,,,,,,,,0,,,2026-09-30,2026-10-02T00:00:00+05:30
2905,Milton Industries Limited,MILTON.NS,Unspecified,Unscored,No eligible filing under this ticker by the as-of time,,,,,,,,,0,,,2026-09-30,2026-10-02T00:00:00+05:30
2906,Omfurn India Limited,OMFURN.NS,Unspecified,Unscored,No eligible filing under this ticker by the as-of time,,,,,,,,,0,,,2026-09-30,2026-10-02T00:00:00+05:30
2907,Goldstar Power Limited,GOLDSTAR.NS,Unspecified,Unscored,No eligible filing under this ticker by the as-of time,,,,,,,,,0,,,2026-09-30,2026-10-02T00:00:00+05:30
2908,Shree Tirupati Balajee FIBC Limited,TIRUPATI.NS,Unspecified,Unscored,No eligible filing under this ticker by the as-of time,,,,,,,,,0,,,2026-09-30,2026-10-02T00:00:00+05:30
2909,Cadsys (India) Limited,CADSYS.NS,Unspecified,Unscored,No eligible filing under this ticker by the as-of time,,,,,,,,,0,,,2026-09-30,2026-10-02T00:00:00+05:30
2910,Madhya Pradesh Today Media Limited,MPTODAY.NS,Unspecified,Unscored,No eligible filing under this ticker by the as-of time,,,,,,,,,0,,,2026-09-30,2026-10-02T00:00:00+05:30
2911,Manav Infra Projects Limited,MANAV.NS,Unspecified,Unscored,No eligible filing under this ticker by the as-of time,,,,,,,,,0,,,2026-09-30,2026-10-02T00:00:00+05:30
2912,Transwind Infrastructures Limited,TRANSWIND.NS,Unspecified,Unscored,No eligible filing under this ticker by the as-of time,,,,,,,,,0,,,2026-09-30,2026-10-02T00:00:00+05:30
2913,Accord Synergy Limited,ACCORD.NS,Unspecified,Unscored,No eligible filing under this ticker by the as-of time,,,,,,,,,0,,,2026-09-30,2026-10-02T00:00:00+05:30
2914,Vadivarhe Speciality Chemicals Limited,VSCL.NS,Unspecified,Unscored,No eligible filing under this ticker by the as-of time,,,,,,,,,0,,,2026-09-30,2026-10-02T00:00:00+05:30
2915,Jalan Transolutions (India) Limited,JALAN.NS,Unspecified,Unscored,No eligible filing under this ticker by the as-of time,,,,,,,,,0,,,2026-09-30,2026-10-02T00:00:00+05:30
2916,AVATAR Industries Limited,AVATAR.NS,Unspecified,Unscored,No eligible filing under this ticker by the as-of time,,,,,,,,,0,,,2026-09-30,2026-10-02T00:00:00+05:30
2917,Prolife Industries Limited,PROLIFE.NS,Unspecified,Unscored,No eligible filing under this ticker by the as-of time,,,,,,,,,0,,,2026-09-30,2026-10-02T00:00:00+05:30
2918,Dhanuka Infra Realty Limited,DIRL.NS,Unspecified,Unscored,No eligible filing under this ticker by the as-of time,,,,,,,,,0,,,2026-09-30,2026-10-02T00:00:00+05:30
2919,Alcokraft Distilleries Limited,ALCODIS.NS,Unspecified,Unscored,No eligible filing under this ticker by the as-of time,,,,,,,,,0,,,2026-09-30,2026-10-02T00:00:00+05:30
2920,Gretex Industries Limited,GRETEX.NS,Unspecified,Unscored,No eligible filing under this ticker by the as-of time,,,,,,,,,0,,,2026-09-30,2026-10-02T00:00:00+05:30
2921,Jet Knitwears Limited,JETKNIT.NS,Unspecified,Unscored,No eligible filing under this ticker by the as-of time,,,,,,,,,0,,,2026-09-30,2026-10-02T00:00:00+05:30
2922,AVSL Industries Limited,AVSL.NS,Unspecified,Unscored,No eligible filing under this ticker by the as-of time,,,,,,,,,0,,,2026-09-30,2026-10-02T00:00:00+05:30
2923,KKV Agro Powers Limited,KKVAPOW.NS,Unspecified,Unscored,No eligible filing under this ticker by the as-of time,,,,,,,,,0,,,2026-09-30,2026-10-02T00:00:00+05:30
2924,Ahimsa Industries Limited,AHIMSA.NS,Unspecified,Unscored,No eligible filing under this ticker by the as-of time,,,,,,,,,0,,,2026-09-30,2026-10-02T00:00:00+05:30
2925,Shaival Reality Limited,SHAIVAL.NS,Unspecified,Unscored,No eligible filing under this ticker by the as-of time,,,,,,,,,0,,,2026-09-30,2026-10-02T00:00:00+05:30
2926,Emkay Taps and Cutting Tools Limited,EMKAYTOOLS.NS,Unspecified,Unscored,No eligible filing under this ticker by the as-of time,,,,,,,,,0,,,2026-09-30,2026-10-02T00:00:00+05:30
